Title,Category,Sub-Category,Skills,Rating,Number of viewers,Site,Level,Price
Machine Learning Specialization,Data Science,Machine Learning,"Decision Trees, Artificial Neural Network, Logistic Regression, Recommender Systems, Linear Regression, Regularization to Avoid Overfitting, Gradient Descent, Supervised Learning, Logistic Regression for Classification, Xgboost, Tensorflow, Tree Ensembles,",4.9,10438.0,Coursera,,
Introduction to Data Science Specialization,Data Science,Data Analysis,"Data Science, Relational Database Management System (RDBMS), Cloud Databases, Python Programming, SQL, Deep Learning, Machine Learning, Big Data, Data Mining, Github, Jupyter notebooks, Rstudio,",4.7,11927.0,Coursera,,
Data Science Fundamentals with Python and SQL Specialization,Data Science,Data Analysis,"Data Science, Github, Python Programming, Jupyter notebooks, Rstudio, Data Analysis, Pandas, Numpy, Probability And Statistics, Regression Analysis, Data Visualization (DataViz), Statistical Hypothesis Testing,",4.6,2295.0,Coursera,,
Key Technologies for Business Specialization,Business,Business Essentials,"Data Science, Artificial Intelligence (AI), Business, Cloud Computing, technology, Cloud Native, Devops, Iaas PaaS Saas, Hybrid Multicloud, Deep Learning, Jobs, Machine Learning,",4.7,1232.0,Coursera,,
Deep Learning Specialization,Data Science,Machine Learning,"Artificial Neural Network, Convolutional Neural Network, Tensorflow, Recurrent Neural Network, Transformers, Deep Learning, Backpropagation, Python Programming, Neural Network Architecture, Mathematical Optimization, hyperparameter tuning, Inductive Transfer,",4.9,129253.0,Coursera,,
IBM & Darden Digital Strategy Specialization,Data Science,Machine Learning,"Data Science, Digital transformation, Artificial Intelligence (AI), Business Strategy, Cloud Computing, Deep Learning, Jobs, Machine Learning, strategy, Swot Analysis, Value Proposition, Competitiveness,",4.8,262.0,Coursera,,
IBM AI Foundations for Business Specialization,Data Science,Machine Learning,"Data Science, Artificial Intelligence (AI), Information Technology (IT) Architecture, Data Architecture, Leadership, Deep Learning, Jobs, Machine Learning, Big Data, Data Mining, Management, Analytics,",4.7,1076.0,Coursera,,
Data Analysis and Visualization Foundations Specialization,Data Science,Data Analysis,"Data Science, Spreadsheet, Microsoft Excel, Data Analysis, Data Visualization (DataViz), Pivot Table, IBM Cognos Analytics, Dashboard,",4.8,2171.0,Coursera,,
Applied Data Science Specialization,Data Science,Machine Learning,"Data Science, Python Programming, Data Analysis, Pandas, Numpy, Jupyter notebooks, Predictive Modelling, Data Visualization (DataViz), Model Selection, Dashboards and Charts, dash, Matplotlib,",4.6,7175.0,Coursera,,
Data Engineering Foundations Specialization,Information Technology,Data Management,"Information Engineering, Python Programming, Extraction, Transformation And Loading (ETL), Relational Database Management System (RDBMS), SQL, Data Science, Database (DBMS), NoSQL, Data Analysis, Pandas, Numpy, Jupyter notebooks,",4.7,922.0,Coursera,,
IT Fundamentals for Cybersecurity Specialization,Information Technology,Security,"Operating System Security, database vulnerabilities, Cybersecurity, networking basics, Cyber Attacks, Information Security (INFOSEC), IBM New Collar, Malware, Network Security, Sql Injection,",4.6,4996.0,Coursera,,
Applied Software Engineering Fundamentals Specialization,Computer Science,Software Development,"Linux, Software Design and Architecture, Python Programming, Git and GitHub, Software Development Lifecycle (SDLC), Basic programming concepts, Careers in software engineering, Programming languages and frameworks, The Software Development Lifecycle (SDLC), Software Architecture, Shell Script, Bash (Unix Shell),",4.7,201.0,Coursera,,
"DevOps, Cloud, and Agile Foundations Specialization",Computer Science,Design and Product,"Cloud Native, Devops, Scrum, Cloud Computing, agile, Test-Driven Development, CI/CD, Behavior-Driven Development, Iaas PaaS Saas, Hybrid Multicloud, Agile Software Development, Scrum Methodology,",4.8,625.0,Coursera,,
Cloud Application Development Foundations Specialization,Information Technology,Cloud Computing,"Devops, Python Programming, Node.Js, HTML and CSS, Cloud Applications, Cloud Native, Iaas PaaS Saas, Hybrid Multicloud, Cloud Computing, Cascading Style Sheets (CSS), HTML, Git (Software),",4.5,342.0,Coursera,,
Python for Everybody Specialization,Computer Science,Software Development,"Json, Xml, Python Programming, Database (DBMS), Python Syntax And Semantics, Basic Programming Language, Computer Programming, Data Structure, Tuple, Web Scraping, Sqlite, SQL,",4.8,202757.0,Coursera,,
Information Technology (IT) and Cloud Fundamentals Specialization,Information Technology,Cloud Computing,"IT Fundamentals, Cybersecurity, Cloud, Networking, hardware, Technical Support, IT Service Management (ITSM), Troubleshooting, IT Career, Software Development Process, database management, Software Application Development,",4.8,278.0,Coursera,,
"BI Foundations with SQL, ETL and Data Warehousing Specialization",Information Technology,Data Management,"Shell Script, Bash (Unix Shell), Linux, Cloud Databases, Python Programming, Jupyter notebooks, Relational Database Management System (RDBMS), SQL, Extraction, Transformation And Loading (ETL), Apache Kafka, Apache Airflow, Data Pipelines,",4.6,210.0,Coursera,,
Natural Language Processing Specialization,Data Science,Machine Learning,"Word2vec, Machine Translation, Sentiment Analysis, Transformers, Attention Models, Word Embeddings, Locality-Sensitive Hashing, Vector Space Models, Parts-of-Speech Tagging, N-gram Language Models, Autocorrect, Word Embedding,",4.6,4787.0,Coursera,,
Business Foundations Specialization,Business,Business Essentials,"Positioning (Marketing), Marketing, Marketing Strategy, Customer Satisfaction, Financial Accounting, Accounting, Financial Statement, Balance Sheet, Decision-Making, Change Management, Human Resources (HR), Discounted Cash Flow,",4.7,17404.0,Coursera,,
Meta React Native Specialization,Computer Science,Mobile and Web Development,"Web Development, React (Web Framework), HTML and CSS, Mobile Development, JavaScript, Test-Driven Development, Front-End Web Development, Object-Oriented Programming (OOP), Linux, Bash (Unix Shell), Github, Version Control,",4.8,564.0,Coursera,,
Mathematics for Machine Learning and Data Science Specialization,Computer Science,Algorithms,"Bayesian Statistics, Machine Learning, Mathematics, Probability, Linear Regression, Linear Equation, Eigenvalues And Eigenvectors, Linear Algebra, Determinants, Calculus, Mathematical Optimization, Gradient Descent,",4.5,369.0,Coursera,,
Introduction to Finance and Accounting Specialization,Business,Finance,"Corporate Finance, Financial Accounting, Financial Statement, Accounting, Decision-Making, Discounted Cash Flow, Cash Flow Analysis, Balance Sheet, Generally Accepted Accounting Principles, Accounting Terminology,",4.4,1753.0,Coursera,,
AI Foundations for Everyone Specialization,Data Science,Data Analysis,"Data Science, Deep Learning, Artificial Intelligence (AI), Machine Learning, Watson (Computer), Jobs, Application Programming Interfaces (API), watson,",4.7,2218.0,Coursera,,
Finance & Quantitative Modeling for Analysts Specialization,Business,Finance,"Financial Modeling, Corporate Finance, Microsoft Excel, Modeling, Linear Regression, Probabilistic Models, Regression Analysis, Monte Carlo Method, Linear Programming (LP), Solver, Discounted Cash Flow, Decision-Making,",4.5,2412.0,Coursera,,
Machine Learning Engineering for Production (MLOps) Specialization,Data Science,Machine Learning,"Managing Machine Learning Production Systems, Deployment Pipelines, Model Pipelines, Data Pipelines, Machine Learning Engineering for Production, Human-level Performance (HLP), Concept Drift, Model baseline, Project Scoping and Design, ML Deployment Challenges, ML Metadata, Convolutional Neural Network,",4.7,2780.0,Coursera,,
Business and Financial Modeling Specialization,Business,Business Essentials,"Financial Modeling, Microsoft Excel, Simulation, Linear Programming (LP), Modeling, Linear Regression, Probabilistic Models, Regression Analysis, Monte Carlo Method, Solver, Risk, Cash Flow,",4.5,7555.0,Coursera,,
Business Analytics Specialization,Data Science,Data Analysis,"Customer Analytics, Analytics, Business Analytics, Decision Tree, Predictive Analytics, Regression Analysis, Marketing Performance Measurement And Management, Simulation, Mathematical Optimization, Solver, Talent Management, Performance Management,",4.6,15725.0,Coursera,,
Excel Skills for Business Specialization,Business,Business Essentials,"Data Validation, Microsoft Excel, Microsoft Excel Macro, Pivot Table, Graphs, Spreadsheet, Chart, Concatenation, Consolization, Pivot Chart, Lookup Table, Microsoft Excel Vba,",4.9,42571.0,Coursera,,
Learn SQL Basics for Data Science Specialization,Data Science,Data Analysis,"Data Analysis, Apache Spark, Delta Lake, SQL, Data Science, Sqlite, A/B Testing, Query String, Predictive Analytics, Presentation Skills, creating metrics, Exploratory Data Analysis,",4.5,8649.0,Coursera,,
The Materiality of ESG Factors Specialization,Business,Finance,"ESG, Investment, Climate Change, Finance, social activism,",4.7,643.0,Coursera,,
AI For Business Specialization,Business,Leadership and Management,"Artificial Intelligence (AI), Machine Learning, Management, Analytics, Fraud Prevention,",4.7,169.0,Coursera,,
Digital Product Management Specialization,Computer Science,Design and Product,"hypothesis-driven development, Product Management, Design Thinking, agile, Lean Startup, Product/Market Fit, Innovation Pipeline, agile user stories, User Experience Design (UXD), Agile Software Development, Software Development, Usability Testing,",4.8,2681.0,Coursera,,
Leading the Modern Day Business Specialization,Business,Leadership and Management,"Marketing, Business Strategy, Leadership And Management, Storytelling, Innovation, Technology Disruption, Digital Trends, Competitive Lifecycle, Digital Strategy, Strategic Management, Strategic Thinking, Design Thinking,",4.7,2699.0,Coursera,,
Graphic Design Specialization,Arts and Humanities,Music and Art,"Visual Communication, Branding Communication, Graphic Design, Art History, Typography, Creativity, Graphics, Design Theory, Color Theory, Adobe Illustrator, History, Adobe Indesign,",4.7,15224.0,Coursera,,
Security Analyst Fundamentals Specialization,Information Technology,Security,"threat intelligence, Digital Forensics, Data Breach, cybersecurity analyst, Computer Security Incident Management, scripting, forensics, Penetration Test, Cybersecurity, Application Security, network defensive tactics, security analyst,",4.8,749.0,Coursera,,
Improve Your English Communication Skills Specialization,Language Learning,Learning English,"Professional, Email Writing, Presentation, Writing, Communication, Stress, Public Speaking, Speech,",4.8,15297.0,Coursera,,
Entrepreneurship Specialization,Business,Entrepreneurship,"Growth Strategies, Exit Strategy, Finance, Entrepreneurship, Discovery-Driven Planning, Elevator Pitch, Planning, Brand Management, Choosing Advisors, Brand, Strategic Management, Marketing,",4.8,4764.0,Coursera,,
Foundations of Positive Psychology  Specialization,Business,Business Essentials,"Gratitude, goal setting, Research Methodology, Resilience, Character Strengths And Virtues, Positive Education, Positive Psychology, Savoring, Plan, Communication, Mindfulness, Flourishing,",4.8,6479.0,Coursera,,
Data Science Specialization,Data Science,Data Analysis,"Github, Machine Learning, R Programming, Regression Analysis, Data Science, Rstudio, Data Analysis, Debugging, Data Manipulation, Regular Expression (REGEX), Data Cleansing, Cluster Analysis,",4.5,38510.0,Coursera,,
Supply Chain Management Specialization,Business,Business Essentials,"Forecasting, Logistics, Supply Chain, Lean Six Sigma, Supply Chain Risk Management, Warehouse Management, Logistics Planning, Inventory, Six Sigma, Microsoft Excel, Planning, Demand Forecasting,",4.8,11037.0,Coursera,,
Fintech: Foundations & Applications of Financial Technology Specialization,Business,Business Essentials,"Investment Management, Cryptocurrency, regulation, Blockchain,",4.6,3316.0,Coursera,,
Microsoft 365 Fundamentals Specialization,Business,Business Essentials,"Create and maintain professional looking documents, Create and edit a workbook with multiple sheets, Represent data visually, Create and manage presentations, Describe the apps and services available in a Microsoft 365 subscription, Documents, Microsoft Word, Microsoft Excel, Chart, Worksheet, Microsoft PowerPoint, Presentation,",4.7,1123.0,Coursera,,
Search Engine Optimization (SEO) Specialization,Business,Marketing,"Search Algorithm, Search Engine Optimization (SEO), Mathematical Optimization, Semantics, Social Media, Keyword Research, Marketing, Content Marketing, Social Media Marketing,",4.7,10289.0,Coursera,,
AI Product Management Specialization,Data Science,Machine Learning,"Data Science, Artificial Intelligence (AI), Machine Learning, Predictive Analytics, Modeling, Artificial Neural Network, Project Management, Privacy, Design Thinking, Ethics,",4.7,165.0,Coursera,,
Introduction to Programming with Python and Java Specialization,Computer Science,Software Development,"Programming Principles, Python Programming, Java Programming, Data Structure, Computer Programming, Python Tools, Python Syntax And Semantics, Data Science, Python Libraries, Data Analysis, Data Visualization (DataViz), Java Tools,",4.4,960.0,Coursera,,
Construction Management Specialization,Business,Leadership and Management,"Schedule, Cost Estimate, Cost Control, Finance, Real Estate finance, Project Management, Construction Management, Work Breakdown Structure, Project Planning, Linear Scheduling Method, Program Evaluation And Review Technique (PERT), Critical Path Method,",4.8,6900.0,Coursera,,
IBM Introduction to Machine Learning Specialization,Data Science,Data Analysis,"Machine Learning Regression, Machine Learning Classification, Machine Learning, Unsupervised Learning, Exploratory Data Analysis, Artificial Intelligence (AI), Feature Engineering, Statistical Hypothesis Testing, Regression Analysis, Supervised Learning, Linear Regression, Ridge Regression,",4.7,251.0,Coursera,,
Data Analysis and Presentation Skills: the PwC Approach Specialization,Business,Business Essentials,"Data Analysis, Microsoft Excel, Data Visualization (DataViz), Presentation, Data-Informed Decision-Making, Big Data, Pivot Table, Data Cleansing, Dashboard (Business), Data Virtualization, Communication, Presentation Design,",4.7,9541.0,Coursera,,
AWS Fundamentals Specialization,Information Technology,Cloud Computing,"AWS Identity and Access Management, Networking on AWS, AWS Management Console, Cloud Computing, aws security, aws, Information Privacy, Cloud Management, security, Cloud Applications, AWS Lambda, Amazon Lex,",4.6,10966.0,Coursera,,
Data Science: Foundations using R Specialization,Data Science,Data Analysis,"Data Science, Machine Learning, Github, R Programming, Exploratory Data Analysis, Rstudio, Data Analysis, Debugging, Data Manipulation, Regular Expression (REGEX), Data Cleansing, Cluster Analysis,",4.6,5839.0,Coursera,,
Python 3 Programming Specialization,Computer Science,Software Development,"Json, Computer Programming, Python Programming, Sorting,",4.7,15871.0,Coursera,,
Reinforcement Learning Specialization,Data Science,Machine Learning,"Artificial Intelligence (AI), Machine Learning, Reinforcement Learning, Function Approximation, Intelligent Systems,",4.8,2965.0,Coursera,,
Accelerated Computer Science Fundamentals Specialization,Computer Science,Algorithms,"Run-time Analysis, Algorithms, Hash Table, Trees (Data Structures), Object-Oriented Programming (OOP),",4.7,2340.0,Coursera,,
Digital Marketing Specialization,Business,Marketing,"Digital Marketing, Marketing, Pricing Strategies, Marketing Mix, Product Strategies, Data Collection, Analytics, Data Analysis, Data Visualization (DataViz), Marketing Analytics, Marketing Performance, Marketing Channel,",4.6,16501.0,Coursera,,
DevOps on AWS Specialization,Computer Science,Software Development,"Continuous Integration, Devops, Monitoring and Logging, Continuous Delivery, Microservices, AWS Identity and Access Management, Networking on AWS, AWS Management Console, Cloud Computing, aws security, Test Automation, AWS cloud,",4.7,811.0,Coursera,,
Generative Adversarial Networks (GANs) Specialization,Data Science,Machine Learning,"Generator, Image-to-Image Translation, glossary of computer graphics, Discriminator, Generative Adversarial Networks, Controllable Generation, WGANs, Conditional Generation, Components of GANs, DCGANs, Bias in GANs, StyleGANs,",4.7,1902.0,Coursera,,
Data Visualization with Tableau Specialization,Data Science,Data Analysis,"Storyboarding, Map, Tableau Software, Data Visualization (DataViz), Data Virtualization, Visualization (Computer Graphics), Data Analysis, Visual Analytics, Interactive Visualization,",4.5,6556.0,Coursera,,
Certified in Cybersecurity Specialization,Information Technology,Security,"Cybersecurity, Network Security, security principles, Risk, Information Assurance, security, governance, Computer Security Incident Management, Business Continuity, Disaster Recovery, Logical Controls, administrative controls,",4.6,114.0,Coursera,,
Business Strategy Specialization,Business,Business Strategy,"Strategic Analysis, Strategic Management, Strategic Thinking, Business Strategy, Capabilities Analysis, Competitive Position, Industry Structure, business competition, Mergers And Acquisitions (M&A), innovation strategy, growth strategy, Strategy Implementation,",4.8,2524.0,Coursera,,
Applied Data Science with Python Specialization,Data Science,Data Analysis,"Text Mining, Python Programming, Pandas, Matplotlib, Numpy, Data Cleansing, Data Virtualization, Data Visualization (DataViz), Machine Learning (ML) Algorithms, Machine Learning, Scikit-Learn, Natural Language Toolkit (NLTK),",4.5,25522.0,Coursera,,
Human Resource Management: HR for People Managers Specialization,Business,Business Strategy,"Performance Management, interviewing, Human Resources (HR), Onboarding, managing people, Resource Management, Hr Strategy, Recruiting, Recruitment, Performance Appraisal, Organizational Culture, Incentive,",4.8,10827.0,Coursera,,
Achieving Personal and Professional Success Specialization,Personal Development,Personal Development,"goal setting, Happiness, Personality Development, Personal Development, Communication, Negotiation, Deception,",4.7,2296.0,Coursera,,
Regulatory Compliance Specialization,Business,Business Essentials,"Risk Management, Business Strategy, Compliance, Human Resources Management, Brand Management, Strategic Planning, Management, Organizational Behavior, Information Privacy, Data Management, Privacy Compliance, Operations Management,",4.8,1789.0,Coursera,,
"TESOL Certificate, Part 1: Teach English Now! Specialization",Language Learning,Learning English,"Education, Online Learning,",4.9,9201.0,Coursera,,
Financial Engineering and Risk Management Specialization,Business,Finance,"Quantitative Analysis, Asset Allocation, Algorithmic Trading, Portfolio Optimization, Mathematical Finance, Derivatives, Swaps and options, Fixed Income, Binomial Distribution, black scholes model, model calibration, modeling and pricing Credit Default Swaps,",4.5,145.0,Coursera,,
UI / UX Design Specialization,Arts and Humanities,Music and Art,"Website Wireframe, strategy, User Interface Design (UI Design), User Experience (UX), User Research, Graphic Design, Adobe XD, Adobe Illustrator, InVision, Marvel, Adobe Indesign, Treejack,",4.7,6349.0,Coursera,,
"Product Ideation, Design, and Management Specialization",Business,Marketing,"Product Development, Ideation, Product Management, product design, Innovation, Market Analysis, Entrepreneurship, Competitive Analysis, Customer Development, Marketing, Leadership, User Experience (UX),",4.5,237.0,Coursera,,
Financial Analysis - Skills for Success Specialization,Business,Finance,"Accounting, Scenario Analysis, financial statement analysis, Strategic Management, Finance, Risk, Financial Analysis, Financial Statement, Planning, Decision-Making, Data Analysis, Budget,",4.6,65.0,Coursera,,
Creative Writing Specialization,Arts and Humanities,Music and Art,"Short Story Writing, Fiction Writing, Creativity, Copy Editing,",4.7,4819.0,Coursera,,
Data Structures and Algorithms Specialization,Computer Science,Algorithms,"Debugging, Software Testing, Algorithms, Data Structure, Computer Programming, Dynamic Programming, Binary Search Tree, Priority Queue, Hash Table, Stack (Abstract Data Type), List, Graph Theory,",4.6,12782.0,Coursera,,
Software Product Management Specialization,Computer Science,Design and Product,"Software Requirements, Product Management, Scrum, agile, Project Management, Agile Software Development, Software Product Management, Software Project Management, Lean Software Development, Software Development Process, Scrum (Software Development), User Story,",4.7,8428.0,Coursera,,
Foundations of Management Specialization,Business,Leadership and Management,"Accounting, Leadership, Finance, Marketing, Financial Accounting, Financial Statement, Balance Sheet, Dupont Analysis, Management Accounting, Business Analysis, Management Styles, Management,",4.7,1801.0,Coursera,,
Genomic Data Science Specialization,Data Science,Data Analysis,"Bioinformatics, Statistics, Data Science, Computational Biology, Biopython, Python Programming, Genomics, Bioinformatics Algorithms, Algorithms, Algorithms On Strings, Samtools, Unix,",4.4,5102.0,Coursera,,
Methods and Statistics in Social Sciences Specialization,Social Sciences,Governance and Society,"Statistics, Statistical Inference, R Programming, Qualitative Research, Confidence Interval, Statistical Hypothesis Testing, Regression Analysis, Analysis Of Variance (ANOVA),",4.6,3953.0,Coursera,,
"NoSQL, Big Data, and Spark Foundations Specialization",Information Technology,Data Management,"Apache Hadoop, Mongodb, Big Data, Apache Spark, NoSQL Databases, NoSQL, Cloud Database, Cloudant, Cassandra, SparkSQL, SparkML,",4.3,102.0,Coursera,,
Think like a CFO Specialization,Business,Finance,"Financial Accounting, Accounting, Financial Statement, Balance Sheet, Dupont Analysis, Management Accounting, Business Analysis, Finance, Corporate Finance, Financial Risk, Evaluation, Investment,",4.8,518.0,Coursera,,
TensorFlow: Advanced Techniques Specialization,Data Science,Machine Learning,"Model Interpretability, Custom Training Loops, Custom and Exotic Models, Generative Machine Learning, Object Detection, Functional API, Custom Layers, Custom and Exotic Models with Functional API, Custom Loss Functions, Distribution Strategies, Basic Tensor Functionality, GradientTape for Optimization,",4.8,1157.0,Coursera,,
"Data Engineering, Big Data, and Machine Learning on GCP Specialization",Data Science,Machine Learning,"Tensorflow, Bigquery, Google Cloud Platform, Cloud Computing,",4.6,12174.0,Coursera,,
Mathematics for Machine Learning Specialization,Data Science,Machine Learning,"Eigenvalues And Eigenvectors, Principal Component Analysis (PCA), Multivariable Calculus, Linear Algebra, Basis (Linear Algebra), Transformation Matrix, Linear Regression, Vector Calculus, Gradient Descent, Dimensionality Reduction, Python Programming,",4.6,12121.0,Coursera,,
Modern and Contemporary Art and Design Specialization,Arts and Humanities,Music and Art,"Photography, Design, Art, History, Museums, Creativity, Art History, Art Direction,",4.8,2112.0,Coursera,,
Agile Development Specialization,Computer Science,Design and Product,"hypothesis-driven development, Design Thinking, User Experience (UX), agile, Lean Startup, agile user stories, User Experience Design (UXD), Agile Software Development, Product Management, Software Development, Usability Testing, Continuous Delivery,",4.7,2736.0,Coursera,,
Career Success Specialization,Business,Business Essentials,"Project Management, Information Technology (IT) Management, Communication, Negotiation, Leadership, Team Management, Task Management, Management, Planning, Plan, Accounting, Financial Ratio,",4.6,14003.0,Coursera,,
U.S. Federal Taxation Specialization,Business,Business Essentials,"Depreciation, Federal Tax Returns, Tax Law,",4.8,629.0,Coursera,,
The Business of Music Production Specialization,Arts and Humanities,Music and Art,"Copyright, Music production, Contracts, Pro Tools, Music recording, Music business, Revenue streams, Teambuilding, Audio Production, Music, Songwriting, Create music legally,",4.9,563.0,Coursera,,
The Business of Health Care Specialization,Health,Healthcare Management,"Insurance, Health Economics,",4.6,1223.0,Coursera,,
Practical Data Science on the AWS Cloud Specialization,Data Science,Machine Learning,"Natural Language Processing with BERT, ML Pipelines and ML Operations (MLOps), A/B Testing and Model Deployment, Data Labeling at Scale, Automated Machine Learning (AutoML), Statistical Data Bias Detection, Multi-class Classification with FastText and BlazingText, Data ingestion, Exploratory Data Analysis, ML Pipelines and MLOps, Model Training and Deployment with BERT, Model Debugging and Evaluation,",4.6,438.0,Coursera,,
Risk Management Specialization,Business,Finance,"Credit Risk Measurement and Management, Application of Financial Statistics and Probability, Market Risk Measurement and Management, Operational Risk Measurement and Management, Risk Management, Financial Risk, Leadership and Financial Risk Estimation and Management, Regulations, Credit Analysis, Financial Analysis, credit risk, Market Risk Management,",4.7,303.0,Coursera,,
Music Production Specialization,Arts and Humanities,Music and Art,"Audio Recording, Music, Music production, Sound Design, Audio Editing, Audio Production, Songwriting, Music recording, MIDI, Pro Tools, music editing, Music mixing,",4.8,1759.0,Coursera,,
Google Cloud Database Engineer Specialization,Information Technology,Cloud Computing,"Cloud Platforms, Cloud Storage, Google Cloud Platform, Google Compute Engine, Google App Engine (GAE), Cloud Computing, MySQL, cloud sql, SQL Operations, Database (DBMS), Data Management, Postgresql,",4.7,99.0,Coursera,,
Architecting with Google Compute Engine Specialization,Information Technology,Cloud Computing,"Google Compute Engine, Google App Engine (GAE), Google Cloud Platform, Cloud Computing, Virtual Machine, Network Architecture, Debugging, Cloud Storage, Data Store, Load Balancing, Virtual Private Network (VPN), Autoscaling,",4.7,26329.0,Coursera,,
Global Procurement and Sourcing Specialization,Business,Leadership and Management,"Negotiation, Contracts,",4.7,1323.0,Coursera,,
Entrepreneurship: Growing Your Business Specialization,Business,Business Strategy,"Entrepreneurship, Leadership & Management, Innovation, Finance, HR Tech, Financial Accounting, Accounting, Financial Statement, Balance Sheet, Leadership, Business Ethics, Ethical Leadership,",4.8,932.0,Coursera,,
Six Sigma Yellow Belt Specialization,Business,Leadership and Management,"Project Management, Lean Six Sigma, Binomial Distribution, Six Sigma, Process Improvement, Lean Methods, Statistics, Data Analysis, Causality,",4.7,6678.0,Coursera,,
The DIY Musician Specialization,Arts and Humanities,Music and Art,"Crowdfunding, Music production, Social Media, Songwriting, Music recording, Music, Poetry, Audio Production, MIDI, Pro Tools, Music business, Marketing,",4.7,426.0,Coursera,,
Algorithms Specialization,Computer Science,Algorithms,"Algorithms, Dynamic Programming, Greedy Algorithm, Divide And Conquer Algorithms, Randomized Algorithm, Sorting Algorithm, Graphs, Data Structure, Hash Table, Spanning Tree, Np-Completeness,",4.8,5381.0,Coursera,,
"Influencing: Storytelling, Change Management and Governance Specialization",Business,Leadership and Management,"Change Management, Communication, Negotiation, Risk governance,",4.7,1173.0,Coursera,,
Applied Data Science with R Specialization,Data Science,Data Analysis,"Shiny Dashboards, Data Analysis and Modelling, R Programmin Language, Data Visualization (DataViz), SQL & RDBMS, Data Science, R Programming, Select (Sql), Relational Databases (RDBMS), Data Analysis, Statistical Analysis, Linear Regression,",4.5,90.0,Coursera,,
Geographic Information Systems  (GIS) Specialization,Data Science,Data Analysis,"Geographic Information System (GIS), Satellite, Imagery Analysis, Model Building, spatial visualization, Spatial Analysis, Data Analysis, Data Visualization (DataViz), Software, Analytics, Workflow, Data Management,",4.8,5458.0,Coursera,,
Decentralized Finance (DeFi): The Future of Finance Specialization,Business,Finance,"Cryptography, Smart Contract, Decentralized Protocols, governance, Blockchain Mechanics, Consensus mechanisms, digital signature, Address mechanics, Flash loans, Bonding curves, Set Protocol’s tokenization method, Mechanics of Compound and Aave,",4.8,1462.0,Coursera,,
Project Management & Other Tools for Career Development Specialization,Business,Business Essentials,"Project Management, Risk Management, Communication, Negotiation, Project, Planning, Project Planning, Change Control, Change Management, Email Writing, Proofreading, Writing,",4.7,5909.0,Coursera,,
Project Management Principles and Practices Specialization,Business,Business Essentials,"Schedule, Project Management, Risk Management, Budget, Project, Planning, Project Planning, Budget Estimation, Change Control, Change Management,",4.7,18565.0,Coursera,,
Java Programming and Software Engineering Fundamentals Specialization,Computer Science,Software Development,"HTML, JavaScript, Cascading Style Sheets (CSS), Java Programming, Html5, Algorithms, Problem Solving, String (Computer Science), Data Structure, Cryptography, Hash Table, Programming Principles,",4.6,13832.0,Coursera,,
MATLAB Programming for Engineers and Scientists Specialization,Computer Science,Software Development,"Matlab, Data Analysis, Object-Oriented Programming (OOP), Image Processing, Computer Programming, Problem Solving, Programming Language,",4.8,4284.0,Coursera,,
Design Thinking Specialization,Business,Leadership and Management,"Creativity, Strategic Thinking, Design Thinking, Innovation Management, Innovation,",4.8,6.0,Coursera,,
Architecting with Google Kubernetes Engine Specialization,Information Technology,Cloud Computing,"Google Compute Engine, Google App Engine (GAE), Google Cloud Platform, Cloud Computing,",4.7,6484.0,Coursera,,
Security in Google Cloud Specialization,Information Technology,Security,"Google Compute Engine, Google App Engine (GAE), Google Cloud Platform, Cloud Computing,",4.7,3827.0,Coursera,,
Leading People and Teams Specialization,Business,Leadership and Management,"Vision Alignment, Talent Management, Goals and Rewards, Motivate Employees, Leadership, goal setting, Communication, Leadership Development, Onboarding, Coaching, Recruitment, Management,",4.8,5865.0,Coursera,,
Coding for Everyone: C and C++ Specialization,Computer Science,Software Development,"Algorithms, C Programming, Coding, C++, Computer Programming, Graph Theory, C++11, Graph Algorithms, Standard Template Library,",4.4,2473.0,Coursera,,
Developing Applications with Google Cloud Specialization,Computer Science,Software Development,"Debugging, Google Cloud Platform, Cloud Storage, Application development, Cloud Computing, Google Compute Engine, Google App Engine (GAE), Data Store, Application Programming Interfaces (API), Cloud Functions, Identity Management (IDM), Cloud Endpoints,",4.7,7991.0,Coursera,,
Real-World Product Management Specialization,Computer Science,Design and Product,"PM Interviewing, Real-World Examples, Product Management, Real-World Assignments, Technology Leadership, Go-to-market Strategy, Product/Market Fit, Tech Leadership, B2B Sales, Monetization Strategy, A/B/n testing, Customer Retention,",4.5,665.0,Coursera,,
Pricing Strategy Optimization Specialization,Business,Marketing,"Cost-Based Pricing, Pricing Strategies, Market-Based Pricing, Customer Value-based Pricing, Strategic Management, Channel and Direct-to-Consumer Pricing, Price Discrimination, Price Elasticity Of Demand, Customer Willingness to Pay, Measuring Customer Preferences, Customer Psychology, Competitor Pricing Models,",4.8,719.0,Coursera,,
Networking in Google Cloud Specialization,Information Technology,Networking,"Google Compute Engine, Google App Engine (GAE), Google Cloud Platform, Cloud Computing,",4.8,4384.0,Coursera,,
Academic English: Writing Specialization,Social Sciences,Education,"Punctuation, Essay Writing, Academic Writing, Writing, English Grammar, Grammar, Creative Writing,",4.8,11716.0,Coursera,,
Introduction to Cyber Security Specialization,Computer Science,Computer Security and Networks,"Cryptography, Cybersecurity, Risk Assessment, Cyber Defense, Cyber Attacks, Information Security (INFOSEC), Denial-Of-Service Attack (DOS), Public-Key Cryptography,",4.7,2665.0,Coursera,,
Business Data Management and Communication Specialization,Data Science,Data Analysis,"Asset Management, Business Analytics, Financial Accounting, Data Analysis, Rstudio, Accounting, Accrual, Financial Statement, Cash Flow, Cash Flow Statement, Analytics, Health Care,",4.9,32.0,Coursera,,
Intellectual Property Law Specialization,Business,Business Strategy,"Brand Management, Strategic Thinking, Planning, Intellectual Property, Business Strategy, Asset Management, Value Proposition, Copyright, Copyright Protection, Fair Use, Marketing, Strategic Planning,",4.8,1078.0,Coursera,,
The Singer Songwriter Specialization,Arts and Humanities,Music and Art,"Music production, Ableton, Singing, Songwriting, Guitar, Tablature, Music notation, Guitar scales, Guitar chords, Popular Music, Breathing Techniques, Belting,",4.8,434.0,Coursera,,
AI for Medicine Specialization,Data Science,Machine Learning,"model interpretation, Image Segmentation, natural language extraction, Machine Learning, time-to-event modeling, Deep Learning, model evaluation, Multi-class classification, Random Forest, model tuning, treatment effect estimation, machine learning interpretation,",4.7,1986.0,Coursera,,
Mergers and Acquisitions  Specialization,Business,Finance,"Financial Accounting, Financial Modeling, Mergers And Acquisitions (M&A), Corporate Investments, Accounting, Taxes, Financial Statement, Corporate Accouting,",4.5,67.0,Coursera,,
Dynamic Public Speaking Specialization,Personal Development,Personal Development,"Communication, Presentation, Speech, Public Speaking, Confidence,",4.8,1155.0,Coursera,,
Supply Chain Analytics Specialization,Business,Business Essentials,"Data Analysis, Supply Chain, Business Intelligence, Demand and Supply Planning, job intelligence, Management Consulting, Benchmarking, Competitive Analysis, Model Selection Validation Improvement, Regression Analysis, Demand Planning and Forecasting, Data Visualization (DataViz),",4.5,911.0,Coursera,,
Six Sigma Black Belt Specialization,Business,Leadership and Management,"Statistics, Math,",4.5,338.0,Coursera,,
Strategic Leadership and Management Specialization,Business,Leadership and Management,"Strategic Management, Negotiation, Leadership, Business Strategy, self-awareness, Ethical decision-making, Defining Leadership, Trust in relationships, Leadership Development, Develop team culture, Navigate growth and change in teams, Create space for DEIB,",4.8,5926.0,Coursera,,
Music Education for Teachers Specialization,Social Sciences,Education,"Music, Music production, Improvisation, Songwriting, Music Education, classroom management, Curriculum Design, Teaching, Learning, Music Performance, Jazz, Jazz Improvisation,",4.8,147.0,Coursera,,
Project Management Specialization,Business,Leadership and Management,"Engineering management, Agile Management, Risk Management, Stakeholder Communications, Project Management, Resource Management, Business Communication, Team Management, Project Planning, budget management, Servant Leadership, Strategic Management,",4.7,186.0,Coursera,,
User Experience Research and Design Specialization,Computer Science,Design and Product,"User Research, Affinity Diagram, human computer interaction, User Experience (UX), User Experience Design (UXD), Adobe Photoshop,",4.8,1694.0,Coursera,,
Good with Words: Writing and Editing Specialization,Personal Development,Personal Development,"Persuasion, Creativity, Writing, Time management, Editing,",4.8,1690.0,Coursera,,
Drug Development Product Management Specialization,Health,Healthcare Management,"Marketing, Drug Regulations, Drug Discovery, Clinical Trials, Pharmacology, Drug Development, Clinical Development, Pharmacokinetics, Clinical Research, Clinical Trial Design,",4.7,1908.0,Coursera,,
Excel Skills for Data Analytics and Visualization Specialization,Business,Business Essentials,"Data Analysis, Microsoft Excel, Data Visualization (DataViz), Data Cleansing, Big Data, power bi,",4.8,2560.0,Coursera,,
"Food Sustainability, Mindful Eating, and Healthy Cooking Specialization",Health,Nutrition,"mindful eating, sensible shopping, sustainable eating, food mindfulness, Cooking, Devise a customized plan for optimizing your eating patterns., Rebuild your relationship with food by learning to genuinely love the foods that will support your health in the long term., Practice self-compassion with regard to your eating behaviors and food choices., Observe your own unique eating patterns and identify areas of improvement., Practice food mindfulness or mindful eating on a day-to-day basis., How to identify sustainably caught (or farmed) fish and seafood, How to choose more sustainably raised meat and chicken when shopping at the supermarket (if you eat these foods),",4.8,320.0,Coursera,,
Web Design for Everybody: Basics of Web Development & Coding Specialization,Computer Science,Mobile and Web Development,"Web Development, Cascading Style Sheets (CSS), Html5, JavaScript, Responsive Web Design, Web Design, Web Accessibility, HTML, Style Sheets, Document Object Model (DOM), Bootstrap (Front-End Framework),",4.8,24209.0,Coursera,,
Microsoft Azure Fundamentals AZ-900 Exam Prep Specialization,Computer Science,Software Development,"Microsoft Azure, Cloud Computing, Cloud Computing Security, Artificial Intelligence (AI), Internet Of Things (IOT), Application Design, Cloud Governance Strategy, Test Preparation,",4.6,1692.0,Coursera,,
Business Value and Project Management Specialization,Business,Leadership and Management,"Organizational Structure, Project Execution, Financial Accounting, Strategic Management, Project Management, Accounting, Accrual, Financial Statement, Cash Flow, Cash Flow Statement, Knowledge of General Business Functions, Organization Design,",4.8,81.0,Coursera,,
Clinical Trials Operations Specialization,Health,Public Health,"Data Management, Trial Design, Ethics, Clinical Data Management, Data Collection, Clinical Trial Design, Randomization, Masking, Statistical Analysis, Monitoring, Reproducibility, Meta-Analysis,",4.8,76.0,Coursera,,
Investment Management with Python and Machine Learning Specialization,Business,Finance,"Risk Management, Portfolio construction and analysis, Python programming skills, Implementation of data science techniques in investment decisions, Portfolio Optimization, Programming skills, Managing your own personal invetsments, Investment management knowledge, Computer Science, Expertise in data science, Advanced vizualisation, Basics of consuption-based alternative data,",4.5,1484.0,Coursera,,
Data Analysis with R Specialization,Data Science,Data Analysis,"Statistics, R Programming, Rstudio, Exploratory Data Analysis, Statistical Inference, Statistical Hypothesis Testing, Linear Regression, Regression Analysis,",4.7,5669.0,Coursera,,
Excel to MySQL: Analytic Techniques for Business Specialization,Business,Business Essentials,"Binary Classification, Data Analysis, Tableau Software, SQL, Business Analysis, Business Analytics, Business Process, Microsoft Excel, Linear Regression, Data Visualization (DataViz), Visualization (Computer Graphics), MySQL,",4.6,11118.0,Coursera,,
Bayesian Statistics Specialization,Data Science,Probability and Statistics,"Bayesian Statistics, Data Science, R Programming, Data Analysis, Statistics, Bayesian Inference, Gibbs Sampling, Markov Model, Mixture Model, Forecasting, Dynamic Linear Modeling, Time Series,",4.7,206.0,Coursera,,
Data Science Foundations: Data Structures and Algorithms Specialization,Computer Science,Algorithms,"Algorithm Design, Python Programming, Data Structure Design, Analysis of Algorithms, Hashtables, Graphs Algorithms, Intractability,",4.7,197.0,Coursera,,
Biostatistics in Public Health  Specialization,Health,Public Health,"Statistics, Statistical Hypothesis Testing, variability, regression, Normal Distribution, summary measures, binary data, Confidence Interval, p values, sampling, P-Value, Proportional Hazards Model,",4.8,1910.0,Coursera,,
Algorithms for Battery Management Systems Specialization,Physical Science and Engineering,Electrical Engineering,"Design equivalent-circuit models for lithium-ion battery cells, Implement state-of-charge estimators for lithium-ion battery cells, Understand how lithium-ion battery cells work and basic requirements of battery-management systems, Implement state-of-health estimators for lithium-ion battery cells, Understand balancing requirements and implement power estimators for lithium-ion battery packs, Understand the requirements of a battery-management system, Understand how lithium-ion battery cells work, How to implement state-of-charge (SOC) estimators for lithium-ion battery cells, H​ow to implement state-of-health (SOH) estimators for lithium-ion battery cells, H​ow to design balancers and power-limits estimators for lithium-ion battery packs,",4.8,1546.0,Coursera,,
"Effective Communication: Writing, Design, and Presentation Specialization",Business,Business Essentials,"Business Writing, Presentation, Graphic Design, Writing, Grammar, Communication, Graphics, Typography, Public Speaking, Communication Design,",4.8,4077.0,Coursera,,
Financial Management Specialization,Business,Finance,"Financial Mismanagement, Financial Management, Risk Management, Investment, Financial Aid Management, Financial Accounting, Accounting, Accrual, Financial Statement, Cash Flow, Cash Flow Statement, Stock,",4.7,4366.0,Coursera,,
Game Design: Art and Concepts Specialization,Arts and Humanities,Music and Art,"Interactive Storytelling, Game Design Document, Video Game Design, Game Design, Video Game Development, Gameplay, Level Design, Art,",4.7,2310.0,Coursera,,
Neuroscience and Neuroimaging Specialization,Data Science,Data Analysis,"Experiment, Neuroscience, R Programming, Image Processing, Statistics, Statistical Analysis, Statistical Model, Preprocessor, Brain, Neurology,",4.7,764.0,Coursera,,
Electronic Music Production Specialization,Arts and Humanities,Music and Art,"Audio Production, Audio Recording, Music, Sound Design, Audio Editing, Music Making, File Management, Ableton, MIDI programming, Create an electronic composition, Create custom synthesizer patches, Manipulate preset patches,",4.8,493.0,Coursera,,
Branding: The Creative Journey Specialization,Business,Business Strategy,"Creativity, Journalism, Branding, Communication, CX, Advertising, Logo, Brand, Brand Identity, Employment, Leadership, Management,",4.6,897.0,Coursera,,
Six Sigma Green Belt Specialization,Business,Business Essentials,"Lean Six Sigma, Process Improvement, Six Sigma Green Belt, Six Sigma, Process Capability,",4.7,3495.0,Coursera,,
Excel/VBA for Creative Problem Solving Specialization,Computer Science,Design and Product,"Microsoft Excel Vba, Computer Programming, Problem Solving, Arrays, Debugging,",4.8,3552.0,Coursera,,
Business Statistics and Analysis Specialization,Data Science,Probability and Statistics,"Microsoft Excel, Linear Regression, Statistical Hypothesis Testing, Lookup Table, Data Analysis, Pivot Table, Statistics, Statistical Analysis, Normal Distribution, Poisson Distribution, Log–Log Plot, Interaction (Statistics),",4.7,7080.0,Coursera,,
People and Soft Skills for Professional and Personal Success Specialization,Personal Development,Personal Development,"Presentation Skills, Communication Skills, Professional Development, People Skills, Soft skills, teamwork, Listening Skills, Communication, Critical Thinking, Creative Skills, Powerpoint Skills, Agility,",4.7,146.0,Coursera,,
"Songwriting: Writing, Arranging, and Producing Music Specialization",Arts and Humanities,Music and Art,"Music, arranging, Producing, Songwriting, Music recording, Poetry, Melodic Hooks, Melody, Harmony, Writing, Audio Recording, Music Making,",4.8,163.0,Coursera,,
Culture-Driven Team Building Specialization,Business,Business Essentials,"Team dynamics, Team Building, Collaboration, Intercultural Communication, Organizational Anthropology, Cultural Learning, Leadership, Organizational Culture, Emotional Intelligence, Team Management,",4.6,617.0,Coursera,,
Investment Management Specialization,Business,Finance,"Investment Management, Risk Management, Financial Markets, Finance, Bond Market, Interest Rate, Stock, Portfolio Construction, Investment Style, Cognitive Bias, Investment, Portfolio Theories,",4.8,5813.0,Coursera,,
Object Oriented Programming in Java Specialization,Computer Science,Software Development,"Data Structure, Hash Table, Java Programming, Object-Oriented Programming (OOP), Algorithms, Problem Solving, String (Computer Science), Cryptography, Logic Programming, Sorting Algorithm, Trees (Data Structures), Linked List,",4.6,3723.0,Coursera,,
Fundamentals of Accounting  Specialization,Business,Business Essentials,"Income Statement, Cost, Financial Statement, Balance Sheet, Accounting, Accounting Terminology, Financial Ratio,",4.6,970.0,Coursera,,
Databases for Data Scientists Specialization,Information Technology,Data Management,"Database (DB) Design, Data Warehousing, NoSQL, database administration, SQL, Database (DBMS), Relational Models, Normalization, Entity–Relationship (E-R) Model, Data Science, Database Application, SQL (Structured Query Language),",4.7,259.0,Coursera,,
PostgreSQL for Everybody Specialization,Computer Science,Mobile and Web Development,"Json, Database (DBMS), Natural Language Processing, SQL,",4.7,803.0,Coursera,,
Medical Terminology Specialization,Health,Basic Science,"Communication, Medical language, Health records, human anatomy,",4.9,243.0,Coursera,,
Advanced Data Science with IBM Specialization,Data Science,Machine Learning,"Data Science, Internet Of Things (IOT), Deep Learning, Apache Spark, Statistics, Machine Learning, Long Short-Term Memory (ISTM),",4.4,2335.0,Coursera,,
Probabilistic Graphical Models  Specialization,Data Science,Machine Learning,"Inference, Bayesian Network, Belief Propagation, Graphical Model, Markov Random Field, Gibbs Sampling, Markov Chain Monte Carlo (MCMC), Algorithms, Expectation–Maximization (EM) Algorithm,",4.6,1250.0,Coursera,,
FPGA Design for Embedded Systems Specialization,Physical Science and Engineering,Electrical Engineering,"Softcore Processor Design, Writing Code in Verilog, Programmable Logic Design, VHDL Coding, Simulation for Verification, Primality Test, Verilog, Digital Design, Static Timing Analysis, Simulating FPGA Designs, Designing FPGA Logic, Designing Test Benches,",4.5,475.0,Coursera,,
School Health for Children and Adolescents Specialization,Health,Patient Care,"Behavioral Health, School Health, Learning Disabilities, Medical Conditions, Nutrition,",4.8,1307.0,Coursera,,
Statistical Analysis with R for Public Health Specialization,Health,Public Health,"Statistical Thinking, Survival Analysis, Logistic Regression, Data analysis with R, Linear Regression, Run basic analyses in R, R Programming, Understand common data distributions and types of variables, Formulate a scientific hypothesis, Correlation And Dependence, Understand common ways to choose what predictors go into a regression model, Run and interpret Kaplan-Meier curves in R,",4.7,1528.0,Coursera,,
Music Business  Specialization,Business,Leadership and Management,"Copyright, Music, Social Media, Business, Entrepreneurship, Music business, Revenue streams, Teambuilding, Contracts, Marketing, Crowdfunding, Networking,",4.8,1351.0,Coursera,,
Healthcare IT Support Specialization,Health,Health Informatics,"Technical Support, Customer Support, Health Information Technology, Telemedicine, Electronic Health Records,",4.8,702.0,Coursera,,
Practical Guide to Trading Specialization,Business,Finance,"Fundamental Analysis, World Markets, Futures, Equities, Options Strategies, Sectors, Mutual Funds, Stocks, Business Cycle, FX Case Study, FX Trading, currency pairs,",4.4,338.0,Coursera,,
Introduction to Logic and Critical Thinking Specialization,Arts and Humanities,Philosophy,"logic, Critical Thinking, reason, Evaluation, Interpretation, Language, Linguistics,",4.6,485.0,Coursera,,
Blockchain Specialization,Computer Science,Software Development,"Smart Contract, Ethereum, Blockchains, Solidity, Cryptography, Bitcoin, Cryptocurrency, Blockchain, Remix IDE, MetaMask client, Decentralized Applications, Truffle IDE,",4.6,6541.0,Coursera,,
Software Design and Architecture Specialization,Computer Science,Software Development,"Software Architecture, Java, Software Design Pattern, Object-Oriented Programming (OOP), Object-Oriented Design, Object-Oriented Analysis And Design, Unified Modeling Language (UML), Web Service, Microservices, Representational State Transfer (REST), Service-Oriented Architecture,",4.6,2473.0,Coursera,,
Climate Change and Sustainable Investing Specialization,Business,Finance,"Understand the various policy approaches involved in the transition to a low carbon economy including in particular ""cap & trade"" carbon markets, Learn to assess how climate change impacts financial portfolios and and how to manage climate risk in equity portfolios, Understand how climate change risks impact corporate decisions and company value, Understand the instruments investment funds and solutions used to finance clean technologies and clean energy, Understanding the evidence for climate change and for its anthropogenic origin, Understand the likely impacts on the real economy of the different courses of actions ahead of us, Evaluate projects on a portfolio basis the economic attractiveness of various abatement projects, Assess critically the economic desirability of different technologically feasible abatement technologies, Understand how climate change risk exposure affects corporate decisions and value, Map the financial risks and opportunities of climate change, Understand the instruments investment funds and solutions to finance clean technologies and clean energy, Assess how climate change impacts financial intermediaries and systemic risks,",4.7,186.0,Coursera,,
Functional Programming in Scala Specialization,Computer Science,Software Development,"Scala Programming, Parallel Computing, Apache Spark, Functional Programming, Recursion, Immutable Data Types, Higher-Order Function, Laziness, Type Class, Referential Transparency, Reactive Programming, Data Structure,",4.7,6835.0,Coursera,,
Microsoft Azure Data Fundamentals DP-900 Exam Prep Specialization,Data Science,Data Analysis,"Describe how to work with relational data on Azure, Describe core data concepts, Describe how to work with non-relational data on Azure, Describe an analytics workload on Azure, Microsoft Azure, Data Management, Data Storage, Data Concepts, Database (DBMS), NoSQL, SQL, Relational Data,",4.7,394.0,Coursera,,
Financial Technology (Fintech) Innovations Specialization,Business,Finance,"Credit Technology, Cryptocurrency, Smart Investing, Blockchain, Payment Systems, processing payments, Payment Processing, payment technology, Value Propositions, decentralization algorithms, consensus algorithms, blockchain as a business solution,",4.7,1465.0,Coursera,,
Business Strategies for A Better World Specialization,Business,Leadership and Management,"Social Return On Investment (SROI), Corruption, Social Entrepreneurship, Socially Responsible Investing, Global Financial Crisis, Trend Analysis, Economy, Trading, Strategic Management,",4.7,1463.0,Coursera,,
Machine Learning on Google Cloud Specialization,Data Science,Machine Learning,"Vertex AI, Machine Learning, Feature Engineering, Tensorflow, Cloud Computing, Application Programming Interfaces (API), Inclusive ML, Google Cloud Platform, Bigquery, Data Cleansing, Python Programming, Build Input Data Pipeline,",4.6,8391.0,Coursera,,
Integrative Health and Medicine Specialization,Health,Patient Care,"wellbeing, patient-centered care, improved symptom management, integrative medicine, evidence-based practice, Evidence-Based Practices, complementary therapies, integrative nursing, symptom management, healthcare, Stress Management, Pain Management,",4.8,1026.0,Coursera,,
Futures Thinking Specialization,Business,Business Essentials,"Strategic Foresight, Simulation, Scenario Design, Future Forecasting, Foresight, Creativity, Strategic Thinking, Innovation, Leadership, Scenario Development, Strategic Planning, Gaming,",4.8,1225.0,Coursera,,
Finance for Technical Managers Specialization,Business,Leadership and Management,"Product Cost Analysis, Project valuation, financial statement analysis, Discounted Cash Flow Analysis, Financial Adviser, time value of money, Cost Estimation Techniques, Application to Personal Finances, Project Valuation: NPV IRR and Payback Period, Creating a Compelling Project Business Case, Project Selection Techniques, Risk Management: Scenario and Sensitivity Analysis,",4.7,33.0,Coursera,,
"TESOL Certificate, Part 2: Teach English Now! Specialization",Language Learning,Learning English,"Teaching, English Language, Lesson Plan, Speech, Plan,",4.9,2230.0,Coursera,,
Introduction to Discrete Mathematics for Computer Science Specialization,Computer Science,Algorithms,"Graph Theory, Number Theory, Cryptography, Probability, Mathematical Induction, Proof Theory, Discrete Mathematics, Mathematical Logic, Random Variable, Probability Interpretations, Combinatorics, Modular Exponentiation,",4.5,2447.0,Coursera,,
Core Java Specialization,Computer Science,Software Development,"Computer Programming, Java Programming, Web Development, Java Database Connectivity (JDBC), Java Class Library, Object-Oriented Programming (OOP), Crt0, Recursively Enumerable Set, Java Compiler, Javac, Iterator, Linearity,",4.6,1182.0,Coursera,,
Engineering Project Management Specialization,Business,Leadership and Management,"Planning, Schedule, Earned Value Management (EVMT), Project Management, Procurement, Project Charter, Project Planning, Risk Management Plan, Project Risk Management,",4.8,2956.0,Coursera,,
Bioinformatics Specialization,Health,Health Informatics,"Whole Genome Sequencing, Viterbi Algorithm, Suffix Tree, Python Programming, Algorithms, Unweighted Pair Group Method with Arithmetic Mean (UPGMA), Bioinformatics, Bioinformatics Algorithms, Dynamic Programming, Graph Theory,",4.4,985.0,Coursera,,
Cybersecurity Attack and Defense Fundamentals Specialization,Computer Science,Computer Security and Networks,"Cyberattacks, Network Defense, Digital Forensics, Cybersecurity, Ethical Hacking, Ethica Hacking, Network Security, Computer Forensics,",4.6,88.0,Coursera,,
Organizational Leadership Specialization,Business,Leadership and Management,"Design Leadership, Negotiation, Leadership, Marketing, Team Management, Collaboration, Communication, Innovation, Crisis Management, Communications Management, Advertising, Data Analysis,",4.7,2479.0,Coursera,,
Inspirational Leadership: Leading with Sense Specialization,Business,Leadership and Management,"Confidence, Communication, Leadership, Strategic Hr Leadership, Human Resources (HR),",4.7,1474.0,Coursera,,
Photography Basics and Beyond: From Smartphone to DSLR Specialization,Arts and Humanities,Music and Art,"Social Media, Photography, Copywriting, Writing, Confidence, History, Creativity, Art, Project,",4.8,5034.0,Coursera,,
Omnichannel Retail Strategy Specialization,Business,Business Strategy,"Talent Management, Marketing Strategy, Performance Management, Analytics, Digital Supply Chain,",4.8,241.0,Coursera,,
Renewable Energy Specialization,Physical Science and Engineering,Environmental Science and Sustainability,"Renewable Energy, Solar Energy, Energy Projects, Sustainability, Wind Energy, Energy storage, Renewable Energy Techologies, Electricity systems, Wind Power, Sustainable Energy, Project Execution, Project Operations,",4.8,284.0,Coursera,,
Become an EMT Specialization,Health,Patient Care,"Emergency Medicine, Emergency Medical Technician, EMT, Trauma, Dentures, Foams, Toe, Decontamination, infant, ingestion, listening, emergency,",4.8,1449.0,Coursera,,
Market Research Specialization,Business,Marketing,"Internality, Qualitative Research, quantitative research, Market Research, Proposal Writing, Research Methods, Product Research, Marketing Intelligence, Sample Collection, Sample Size Determination, Sample Preparation, Focus Group,",4.5,914.0,Coursera,,
Transforming the Fashion Business Specialization,Business,Business Strategy,"Fashion Design, Fashion Systems, Sustainability, Holistic Product Lifecyle, Retail Management, Systems Thinking, Product Life Cycles, User-Centered Design, Research And Development (R&D), Trend Analysis, ethical design and production, Collaboration,",4.7,290.0,Coursera,,
"GIS, Mapping, and Spatial Analysis Specialization",Data Science,Data Analysis,"Geographic Information System (GIS), Cartography, Esri, Mapping, Spatial Analysis,",4.9,2107.0,Coursera,,
Trading Strategies in Emerging Markets Specialization,Business,Finance,"Trading Strategy, Algorithmic Trading, Financial Ratio, Trading, Cost, Financial Statement, Post-Earnings-Announcement Drift (PEAD), F1 Score,",4.3,1912.0,Coursera,,
Healthcare Law Specialization,Health,Healthcare Management,"Affordable Care Act, Health Law, Health Insurance Portability And Accountability Act (HIPAA), Health Policy, Privacy, Healthcare Management, Health Policy Analysis, Health Insurance, Permanent Placement, Unfair Labor Practices, Legal Liability, Budget Estimation,",4.8,344.0,Coursera,,
Web Applications for Everybody Specialization,Computer Science,Mobile and Web Development,"Jquery, web application development, Hypertext Preprocessor (PHP), JavaScript, MySQL, HTML, Cascading Style Sheets (CSS), Phpmyadmin, Relational Database, SQL, Create, Read, Update And Delete,",4.8,5521.0,Coursera,,
Inspired Leadership Specialization,Business,Leadership and Management,"Emotional Intelligence, Coaching, Appreciative Inquiry, Leadership, Negotiation, Mindfulness, Assertiveness, Communication, Active Listening, Change Management, Positive Psychology, Facilitation,",4.8,1202.0,Coursera,,
Marketing Strategy Specialization,Business,Marketing,"Marketing Plan, Market Research, Positioning (Marketing), Value Proposition, Consumer Behaviour, Data Analysis, Market Segmentation, Marketing Process, Market Analysis, Planning, Marketing Strategy,",4.4,3430.0,Coursera,,
Health Informatics Specialization,Health,Health Informatics,"Data Science, Decision Support System, Health Informatics, Health Care, Informatics, health, Digital Health, Decision Analysis, Information Technology Planning, Strategic Leadership, Knowledge Acquisition, Decision Tree,",4.4,579.0,Coursera,,
Robotics Specialization,Physical Science and Engineering,Electrical Engineering,"Motion Planning, Particle Filter, Matlab, Robotics, Quadcoper, Automated Planning And Scheduling, A* Search Algorithm, Serial Line Internet Protocol (SLIP), Robot, Computer Vision, Estimation, Random Sample Consensus (Ransac),",4.3,2981.0,Coursera,,
Management Consulting Specialization,Business,Leadership and Management,"Management Consulting, Presentation, Problem Solving, Consulting, Recruiting, Business Case, Business Analytics, Case interview, interviewing, Project Management, Data Analysis, Lean Six Sigma,",4.8,212.0,Coursera,,
Machine Learning Specialization,Data Science,Machine Learning,"Data Clustering Algorithms, Machine Learning, Classification Algorithms, Decision Tree, Python Programming, Machine Learning Concepts, Deep Learning, Linear Regression, Ridge Regression, Lasso (Statistics), Regression Analysis, Logistic Regression,",4.7,12392.0,Coursera,,
Professional Skills for the Workplace Specialization,Business,Business Essentials,"Emotional Intelligence, Adaptability, Problem Solving, Growth Strategies, Resiliency, Critical Thinking, Decision-Making, Brainstorming, Personal Advertisement, Planning, Resilience,",4.7,600.0,Coursera,,
Introduction to Computer Science and Programming Specialization,Computer Science,Software Development,"Computer Graphics (CG), Problem Solving, Mathematics, JavaScript, Computer Programming,",4.2,946.0,Coursera,,
C# Programming for Unity Game Development Specialization,Computer Science,Software Development,"Video Game Development, C Sharp (C#) (Programming Language), Unity (User Interface), Game Programming, Crt0, For Loop, Console Applications, Foreach Loop,",4.7,2165.0,Coursera,,
Artificial Intelligence: an Overview Specialization,Computer Science,Algorithms,"Artificial Intelligence (AI), Ethical issues of artificial intelligence, Machine Learning, Legal issues of artificial intelligence,",4.7,40.0,Coursera,,
Embedding Sensors and Motors Specialization,Physical Science and Engineering,Electrical Engineering,"sensor integration, firmware, motor design, embedded engineering, hardware, Analog hardware, Pressure and force sensors, Sensor architecture, PSoc Programming, Circuit Design, Sensor manufacturing, PID control,",4.6,1082.0,Coursera,,
Expressway to Data Science: Essential Math Specialization,Math and Logic,Math and Logic,"Derrivatives, Integrals, Matrix Algebra, Diagonalization, Numerical Analysis, Derivatives, Algebra, Singular Value Decomposition (SVD), root-finding, Partial Derivative, matrix diagonalization,",4.5,147.0,Coursera,,
Everyday Excel Specialization,Computer Science,Design and Product,"Spreadsheet, Microsoft Excel, Problem Solving, Project, computing, Data Management, Real World, Real-world projects,",4.7,1443.0,Coursera,,
C Programming with Linux Specialization,Computer Science,Software Development,"Linux, Debugging, Algorithms, Software Engineering, C Programming, Computer Programming, Computer Science, Compiler, computer programs/algorithms, Command-Line Interface,",4.7,145.0,Coursera,,
Blockchain Revolution in Financial Services Specialization,Computer Science,Computer Security and Networks,"Collaborative Working Environment, Blockchain (Database), Open Collaboration, Access Structure, Object Binding, Alcatel Business Communications, Centurylink, Base Address,",4.7,764.0,Coursera,,
The Pronunciation of American English Specialization,Language Learning,Learning English,"English Language, Pronunciation,",4.8,739.0,Coursera,,
Managing Cybersecurity Specialization,Information Technology,Security,"Security Management, Network Security, Risk Management, Security Governance, Computer Security Incident Management, Security vulnerabilities and treatments, Threats to cybersecurity, Cybersecurity terminology, cybersecurity program elements, Cybersecurity planning, Cybersecurity performance measurement, Risk identification,",4.8,448.0,Coursera,,
Digital Manufacturing & Design Technology  Specialization,Physical Science and Engineering,Electrical Engineering,"Artificial Intelligence (AI), Digital Design, Manufacturing Engineer, Industry 4.0,",4.6,3550.0,Coursera,,
Epidemiology in Public Health Practice Specialization,Health,Public Health,"Outbreak investigation, Public Health Surveillance, visualization, Statistics, Epidemiology, Estimation, Geographic Information System (GIS), Statistical Methods, Data Collection, surveillance, Disease Surveillance, Data Analysis,",4.7,3252.0,Coursera,,
Social Media Marketing Specialization,Business,Marketing,"Business Planning, Digital Marketing, Social Media Marketing, Influencer Marketing, Analytics, Social Marketing, Social Network, Social Media, Marketing Strategy, Writing, A/B Testing, Budget,",4.7,4388.0,Coursera,,
Managerial Economics and Business Analysis  Specialization,Business,Finance,"Economics, Supply And Demand, Statistical Analysis, Statistical Hypothesis Testing, Consumer Behaviour, Cost, Externality, Game Theory, Market (Economics), Interest Rate, Supply Chain, Data Analysis,",4.7,2525.0,Coursera,,
Sustainability Analyst Fundamentals Specialization,Physical Science and Engineering,Environmental Science and Sustainability,"Presentation, Data Analysis, Sustainability, Business Writing, Project Management, Spreadsheet, Business Communication, Professional Development, Problem Solving, Sustainable Business, Communication, Project Planning,",4.1,23.0,Coursera,,
Interaction Design Specialization,Computer Science,Design and Product,"Storyboarding, Heuristic Evaluation, R Programming, A/B Testing, Rapid Prototyping, Paper Prototyping, User Experience (UX), User Experience Design (UXD), User Interface, User Research, Persona (User Experience), Human–Computer Interaction,",4.5,3077.0,Coursera,,
Introductory C Programming Specialization,Computer Science,Software Development,"Software Development Process, Algorithms, Software Engineering, C Programming, Computer Programming, Programming Language Concepts, Problem Solving, Compiler, Debugging,",4.6,5294.0,Coursera,,
Learn English: Intermediate Grammar Specialization,Language Learning,Learning English,"English Grammar, Perfect Tenses, English Language, Adjective, Grammar, Writing, Apposition,",4.8,3820.0,Coursera,,
How to Play Guitar Specialization,Arts and Humanities,Music and Art,"Music, Guitar scales, guitar performance, Guitar chords, Guitar, Tablature, Music notation, playing guitar, Ear Training, Performance Techniques,",4.8,429.0,Coursera,,
Spring Framework Specialization,Computer Science,Software Development,"Spring Framework, Netflix OSS, Java Programming, Spring Configuration, Spring Data, Spring Configuration Techniques, Inversion Of Control, Dependency Injection, Junit, Restful services, Spring Boot, Spring Support for JPA,",3.9,275.0,Coursera,,
Investment and Portfolio Management Specialization,Business,Finance,"Performance Attribution, Behavioral Finance, Financial Markets, Behavioral Economics, Bond Valuation, Finance, Investment, Risk Management, Portfolio Construction, Risk Analysis, Portfolio Optimization, Cognitive Bias,",4.5,1998.0,Coursera,,
Coaching Skills for Managers Specialization,Business,Leadership and Management,"Active Listening, Communication, Management, Coaching,",4.8,1374.0,Coursera,,
Data Visualization & Dashboarding with R Specialization,Data Science,Data Analysis,"Data Science, Data Analysis, Data Visualization (DataViz), Reproducible Research,",4.9,256.0,Coursera,,
Business Analytics Specialization,Business,Business Essentials,"Machine Learning, Analytics, Data Analysis, power bi, Rstudio, Business Analytics, R Programming, Health Care, R and RStudio, Data Cleansing and Exploration, Alteryx, Analytic Mindset,",4.7,84.0,Coursera,,
An Introduction to Programming the Internet of Things (IOT) Specialization,Physical Science and Engineering,Electrical Engineering,"Arduino, Python Programming, Internet Of Things (IOT), Raspberry Pi, Microcontroller, Embedded System Design, Wireshark, C Programming, Debugging, Computer Programming, Application Programming Interfaces (API),",4.7,11928.0,Coursera,,
Software Testing and Automation Specialization,Computer Science,Software Development,"Black-box Testing Techniques, White-box Testing Techniques, Unit Testing, Static Analysis, Testing Automation, Writing Test Plans, Writing Defect Reports, Understanding of Testing Theory, Writing Tests, Testing Vocabulary, Executing Tests, Software Testing,",4.1,430.0,Coursera,,
Linux and Private Cloud Administration on IBM Power Systems Specialization,Information Technology,Cloud Computing,"System Administration, Red Hat Enterprise Linux, virtualization, IBM Power Systems, Cloud Computing, Red Hat Linux, Linux, IBM PowerVC, infrastructure as a service, Openstack, IBM Cloud,",4.8,503.0,Coursera,,
Power Electronics Specialization,Physical Science and Engineering,Electrical Engineering,"Understand the fundamentals of magnetic components including inductors and transformers, Design and optimize inductors and transformers for switched-mode power converters, Analyze and model losses in magnetic components,",4.8,2939.0,Coursera,,
Microsoft Azure AI Fundamentals AI-900 Exam Prep Specialization,Data Science,Machine Learning,"Describe fundamental principles of machine learning on Azure, Describe AI workloads and considerations, Describe features of conversational AI workloads on Azure, Describe features of computer vision workloads on Azure, Describe features of Natural Language Processing (NLP) workloads on Azure, Artificial Intelligence (AI), Microsoft Azure, Machine Learning, Computer Vision, Natural Language Processing, Test Preparation,",4.6,312.0,Coursera,,
Cybersecurity Specialization,Computer Science,Computer Security and Networks,"Software Testing, Cryptography, Usability, Penetration Test, Cybersecurity, Privacy, User Interface, Fuzz Testing, Buffer Overflow, Sql Injection, Number Theory, Public-Key Cryptography,",4.6,4210.0,Coursera,,
Cancer Biology Specialization,Health,Basic Science,"Prostate cancer, Anatomy of metastasis, Cancer treatment, Metastasis theories, Cancer Biology, Cancer, Biology, Cancer Genetics, Molecular Biology, Cancer Stem Cells,",4.9,1252.0,Coursera,,
"Strategic Leadership: Impact, Change, and Decision-Making Specialization",Business,Leadership and Management,"Career Fulfillment, Self Awareness, Personal Development, reflection, Learning from Failure, Strategic Leadership, Change Management, Leadership Development, Learning, Decision-Making, Management, Learning How To Learn,",4.9,177.0,Coursera,,
Learn Chinese: HSK Test Preparation Specialization,Language Learning,Other Languages,"Chinese Language, Hanyu Shuiping Kaoshi (HSK),",4.8,2300.0,Coursera,,
Abnormal Psychology Specialization,Health,Psychology,"Motivation, History, Psychology, behavior, goal setting,",4.8,274.0,Coursera,,
Business English Communication Skills Specialization,Language Learning,Learning English,"Business Plan, English Language, Meeting, Presentation, Email Writing, Business Communication, Communication, Professional, Writing, Negotiation, Planning, Language,",4.8,3131.0,Coursera,,
Statistics with Python Specialization,Data Science,Probability and Statistics,"Python Programming, Data Visualization (DataViz), Statistical Model, Statistical inference methods, Statistics, Data Analysis, Confidence Interval, Statistical Inference, Statistical Hypothesis Testing, Bayesian Statistics, statistical regression,",4.6,2647.0,Coursera,,
Conflict Management Specialization,Business,Leadership and Management,"Active Listening, Communication, Management, Cross-Cultural Communication, Assertiveness, Collaboration,",4.5,1023.0,Coursera,,
Big Data Specialization,Data Science,Data Analysis,"Big Data, Neo4j, Mongodb, Apache Spark, Apache Hadoop, Mapreduce, Cloudera, Data Model, Data Modeling, Data Management, Splunk, Machine Learning Concepts,",4.5,9407.0,Coursera,,
Robotic Process Automation (RPA) Specialization,Computer Science,Software Development,"Uipath, Studio, Automation, Workflow, rpa, Data Manipulation, List, Dictionary, Input Actions Automation, Selectors, Recording in Studio, User Interface Automation,",4.7,123.0,Coursera,,
Healthcare Organization Operations Specialization,Health,Healthcare Management,"Pharmacy Healthcare Organization Operations, Public Health and Wellness Healthcare Organization Operations, Medical Healthcare Organization Operations, Healthcare Administration, Dental Healthcare Organization Operations,",4.6,372.0,Coursera,,
Data Mining  Specialization,Data Science,Machine Learning,"Data Clustering Algorithms, Text Mining, Data Visualization (DataViz), Data Mining, Data Visualization Software, Tableau Software, Data Virtualization, Information Retrieval (IR), Document Retrieval, Machine Learning, Recommender Systems, Probabilistic Models,",4.5,1929.0,Coursera,,
"Python, Bash and SQL Essentials for Data Engineering Specialization",Information Technology,Data Management,"Bash (Unix Shell), Database (DBMS), Web Application, Python Programming, SQL, Vim, Pandas, Visual Studio Code, Data Structure, Data Management, Linux, Web Scraping,",4.4,172.0,Coursera,,
Supply Chain Finance and Blockchain Technology Specialization,Business,Finance,"Blockchain Technology Implementation, Foreign Currency Risk Management, Accounts Receivable Management, Accounts Payable Management, Trade Finance Management, Marketing Supply Chain Finance Services, Designing a Supply Chain Finance Program, Risk Management of Supply Chain Finance, Financial Innovation, Blockchain Implementation in Supply Chain Finance, APIs for Trade Finance, Managing Accounts Receivable and Accounts Payable with Blockchain,",4.6,291.0,Coursera,,
Oracle SQL Databases Specialization,Information Technology,Data Management,"Insert and Modify Oracle SQL Databases, Delete from Oracle SQL Databases, Create Oracle SQL Databases,",4.6,332.0,Coursera,,
Machine Learning for Trading Specialization,Data Science,Machine Learning,"Finance, Trading, Investment, Machine Learning applied to Finance, Algorithmic Trading, Python Programming, Machine Learning, Reinforcement Learning Model Development, Reinforcement Learning Trading Algorithm Optimization, Reinforcement Learning Trading Strategy Development, Reinforcement Learning Trading Algo Development,",3.9,967.0,Coursera,,
Software Development Lifecycle Specialization,Computer Science,Software Development,"Lean Software Development, Kanban, Agile Software Development, Software Development Process, Software Development Kit (SDK), Scrum (Software Development), Application Security, Software Architecture, Software Testing, Software Design, Software Quality,",4.6,2031.0,Coursera,,
Autodesk CAD/CAM/CAE for Mechanical Engineering Specialization,Physical Science and Engineering,Mechanical Engineering,"Computer-Aided Engineering (CAE), Manufacturing Process Management, Computed Aided Design, Computer-Aided Manufacturing, Mechanical Engineering, Autodesk, Engineering, Fusion 360, Computer-Aided Design (CAD), Modeling, Simulation, Engineering Design,",4.8,3439.0,Coursera,,
Design of Experiments Specialization,Data Science,Probability and Statistics,"Experimental Design, statistical Methods for Process and Product improvement, design of experiments, experiment design, designing experiments,",4.7,231.0,Coursera,,
Creativity and AI Specialization,Computer Science,Design and Product,"Artificial Intelligence (AI), Innovation Strategies, Design Thinking, Business Applications, Applied Creativity, Machine Learning, Computational Creativity, Theories of Creativity, Organizational Transformation,",4.6,35.0,Coursera,,
Strategic Management and Innovation Specialization,Business,Business Strategy,"Strategic Management, Strategy Implementation, Strategic Thinking, Business Strategy, Strategic Planning, Decision-Making, Performance Management,",4.7,3533.0,Coursera,,
"Hotel Management: Distribution, Revenue and Demand Management Specialization",Business,Leadership and Management,"Pricing, Revenue Management, Forecasting, Hotel Management, Hospitality Management, Hospitality Management Studies, Segmentation Analysis, Demand Management, Asset Management,",4.7,1565.0,Coursera,,
Introduction to Business Specialization,Business,Business Essentials,"Strategic Planning, engagement, Storytelling, Expense Control, Leadership Style, Training And Development, Setting Objectives, Manage Expense Control, Analyze Financial Statements, Create a Forecast, Identify Capital Resources, Effective Use of Labor,",4.6,80.0,Coursera,,
Entrepreneurial Finance: Strategy and Innovation Specialization,Business,Entrepreneurship,"Blockchains, Entrepreneurial Finance, Entrepreneurship, Venture Capital, Finance, Valuation (Finance), Startup Company, Cash Flow Analysis, Microsoft Excel, Venture Capital Financing, Cryptocurrency, Business Model,",4.5,861.0,Coursera,,
Learning Linux for LFCA Certification Specialization,Computer Science,Software Development,"creating links to files and directories, updating packages, managing Linux File Systems, filtering text files, applying permissions, Cybersecurity, Information Technology, Linux, Virtual Machine, Version Control, Hypervisor, Use Case,",4.5,452.0,Coursera,,
Getting started with Google Workspace Specialization,Information Technology,Cloud Computing,"Communication, Spreadsheet Software, Collaboration,",4.8,815.0,Coursera,,
First Principles of Computer Vision Specialization,Computer Science,Algorithms,"perception, features and boundaries, Object Recognition, Camera and imaging, 3d reconstruction, Fourier Transform, High-Dynamic-Range (HDR) Imaging, Image Formation, Convolution and Deconvolution, Working Principles of a Camera, Scale Space, Active Contours,",4.8,100.0,Coursera,,
Machine Learning and Reinforcement Learning in Finance Specialization,Data Science,Machine Learning,"Predictive Modelling, Financial Engineering, Machine Learning, Tensorflow, Reinforcement Learning, option pricing and risk management, simple model for market dynamics, Q-learning using financial problems, optimal trading, Portfolio Optimization,",3.7,726.0,Coursera,,
"Negotiation, Mediation and Conflict Resolution Specialization",Business,Leadership and Management,"Communication, Negotiation, Planning, Cross-Cultural Communication,",4.7,1415.0,Coursera,,
Fundamentals of Computing Specialization,Computer Science,Software Development,"Recursion, Algorithms, Python Programming, Dynamic Programming, Programming Principles, Python Syntax And Semantics, Computer Programming, Logic Programming, Object-Oriented Programming (OOP), Combinatorics, Tree (Data Structure), Graph Theory,",4.8,2867.0,Coursera,,
Executive Data Science Specialization,Data Science,Data Analysis,"Data Science, Data Management, Data Analysis, Communication, Leadership, Machine Learning, Project, Team Building, Management, Team Management, Interpretation, Exploratory Data Analysis,",4.5,7076.0,Coursera,,
Django for Everybody Specialization,Computer Science,Mobile and Web Development,"Cascading Style Sheets (CSS), HTML, JavaScript, SQL, Django (Web Framework), Hypertext Transfer Protocol (HTTP), Django Template Language, GET & POST, Object-Oriented Programming (OOP), Cross-Site Scripting Forgery (CSRF), User authentication, Sessions and cookies,",4.7,2022.0,Coursera,,
Social Media Marketing in Practice Specialization,Business,Marketing,"Digital transformation, Digital Marketing, Social Media Marketing, Content Marketing, Digital Strategy, Choose social media platforms and tools, Set up a social media experience for a business, Share and promote social content, Build and sustain a social media community, Plan a social media advertising strategy, Set up advertising on Snapchat, Uncover campaign insights using native Facebook and Snapchat analytics tools,",4.5,171.0,Coursera,,
Agile Leadership Specialization,Business,Leadership and Management,"Agile Leadership, Agile Management, Scrum (Software Development), Change Management, Project Management,",4.7,828.0,Coursera,,
Palliative Care Always Specialization,Health,Patient Care,"Transition to Hospice, Palliative Care, Supportive Care, Symptom Assessment and Management, Effective Communication, Self-Care, Communication, Psychosocial Support, Goals of Care/ACP, symptom management, patient-centered care, Symptom Assessment,",4.4,66.0,Coursera,,
Fundamentals of Flight mechanics Specialization,Physical Science and Engineering,Physics and Astronomy,"Airplane conception and validation, Flight dynamics, Applied aerodynamics, Aerospace Engineering, Flight mechanics,",4.8,186.0,Coursera,,
Leading: Human Resource Management and Leadership Specialization,Business,Leadership and Management,"Strategic Thinking, Human Resources (HR), Visionary leadership, Organisational design, Value Chain, Organisational leadership, Organisational alignment, Change planning, Motivation, Diversity and Inclusion, Communication, Staff Management,",4.9,1921.0,Coursera,,
Data Warehousing for Business Intelligence Specialization,Data Science,Data Analysis,"Pentaho, Data Visualization (DataViz), Data Warehouse, SQL, Database (DB) Design, Entity–Relationship (E-R) Model, Database (DBMS), Extraction, Transformation And Loading (ETL), Data Integration, Data Warehousing, Materialized View, Business Intelligence,",4.5,2316.0,Coursera,,
FinTech: Finance Industry Transformation and Regulation Specialization,Business,Business Strategy,"Cryptocurrency, Financial Technology, fintech disruption, Blockchain,",4.7,506.0,Coursera,,
Digital Signal Processing Specialization,Physical Science and Engineering,Electrical Engineering,"Convulsion, Data Transmission, Audio processing, Ipython, Fourier Analysis,",4.6,352.0,Coursera,,
Data Science: Statistics and Machine Learning Specialization,Data Science,Data Analysis,"Machine Learning, Github, R Programming, Regression Analysis, Data Visualization (DataViz), Statistics, Statistical Inference, Statistical Hypothesis Testing, Model Selection, Generalized Linear Model, Linear Regression, Random Forest,",4.6,564.0,Coursera,,
"Introduction to Biology: Ecology, Evolution, & Biodiversity Specialization",Physical Science and Engineering,Environmental Science and Sustainability,"Inspecting specimens, Interpreting phylogenetic trees, Examining ideas, Recording observations, Identifying species,",4.8,26.0,Coursera,,
Introduction to Financial Accounting: The Accounting Cycle Specialization,Business,Finance,"Practical Applications, Financial Statement, Practical Applications in Accounting, Accounting Cycle,",4.8,305.0,Coursera,,
Good with Words: Speaking and Presenting Specialization,Personal Development,Personal Development,"Persuasion, Creativity, Communication, Tact, Confidence, Poise, Advocacy, Rhythm, Problem Solving, Dynamic Movement, Resilience, Optimism,",4.8,116.0,Coursera,,
Fundamentals of Immunology Specialization,Health,Basic Science,"Viral, Virus, Immune Deficiency, Viral Strategies, Cancer,",4.8,1672.0,Coursera,,
Gender Analytics: Gender Equity through Inclusive Design Specialization,Business,Leadership and Management,"Gender Based Analysis, Analytics, Data Analysis, Design Thinking, Leadership, Business Analytics, Intersectional Analysis, Leadership Development, Innovation, Qualitative and Quantitative Data Analysis, Stakeholder Analysis, community engagement,",4.8,284.0,Coursera,,
Data Science Foundations: Statistical Inference Specialization,Data Science,Probability and Statistics,"Inference, Statistics, Data Science, Probability, central limit theorem, continuous random variables, Bayes' Theorem, discrete random variables,",4.3,96.0,Coursera,,
Real-World Engineering Management Specialization,Business,Leadership and Management,"Engineering Manager Interviews, Engineering management, Real-World Examples, Technical Program Management, Technology Leadership, People Management, Business Strategy, Cloud Engineering, Software Engineering, Program Management,",4.5,8.0,Coursera,,
Hands-on Internet of Things Specialization,Computer Science,Computer Security and Networks,"Python Programming, Device Programming, Raspberry Pi, Machine Learning, Internet, Internet Of Things (IOT), Wireless, Front And Back Ends, Service Discovery,",4.6,96.0,Coursera,,
International Business Essentials Specialization,Business,Business Essentials,"Delegation, Business Plan, Pest Analysis, Statistical Hypothesis Testing, Personal Branding, Leadership, Management, Management Styles, Change Management, Communication,",4.5,1148.0,Coursera,,
Qualitative Research Design and Methods for Public Health Specialization,Health,Public Health,"Qualitative Research, Public Health Research, Data Analysis, Research Design, Research Methods,",4.8,113.0,Coursera,,
"Organizational Leadership in Diversity, Equity & Inclusion Specialization",Business,Leadership and Management,"DEI Strategy, Workplace Inclusion, Leadership And Management, DEI Strategic Planning, DEI Program Assessment,",4.8,124.0,Coursera,,
Survey Data Collection and Analytics  Specialization,Data Science,Data Analysis,"Data Collection, Cluster Sampling, R Programming, Missing Data, Data Quality, Data Analysis, Data Generating Process,",4.3,809.0,Coursera,,
The Fundamentals of Personal Finance Specialization,Business,Business Essentials,"Personal Finance, Budget, Debt Management Plan, money, Retirement, Financial Planning (Business), Credit Score, Taxes, goal setting, saving money, setting financial goals, paying for college,",4.6,132.0,Coursera,,
Financial Reporting Specialization,Business,Business Essentials,"Accounting, Accounting Analysis, Financial Statement,",4.7,546.0,Coursera,,
Salesforce Fundamentals Specialization,Business,Business Essentials,"Data Management, Cloud Integration, Data Security, Automation, Cloud Computing,",4.3,142.0,Coursera,,
Advanced Statistics for Data Science Specialization,Math and Logic,Math and Logic,"R Programming, Linear Regression, Statistical Hypothesis Testing, Statistics, Linear Algebra, Confidence Interval, Biostatistics,",4.3,209.0,Coursera,,
How to Start Your Own Business Specialization,Business,Entrepreneurship,"Leadership, Lean Startup, Plan, Entrepreneurship,",4.6,634.0,Coursera,,
Patient Safety Specialization,Health,Patient Care,"Patient Care, Patient Safety, Comprehensive Unit-Based Safety Program (Cusp) Toolkit, Quality Improvement, Systems Thinking, Communication, Healthcare Leadership, Organizational Culture, Project Management, Design Thinking, Change Management, Project Planning,",4.8,1309.0,Coursera,,
Uncommon Sense Teaching Specialization,Social Sciences,Education,"social-emotional learning, online teaching, active learning, neurodiversity, Teaching, diversity, inclusive, teaching strategies, Lesson Plan, strategies in teaching, social emotional, teaching online,",5.0,94.0,Coursera,,
Advanced Business Analytics Specialization,Business,Business Essentials,"Data Analysis, Data Visualization (DataViz), Mathematical Optimization, SQL, Data Model, Data Quality, Regression Analysis, Data Cleansing, Predictive Modelling, Exploratory Data Analysis, Simulation, Business Analytics,",4.4,1932.0,Coursera,,
Digital Fashion Innovation Specialization,Business,Business Strategy,"Digital Transformation in Fashion, Digital Fashion Design, Digitalization in Fashion, Fashion Merchandising, Fashion E-Commerce, Digital Collaboration, Sustainable Fashion Production, On-Demand Fashion Design, Blockchain, Artificial Intelligence (A.I.), 3D Fashion Design, Metaverse,",4.6,88.0,Coursera,,
Competitive Strategy and Organization Design Specialization,Business,Business Strategy,"Organization Design, Strategic Management, Game Theory, Strategic Thinking, Competition (Economics), Pricing, Marketing, Competitiveness, Business Strategy, Organizational Structure,",4.8,1019.0,Coursera,,
Computer Security and Systems Management Specialization,Information Technology,Security,"Subnetwork, Cybersecurity, Enterprise System, Linux, Information Security (INFOSEC),",4.7,1023.0,Coursera,,
Business English for Non-Native Speakers Specialization,Business,Business Essentials,"Business Communication, Communication, Business Writing, Writing, Grammar, English Language,",4.5,811.0,Coursera,,
Cloud Computing Law Specialization,Social Sciences,Law,"Cloud Services, General Data Protection Regulation (GDPR), Cybersecurity, Contract Law, Cloud Computing, Intellectual Property, Contract Negotiations, Cybersecurity Regulation, International Transfers of Personal Data, Competition Law, Law Enforcement Access, Tax,",4.9,34.0,Coursera,,
"Project Management: Tools, Approaches, Behavioural Skills  Specialization",Business,Leadership and Management,"Planning, Risk Management, Scope (Project Management), controlling, Conflict Management, Project Management, Project Team, Project Planning, Schedule (Project Management), Project Management Triangle, Cost Control, Project Risk Management,",4.9,88.0,Coursera,,
Optical Engineering Specialization,Physical Science and Engineering,Electrical Engineering,"optical system specification, optimization of optical systems, optical design,",4.4,297.0,Coursera,,
Android App Development Specialization,Computer Science,Mobile and Web Development,"Software Testing, Android Software Development, Java Programming, Junit, Logic Programming, Android Studio, Object-Oriented Programming (OOP), Computer Programming, Concurrent Computing, Unit Testing,",4.5,2782.0,Coursera,,
Introduction to Public Relations and the Media Specialization,Business,Marketing,"Press Release, Public Relations, Branding, Influencers,",4.6,233.0,Coursera,,
Cloud-Native Development with OpenShift and Kubernetes Specialization,Information Technology,Cloud Computing,"Kubernetes, Containers, RHOCP, Openshift, Cloud Computing, Cloud Platforms, Cloud Applications,",4.7,55.0,Coursera,,
Developing Your Musicianship Specialization,Arts and Humanities,Music and Art,"Scales, Music, Chord, Jazz, Music theory, Aurally identify chords, Piano, Read lead sheets, Aurally identify musical intervals, Read music notation, Music Performance, Music composition,",4.9,1211.0,Coursera,,
Innovation: From Creativity to Entrepreneurship Specialization,Business,Leadership and Management,"Creativity, Business Model, Entrepreneurship, Innovation Management, Innovation, Business Value, Management, Disruptive Innovation, Emotional Intelligence, Personal Productivity, Adaptibility, Problem Solving,",4.8,1277.0,Coursera,,
C++ Programming for Unreal Game Development Specialization,Computer Science,Software Development,"Video Game Development, Game Programming, Unreal Engine (User Interface), C++ (Programming Language),",4.6,121.0,Coursera,,
Mathematics for Engineers Specialization,Math and Logic,Math and Logic,"Differential Equations, Vector Calculus, Matrix Algebra, Numerical Analysis, Computational Fluid Dynamics (CFD),",4.9,387.0,Coursera,,
Marketing Mix Implementation Specialization,Business,Marketing,"Pricing, Communication, Product Management, Marketing, Customer Experience, Brand Engagement, Product Strategy, Brand Architecture, Brand and Product Management, Psychology, Price Discrimination, Pricing Strategies,",4.6,3356.0,Coursera,,
TensorFlow: Data and Deployment Specialization,Data Science,Machine Learning,"Machine Learning, Tensorflow, advanced deployment, Object Detection, JavaScript, Convolutional Neural Network, TensorFlow.js, TensorFlow Lite, Mathematical Optimization, Artificial Neural Network, Extraction, Transformation And Loading (ETL), Data Pipelines,",4.7,1205.0,Coursera,,
Content Strategy for Professionals Specialization,Business,Marketing,"Communication Strategy, Brand Management, Persona (User Experience), Target Audience, Content Marketing, Content Creation,",4.6,697.0,Coursera,,
Digital Marketing Strategy and Planning Specialization,Business,Marketing,"Digital transformation, Digital Marketing, Content Marketing, Digital Strategy, Digital Research, Search Engine Marketing (SEM) Strategy, Display and Video Advertising Strategy, Social Media and Email Marketing Strategy, E-Commerce Strategy, Digital Channel Planning, Strategic Thinking, Strategy Execution,",4.6,223.0,Coursera,,
Organizational Change and Culture for Adopting Google Cloud Specialization,Information Technology,Cloud Computing,"Organizational Culture, Business Transformation, Business Value, Business Strategy, Business Case Analysis, SRE Culture,",4.8,314.0,Coursera,,
Foundations of Global Health Specialization,Health,Public Health,"Nutrition, International Law, Humanitarian, Public Health,",4.8,634.0,Coursera,,
Essentials of Corporate Finance Specialization,Business,Finance,"Financial Analysis, Corporate Finance, Financial Ratio, Balance Sheet, Ratio Analysis,",4.7,1229.0,Coursera,,
Python for Cybersecurity Specialization,Information Technology,Security,"pre-att&ck, Python Programming, Cybersecurity, attack and defend, Computer Programming, introduction to python for cybersecurity, Persistence, privilege escalation and evasion, Execution, active defense,",4.5,261.0,Coursera,,
Object Oriented Java Programming: Data Structures and Beyond Specialization,Computer Science,Software Development,"Data Structure, Problem Solving, Java Programming, Object-Oriented Programming (OOP), Logic Programming, Sorting Algorithm, Trees (Data Structures), Linked List, Binary Tree, Graphs, Search Algorithm, Graph Algorithms,",4.7,3341.0,Coursera,,
Integrative Nursing Specialization,Health,Patient Care,"integrative healthcare, wellbeing, patient-centered care, improved symptom management, evidence-based practice, symptom management, healthcare, Stress Management, Pain Management, whole-person care, Mindfulness, integrative medicine,",4.8,127.0,Coursera,,
Accounting Data Analytics Specialization,Data Science,Data Analysis,"Machine Learning, Python Programming, Data Visualization (DataViz), Data Preparation, Exploratory Data Analysis, Data Analysis, Predictive Analytics, Data Architecture, Coding, Linear Regression, SQL, Text Analysis,",4.6,151.0,Coursera,,
Habilidades Gerenciales  Specialization,Personal Development,Personal Development,"Delegation, Leadership, Coaching, Supervision,",4.8,2902.0,Coursera,,
Become a Journalist: Report the News! Specialization,Arts and Humanities,Music and Art,"Journalism, Writing, Professional, News Writing, Multimedia,",4.7,1271.0,Coursera,,
Introduction to Electricity and Magnetism Specialization,Physical Science and Engineering,Physics and Astronomy,"Calculus, Electronic Circuits, Physics, Force Fields, Electrical Engineering, Problem Solving,",4.7,37.0,Coursera,,
Modern Big Data Analysis with SQL Specialization,Data Science,Data Analysis,"Cloud Storage, Data Analysis, Big Data, Cloudera, SQL, Database (DBMS), Data Warehousing, Apache Hive, Apache Impala, Data Management, Distributed File Systems,",4.8,1130.0,Coursera,,
Clinical Data Science Specialization,Data Science,Data Analysis,"Implementation Science, Clinical Text Mining, R Programming, Computational Phenotyping, Data Quality Assessment,",4.4,303.0,Coursera,,
Diseño y Gestión de Proyectos de Desarrollo Specialization,Social Sciences,Governance and Society,"Sostenbilidad, Gestión de proyectos, Diseño de Proyectos, Planificación estratégica, Evaluación de necesidades, Control de proyecto, Sostenibilidad, Gestión de Recursos Humanos, Manejo del tiempo, Gestión de riesgos, Análisis e identificación de riesgos, Priorización de riesgos,",4.8,143.0,Coursera,,
Memoir and Personal Essay: Write About Yourself Specialization,Arts and Humanities,Music and Art,"Creativity, Writing, Non-fiction Writing, Storytelling, Essay Writing, English Language, Creative Writing, memoir,",4.4,319.0,Coursera,,
Improving Leadership & Governance in Nonprofit Organizations Specialization,Business,Leadership and Management,"Management, Strategic Leadership, Corporate Governance, Onboarding, Leadership Development,",4.4,173.0,Coursera,,
Game Design and Development with Unity 2020 Specialization,Computer Science,Software Development,"Video Game Development, Unity, video game, Game Design, technology, Game Making,",4.7,389.0,Coursera,,
Health Information Literacy for Data Analytics Specialization,Health,Health Informatics,"Data Model, healthcare terminology, healthcare data,",4.5,143.0,Coursera,,
Systems Biology and Biotechnology Specialization,Health,Biology,"Biology, Molecular Biology, Dynamical Systems, Matlab,",4.4,693.0,Coursera,,
TensorFlow 2 for Deep Learning Specialization,Data Science,Machine Learning,"Tensorflow, keras, TensorFlow Probability, Probabilistic Neural Networks, Deep Learning, Probabilistic Neural Network, Generative Model, Probabilistic Programming Language (PRPL),",4.8,526.0,Coursera,,
Digital Transformation in Financial Services Specialization,Business,Business Strategy,"Digital Strategy, Open Banking, Innovation, Financial Technology, Financial Services, Business Ecosystem, Crowdfunding, Peer-To-Peer Lending,",4.5,1368.0,Coursera,,
Digital Transformation Using AI/ML with Google Cloud Specialization,Information Technology,Cloud Computing,"Organizational Culture, Business Transformation, Business Value, Business Strategy, Business Case Analysis,",4.7,410.0,Coursera,,
Data Science with Databricks for Data Analysts Specialization,Data Science,Data Analysis,"Data Science, Data Analysis, Machine Learning, Spark SQL, SQL, Databricks,",4.5,390.0,Coursera,,
Healthcare Marketplace Specialization,Health,Healthcare Management,"Medical Device, Cost–Benefit Analysis, Healthcare Delivery Systems, Evaluation, Health Insurance, Healthcare Management, Insurance, Healthcare Marketing,",4.5,902.0,Coursera,,
Online Learning  Design for Educators Specialization,Social Sciences,Education,"Pedagogy, Online Learning Community, Teaching, Learning, Instructional Design, Infographics, Design-thinking, Podcast, Video Production, Multimedia, Video Conferencing, Virtual Class,",4.7,153.0,Coursera,,
Statistical Thermodynamics Specialization,Physical Science and Engineering,Mechanical Engineering,"Mechanical Engineering, Chemistry, Fluid Mechanics, Quantum Mechanics, Thermodynamics, Gases, Solids, Liquids,",4.4,416.0,Coursera,,
User Interface Design Specialization,Computer Science,Design and Product,"Usability, User Interface Design (UI Design), Design Theory, User Interface, User Research, Heuristic Evaluation,",4.6,1318.0,Coursera,,
JavaScript for Beginners Specialization,Computer Science,Mobile and Web Development,"web interactivty, Jquery, Data Manipulation, JavaScript, animations,",4.7,591.0,Coursera,,
Immunology: The Immune System and its Failures Specialization,Health,Basic Science,"Tumour immunity, Allergy/asthma., Autoimmunity, Infectious Diseases, Immunology, Allergy/asthma,",4.5,21.0,Coursera,,
Image Processing for Engineering and Science Specialization,Physical Science and Engineering,Electrical Engineering,"Image Segmentation, Matlab, Object Detection, Image Processing, video processing, region analysis, image filtering,",4.8,73.0,Coursera,,
Autodesk CAD/CAM for Manufacturing Specialization,Physical Science and Engineering,Mechanical Engineering,"Autodesk, Computer-Aided Design (CAD), Computer-Aided Manufacturing, Mechanical Engineering, Manufacturing Processes, Manufacturing Process Management, Autodesk Fusion 360, Manufacturing process, Computer-aided manufaturing, Engineering,",4.8,614.0,Coursera,,
"Data Engineering, Big Data and ML on Google Cloud 日本語版 Specialization",Computer Science,Software Development,"Tensorflow, Bigquery, Google Cloud Platform, Cloud Computing,",4.5,160.0,Coursera,,
Adapting: Career Development Specialization,Business,Leadership and Management,"Career Development, Stress Management, Resilience, Diversity (Business), Cultural intelligence,",4.8,273.0,Coursera,,
Claves de la Dirección de Empresas Specialization,Business,Leadership and Management,"Financial Accounting, Accounting, Evaluation, Business Analytics, Business Intelligence, Marketing, Marketing Strategy, Persona (User Experience), Leadership, Human Resources (HR), Organizational Culture,",4.8,1282.0,Coursera,,
European Business Law  Specialization,Social Sciences,Law,"Compete on the Internal Market, Legal Research, Law, Business Law, Foreign Policy,",4.9,279.0,Coursera,,
Information​ ​Systems Specialization,Information Technology,Support and Operations,"Project Management, Critical Thinking, Management, IT Skills and Knowledge, Finance and accounting skills and knowledge, Business analysis skills and knowledge, Project management skills and knowledge,",4.8,1133.0,Coursera,,
IBM AI Enterprise Workflow Specialization,Data Science,Machine Learning,"Data Science, Information Engineering, Artificial Intelligence (AI), Machine Learning, Python Programming,",4.4,178.0,Coursera,,
Programming in C++: A Hands-on Introduction Specialization,Computer Science,Software Development,"Computer Science, Computer Programming, C++, Object-Oriented Programming (OOP), Iteration, Variables, Conditionals, vectors, Files, Strings, Functions, Recursion,",4.6,629.0,Coursera,,
The Teacher and Social and Emotional Learning (SEL) Specialization,Social Sciences,Education,"SEL in Curriculum, Emotional Engagement, Social Emotional Learning, Evaluation, Teaching and Learning,",4.7,600.0,Coursera,,
Business English Specialization,Language Learning,Learning English,"Negotiation, English Language, Management, Marketing, Writing, Communication, Emailing, Meeting, Win-Win Game, Business Communication, Finance, Leadership,",4.7,1095.0,Coursera,,
Value-Based Care Specialization,Health,Healthcare Management,"value-based care, healthcare, social determinants of health, Leadership, Population Health, Quality Measures, value-based healthcare, Healthcare Quality, Patient Care, Health Insurance, Health Education, Public Health,",4.7,152.0,Coursera,,
Marketing with TikTok Specialization,Business,Marketing,"TikTok marketing, Social Media Marketing, Content Marketing, TikTok Advertising, TikTok video creation, Content Creation, Social Media Platforms, Marketing Plan, Market Analysis, E-Commerce,",4.7,28.0,Coursera,,
Vital Skills for Data Science Specialization,Data Science,Data Analysis,"Information Privacy, Cybersecurity, analysis, Ethics, Data Science, Applied Mathematics, Information Science, Statistics, Computer Science, Algorithms, Privacy, Philosophy,",4.5,42.0,Coursera,,
Building Cloud Computing Solutions at Scale Specialization,Information Technology,Cloud Computing,"Cloud Platforms, Cloud API, Machine Learning, Cloud Databases, Cloud Computing, Github, Devops,",4.4,215.0,Coursera,,
International Marketing & Cross Industry Growth  Specialization,Business,Marketing,"Business Marketing, Sports Marketing, Marketing, Global Marketing, Brand Management, Marketing Strategy, Variable Pricing, Hospital Management, Hotel Management, Marketing By Medium, Educational Entertainment,",4.7,1328.0,Coursera,,
Building No-Code Apps with AppSheet Specialization,Information Technology,Cloud Computing,"AppSheet, Google Sheets, No-code application development, AppSheet Automation, Navigate the AppSheet UI and editor to build an app, Learn the process to deploy and publish an app, Understand the capabilities of the AppSheet no-code app development platform, Work with app data sources using Google sheets, Create and customize the user experience of an app using AppSheet views and branding, App behaviors and automation, Application and data access control, App authoring and collaboration,",4.6,33.0,Coursera,,
CAD and Digital Manufacturing Specialization,Physical Science and Engineering,Mechanical Engineering,"Computer-Aided Design (CAD), Autodesk, Manufacturing Processes, Sustainable Design, Mechanical Design, 3d modeling, Autocad,",4.7,3730.0,Coursera,,
Palliative Care: It's Not Just Hospice Anymore Specialization,Health,Patient Care,"Easing Pain and Suffering, Health Management, Palliative Care, Communication, Patient Care,",4.8,322.0,Coursera,,
Plant Bioinformatic Methods Specialization,Physical Science and Engineering,Research Methods,"Genetic Analysis, Bioinformatics Analysis, Evolution, Comparative Genomics,",4.8,669.0,Coursera,,
3D Printing and Additive Manufacturing Specialization,Computer Science,Design and Product,"Prototyping, Fusion360, Tinkercad, 3D printing, 3d modeling, Materials, Product Development, New Product Development, Human–Computer Interaction,",4.5,164.0,Coursera,,
Implementación del Marketing Mix Specialization,Business,Marketing,"Trade Marketing, Marketing, Brand Management, Pricing Strategies, Product Management, Touchpoint, Business Strategy, Pricing, Strategic Management, Retailing, Marketing Mix, Retail Management,",4.8,871.0,Coursera,,
Learn English: Advanced Grammar and Punctuation Specialization,Language Learning,Learning English,"English Grammar, Punctuation, Grammar, English Language, Perfect Tenses,",4.8,1844.0,Coursera,,
Leverage Data Science for a More Agile Supply Chain Specialization,Data Science,Data Analysis,"Data-Informed Decision-Making, Analyze Metrics, Resource and Capacity Optimization, Risk identification, Agile Supply Chain Planning, Demand Planning, Data Analysis, Supply Chain, constrained forecast, supply planning,",4.4,58.0,Coursera,,
Art for Games  Specialization,Arts and Humanities,Music and Art,"Design, Video Game Development, concept art, Animation, 3d modeling,",4.5,176.0,Coursera,,
Getting Started with Google Workspace en Español Specialization,Information Technology,Cloud Computing,"File Shortcut, Email, Signature, Confidentiality, Streams, Retain, Upload,",4.7,36.0,Coursera,,
Career Self-Management Training and Certification Specialization,Business,Business Essentials,"Self-Assessment, Skills Management, Career, Personal Branding, Job Readiness, Career Development, personal strategy, Self-Coaching, Competence (Human Resources), Competitiveness, strategy, Personal Development,",4.5,218.0,Coursera,,
Introduction to Scripting in Python Specialization,Computer Science,Software Development,"Codeskulptor, Data Analysis, Python Programming, Data Visualization (DataViz), Python Syntax And Semantics, Debugging, Tuple, List & Label,",4.7,2852.0,Coursera,,
Market Research Specialization,Business,Marketing,"Use qualitative and quantitative research methodologies, Manage the development and use of different research instruments, Analyse and interpret data, Develop a research proposal, Familiarise with the essentials of market research, Identify and formulate the research needs, Understand the research process, Reflect on the development of the research proposal, Collect primary and secondary data, Adopt different sampling approaches, Evaluate different data collection approaches, Refine research instruments,",4.0,14.0,Coursera,,
Administración de Proyectos: Principios Básicos Specialization,Business,Leadership and Management,"Risk Management, Microsoft Project, Cost, Project, Project Management, Leadership, Planning, Project Planning, Management, Project Risk Management,",4.7,3297.0,Coursera,,
AI in Healthcare Specialization,Data Science,Machine Learning,,4.7,1023.0,Coursera,,
The Art of Sales: Mastering the Selling Process Specialization,Business,Leadership and Management,,4.7,1133.0,Coursera,,
Self-Driving Cars Specialization,Computer Science,Software Development,,4.7,2509.0,Coursera,,
Anatomy Specialization,Health,Basic Science,,4.8,2672.0,Coursera,,
Learn English: Beginning Grammar Specialization,Language Learning,Learning English,,4.9,1931.0,Coursera,,
IELTS Preparation Specialization,Language Learning,Learning English,,4.6,1053.0,Coursera,,
"Modern Robotics:  Mechanics, Planning, and Control Specialization",Physical Science and Engineering,Mechanical Engineering,,4.8,838.0,Coursera,,
Extended Reality for Everybody Specialization,Computer Science,Design and Product,,4.7,266.0,Coursera,,
Algebra: Elementary to Advanced Specialization,Math and Logic,Math and Logic,,4.8,374.0,Coursera,,
Business and Marketing Strategies Specialization,Business,Marketing,,4.6,43.0,Coursera,,
Digital Technologies and the Future of Manufacturing  Specialization,Business,Business Strategy,,4.5,97.0,Coursera,,
Web3 and Blockchain in Global Commerce Specialization,Computer Science,Computer Security and Networks,,4.7,17.0,Coursera,,
Fundraising and Development Specialization,Business,Business Strategy,,4.6,260.0,Coursera,,
Become a Sustainable Business Change Agent Specialization,Business,Leadership and Management,,4.7,216.0,Coursera,,
Interviewing and Resume Writing in English Specialization,Business,Business Essentials,,4.6,267.0,Coursera,,
Learn Mandarin Chinese Specialization,Language Learning,Other Languages,,4.8,1377.0,Coursera,,
Newborn Baby Care Specialization,Health,Patient Care,,4.8,645.0,Coursera,,
商务基础 (中文版) Specialization,Business,Business Essentials,,4.8,199.0,Coursera,,
Scrum Master Certification Specialization,Computer Science,Design and Product,,4.7,1835.0,Coursera,,
Programming with Google Go Specialization,Computer Science,Software Development,,4.6,2281.0,Coursera,,
Sports Performance Analytics Specialization,Data Science,Data Analysis,,4.5,164.0,Coursera,,
Learn Spanish: Basic Spanish Vocabulary Specialization,Language Learning,Other Languages,,4.6,3009.0,Coursera,,
Blockchain Revolution Specialization,Computer Science,Software Development,,4.7,2091.0,Coursera,,
Creating Business Value with Data and Looker Specialization,Information Technology,Cloud Computing,,4.7,196.0,Coursera,,
TOEFL Preparation Specialization,Language Learning,Learning English,,4.5,385.0,Coursera,,
Foundations of Public Health Practice Specialization,Health,Public Health,,4.8,365.0,Coursera,,
Computational Social Science Specialization,Data Science,Data Analysis,,4.7,486.0,Coursera,,
"Energy Production, Distribution & Safety Specialization",Physical Science and Engineering,Electrical Engineering,,4.7,5440.0,Coursera,,
Digitalisation in Aeronautics and Space Specialization,Physical Science and Engineering,Mechanical Engineering,,4.8,249.0,Coursera,,
Introducción a la inteligencia artificial Specialization,Computer Science,Algorithms,,4.6,288.0,Coursera,,
Digital Health Specialization,Health,Public Health,,4.5,147.0,Coursera,,
Sales Operations/Management Specialization,Business,Leadership and Management,,4.5,268.0,Coursera,,
The Art of Visual Storytelling Specialization,Personal Development,Personal Development,"scripting, visual storytelling, Graphics, Videography, Editing, Video Editing, Linear Editing, Video Production, video pre-production, Framing, Storytelling, video,",,,Coursera,,
Advanced Leadership Skills for the 21st Century Specialization,Business,Leadership and Management,"Strategic Leadership, leading a diverse workforce, Change Management, leading teams, Leadership, Understand the difference between leadership and management, Determine your leadership style, Define leadership, Assist in leading your organization to change management, Develop your leadership philosophy, Attract and retain a diverse team of employees, Increase collaboration by implementing strategies for team performance,",,,Coursera,,
Advanced Embedded Linux Development Specialization,Computer Science,Software Development,"Linux, Kernel Programming, Embedded Systems, C Programming, Embedded Software, Embedded Systems Engineering, Shell Script, Electrical Engineering, Agile Software Development,",,,Coursera,,
Strategic Thinking for Everyone Specialization,Personal Development,Personal Development,"Soft skills, Professional Skills, Imagining the future with a frame, Regaining power over the future, Harnessing imagination in scenarios, Asking the right questions, Getting the most of data you collect, Collecting data with a hypothesis, Sharing new insights from data,",,,Coursera,,
Professional Selling: 3 Steps to High-Performance Specialization,Business,Marketing,"Prospecting, Knowing the Buyer's Journey, Establishing Needs, Sales Call Preparation, Handling Objections, Build enhanced communications skills required in sales interactions, Know how to build and gaine genuine trust of customers that leads to lasting business relationships, Understand the fundamentals of the sales process, Understand how high performing sales people approach sales, Understand how customers think and progress through their decision process to make purchasing decisions, Utilize methods for talking with and engaging leads, Strategize to gain qualified leads and referrals,",,,Coursera,,
GPU Programming Specialization,Computer Science,Software Development,"Machine Learning, GPU, Parallel Computing, Image Processing, C++, Cuda, Python Programming, Thread (Computing), Algorithms, C/C++, Nvidia, Data Science,",,,Coursera,,
Healthy and Sustainable Foods and Products Specialization,Health,Public Health,"Problem Solving, Performance, disease, Flow Network, Environmental Impact Assessment, Sustainability, Environmental Health, Diets, Motivation,",,,Coursera,,
Communication For Everyone  Specialization,Personal Development,Personal Development,"Soft skills, Professional Skills, Using video meetings to communicate, Using email to communicate, Communicating with others in person, Using active listening with teams, Getting and giving group feedback, Reacting productively to conflicts, Facilitating group meetings, Maximizing productive team cultures, Responding with an elevator pitch, Preparing an informative lecture,",,,Coursera,,
Principles of Leadership: Leading Technical Teams Specialization,Personal Development,Personal Development,"Team Building, Collaboration, Communication, Transparency, Negotiation, Managing Stakeholders, Resilience, Relationships, Creating a culture, Sustaining Engagement, Delegation, Building Teams,",,,Coursera,,
"Diversity, Equity, and Inclusion for Organizational Leaders Specialization",Business,Leadership and Management,"DEI Strategy, Organization Development, Workplace Inclusion, Cross-Cultural Communication, Leadership And Management, Emotional Intelligence, Social Justice, Business Psychology, Critical Thinking, Business Strategy, Leadership Development, Business Communication,",,,Coursera,,
Home-Based Child Care Specialization,Social Sciences,Education,"Child Care, Business Accumen, Creativity, Planning & Instructing, Decision-Making, Communication, Planning & Instruction, Hiring, safety, Mental Health, Emergency Management, Nutrition,",,,Coursera,,
Deep Learning for Healthcare Specialization,Data Science,Machine Learning,"Big Data, Machine Learning, Deep Learning, Health Care, Graphs, Unsupervised Learning, Autoencoder,",,,Coursera,,
Google Data Analytics Professional Certificate,Data Science,Data Analysis,"Spreadsheet,Data Cleansing,Data Analysis,Data Visualization (DataViz),SQL,Questioning,Decision-Making,Problem Solving,Metadata,Data Collection,Data Ethics,Sample Size Determination,Data Integrity,Data Calculations,Data Aggregation,Tableau Software,Presentation,R Programming,R Markdown,Rstudio,Job portfolio,case study,",4.8,,Coursera,,
Google Project Management: Professional Certificate,Business,Leadership and Management,"Organizational Culture,Career Development,Strategic Thinking,Change Management,Project Management,Stakeholder Management,Business Writing,Project Charter,Project Planning,Risk Management,Task Estimation,Procurement,Quality Management,Project Execution,Coaching,Influencing,Agile Management,Problem Solving,Scrum,Effective Communication,",4.9,,Coursera,,
IBM Data Science Professional Certificate,Data Science,Data Analysis,"Data Science,Deep Learning,Machine Learning,Big Data,Data Mining,Github,Python Programming,Jupyter notebooks,Rstudio,Methodology,CRISP-DM,Data Analysis,Pandas,Numpy,Cloud Databases,Relational Database Management System (RDBMS),SQL,Predictive Modelling,Data Visualization (DataViz),Model Selection,Dashboards and Charts,dash,Matplotlib,SciPy and scikit-learn,regression,classification,Hierarchical Clustering,Jupyter Notebook,Data Science Methodology,K-Means Clustering,",4.6,,Coursera,,
Google UX Design Professional Certificate,Computer Science,Design and Product,"User Experience (UX),UX Research,Wireframe,Prototype,User Experience Design (UXD),Usability Testing,mockup,Figma,Adobe XD,UX design jobs,",4.8,,Coursera,,
Google IT Support Professional Certificate,Information Technology,Support and Operations,"Debugging,Encryption Algorithms and Techniques,Customer Service,Network Protocols,Cloud Computing,",4.8,,Coursera,,
IBM Data Analyst Professional Certificate,Data Science,Data Analysis,"Microsoft Excel,Python Programming,Data Analysis,Data Visualization (DataViz),SQL,",4.7,,Coursera,,
Google Digital Marketing & E-commerce Professional Certificate,Business,Marketing,"Marketing,E-Commerce,display advertising,Email Marketing,Search Engine Optimization (SEO),",4.9,,Coursera,,
IBM DevOps and Software Engineering Professional Certificate,Computer Science,Software Development,"Test-Driven Development,CI/CD,Behavior-Driven Development,Devops,Cloud Native,Iaas PaaS Saas,Hybrid Multicloud,Cloud Computing,Agile Software Development,Scrum Methodology,Zenhub,Kanban,Sprint Planning,Basic programming concepts,Careers in software engineering,Programming languages and frameworks,The Software Development Lifecycle (SDLC),Software Architecture,Shell Script,Bash (Unix Shell),Linux,Distributed Version Control (DRCS),open source,Version Control Systems,Github,Git (Software),Data Science,Python Programming,Data Analysis,Pandas,Numpy,Artificial Intelligence (AI),Web Application,Application development,Flask,Kubernetes,Docker,Containers,Openshift,Swagger,serverless,Microservices,Representational State Transfer (REST),IBM Code Engine,Test Case,Software Testing,Automated Testing,Continuous Integration,Continuous Development,Automation,Infrastructure As Code,Open Web Application Security Project (OWASP),Observability,security,Monitoring,logging,agile,",4.7,,Coursera,,
IBM Full Stack Software Developer Professional Certificate,Information Technology,Cloud Computing,"Cloud Native,Devops,Iaas PaaS Saas,Hybrid Multicloud,Cloud Computing,Cascading Style Sheets (CSS),HTML,Git (Software),JavaScript,Cloud Applications,Distributed Version Control (DRCS),open source,Version Control Systems,Github,Web Development,User Interface,React (Web Framework),Front-end Development,back-end development,Server-side JavaScript,express,Computer Science,Data Science,Python Programming,Data Analysis,Pandas,Numpy,Artificial Intelligence (AI),Web Application,Application development,Flask,Django (Web Framework),Database (DBMS),SQL,Kubernetes,Docker,Containers,Openshift,Swagger,serverless,Microservices,Representational State Transfer (REST),IBM Code Engine,Node.Js,",4.5,,Coursera,,
IBM Data Engineering Professional Certificate,Information Technology,Data Management,"Relational Database Management Syste (RDBMS),ETL & Data Pipelines,NoSQL and Big Data,Apache Spark,SQL,",4.6,,Coursera,,
IBM Data Analytics with Excel and R Professional Certificate,Data Science,Data Analysis,"Microsoft Excel,Relational Databases (RDBMS),R Programming,Data Analysis,Data Visualization (DataViz),",4.7,,Coursera,,
IBM Cybersecurity Analyst Professional Certificate,Information Technology,Security,"information security analyst,IT security analyst,security analyst,Junior cybersecurity analyst,",4.6,,Coursera,,
Google Advanced Data Analytics Professional Certificate,Data Science,Data Analysis,"Data Science,Regression Models,Predictive Modelling,Exploratory Data Analysis (EDA),Statistical Analysis,Machine Learning,Python Programming,Data Analysis,Jupyter Notebook,Tableau Software,Data Visualization (DataViz),Kaggle,",4.7,,Coursera,,
IBM Back-End Development Professional Certificate,Computer Science,Software Development,"Database (DBMS),Containers,Python Programming,Microservices,Backend Development,",4.8,,Coursera,,
IBM Applied AI Professional Certificate,Data Science,Machine Learning,"Data Science,Deep Learning,Artificial Intelligence (AI),Jobs,Machine Learning,Application Programming Interfaces (API),watson,Python Programming,Data Analysis,Pandas,Numpy,Web Application,Application development,Flask,Artifical Intelligence,Watson AI,Chatbot,",4.6,,Coursera,,
Meta Front-End Developer Professional Certificate,计算机科学,移动和网络开发,"Cascading Style Sheets (CSS),HTML,UI/UX design,React,JavaScript,",4.7,,Coursera,,
IBM IT Support  Professional Certificate,Information Technology,Support and Operations,"Networking/Cybersecurity Essentials,IT Fundamentals,Hardware/Software Setup,Technical Support,Cloud Computing,",4.8,,Coursera,,
Google IT Automation with Python Professional Certificate,Information Technology,Support and Operations,"Using Version Control,Troubleshooting & Debugging,Python Programming,Configuration Management,Automation,",4.9,,Coursera,,
IBM Data Warehouse Engineer Professional Certificate,Information Technology,Data Management,"Data Science,Database (DBMS),NoSQL,SQL,Database (DB) Design,Database Architecture,Postgresql,MySQL,Relational Database Management System (RDBMS),Create, Read, Update And Delete,Data Analysis,Shell Script,Bash (Unix Shell),Linux,Database Servers,Relational Database,Database Security,database administration,Extraction, Transformation And Loading (ETL),Apache Kafka,Apache Airflow,Data Pipelines,Data Warehousing,Cube and Rollup,Business Intelligence (BI),Star and Snowflake Schema,cognos analytics,OLTP Databases,",4.7,,Coursera,,
IBM AI Engineering Professional Certificate,Data Science,Machine Learning,"SciPy and scikit-learn,Machine Learning,regression,classification,Hierarchical Clustering,Deep Learning,Artificial Neural Network,Artificial Intelligence (AI),keras,Opencv,Image Processing,Computer Vision,",4.5,,Coursera,,
IBM Applied DevOps Engineering Professional Certificate,Computer Science,Software Development,"Site Reliability Engineering (SRE),DevOps Engineering,Kubernetes,Agile Methodologies,Continuous Integration and Continuous Deployment (CI/CD),",4.9,,Coursera,,
Meta Social Media Marketing Professional Certificate,Business,Marketing,"Performance Advertising,Digital Marketing,Brand Management,Social Media Marketing,Content Marketing,",4.9,,Coursera,,
Intuit Academy Bookkeeping Professional Certificate,Business,Business Essentials,"Double-Entry Bookkeeping System,Bookkeeping,Bank Reconciliations,Accounting Concepts and Measurement,",4.5,,Coursera,,
DeepLearning.AI TensorFlow Developer Professional Certificate,Data Science,Machine Learning,"Computer Vision,Convolutional Neural Network,Machine Learning,Natural Language Processing,",4.7,,Coursera,,
Meta Back-End Developer Professional Certificate,Computer Science,Mobile and Web Development,"Cloud Hosting,Application Programming Interfaces (API),Python Programming,Computer Programming,Django (Web Framework),Linux,Web Development,Bash (Unix Shell),Github,Version Control,MySQL,Database (DBMS),database administration,Build a data model,Design a web application,Debugging,Authentication and authorization,REST APIs,Filtering and ordering,Serializers and deserializers,Cascading Style Sheets (CSS),HTML,Production environments,JavaScript,API endpoints,Pseudocode,Algorithms,Communication,Data Structure,Computer Science,",4.7,,Coursera,,
Meta iOS Developer Professional Certificate,Computer Science,Mobile and Web Development,"iOS App Development,Application development,Mobile Development,Linux,Web Development,Bash (Unix Shell),Github,Version Control,Swift Programming,Web Design,Front-End Web Development,User Experience (UX),Accessibility,use navigation in your apps,Json,APIs,Core Data,•	Create simple JavaScript code,•	Create and manipulate objects and arrays,•	Write unit testing using Jest,Web Application,React (Web Framework),React (Javascript Library),React,Software Architecture,UI development,Data Management,Pseudocode,Algorithms,Communication,Data Structure,Computer Science,",4.7,,Coursera,,
Google Business Intelligence Professional Certificate,Data Science,Data Analysis,"Data Modeling,Business Analysis,Bigquery,Sheets,Data Analysis,Extraction, Transformation And Loading (ETL),Business Process,Tableau Software,Data Visualization (DataViz),Business Intelligence,SQL,Dashboarding and Reporting,",5.0,,Coursera,,
Meta Android Developer Professional Certificate,Computer Science,Mobile and Web Development,"Android Studio,Application development,Mobile Development,Linux,Web Development,Bash (Unix Shell),Github,Version Control,create arrays,Kotlin Playground,create control flow patterns using conditionals and loops,practice using and extending protocols.,declare and initialize different types of variables,Web Design,Front-End Web Development,User Experience (UX),Accessibility,Use UI component libraries to build Android UI,Create a simple Android UI,Compose UI using Kotlin UI views,Build a simple UI using the Layout Editor,Working with SQlite,Rest API's,data and databases,•	Create simple JavaScript code,•	Create and manipulate objects and arrays,•	Write unit testing using Jest,Web Application,React (Web Framework),React (Javascript Library),React,Kotlin,UX and UI,Pseudocode,Algorithms,Communication,Data Structure,Computer Science,",4.7,,Coursera,,
Meta Database Engineer Professional Certificate,Information Technology,Data Management,"SQL and Python syntax,database management,database administration,MySQL,Tabular records,",4.6,,Coursera,,
Análisis de Datos de Google Professional Certificate,Ciencia de Datos,Análisis de Datos,"Visualización de Datos (DataViz),Limpieza de datos,Hoja de cálculo,análisis de datos,SQL,Cuestionamiento,Resolución de problemas,Toma de decisiones,Recopilación de datos,Metadatos,Ética de datos,Determinación del tamaño de la muestra,Integridad de datos,Cálculos en torno a los datos,Agregación de datos,Tableau Software,presentación,Programación en R,R Markdown,Rstudio,Portfolio de trabajo,Caso práctico,",5.0,,Coursera,,
SAP Technology Consultant  Professional Certificate,Business,Leadership and Management,"Client engagement and communication,How to launch and develop your SAP career,Business and process analysis,Solution design and implementation,Understanding the SAP world and solutions,",4.8,,Coursera,,
Gestión de Proyectos de Google Professional Certificate,Negocios,Liderazgo y Gestión,"Gestión de proyectos,Cultura de la organización,Pensamiento estratégico,desarrollo profesional,gestión de cambios,Estatuto del proyecto,Redacción de negocios,Gestión de los interesados,Gestión de riesgos,Adquisiciones,Planificación de Proyectos,Estimación de tareas,Gestión de calidad,Ejecución del proyecto,Influencia,Asesoramiento,Resolución de problemas,Gestión con la metodología Agile,Scrum,Comunicación efectiva,",4.9,,Coursera,,
AWS Cloud Solutions Architect  Professional Certificate,Information Technology,Cloud Computing,"AWS Certification Preparation,Cloud Architecture,Architecting on AWS,Data Lakes,AWS Management Console,",4.8,,Coursera,,
Arizona State University TESOL Professional Certificate,Language Learning,Learning English,"EFL,English Language,TESOL,ESL,English language teaching,",4.9,,Coursera,,
Salesforce Sales Operations Professional Certificate,Business,Business Essentials,"CRM,Sales Operations,Salesforce Lightning,Sales,Salesforce,",4.7,,Coursera,,
Diseño de Experiencia del Usuario (UX) de Google Professional Certificate,Ciencias de la Computación,Diseño y Producto,"Experiencia del usuario (UX),Esquema,Diseño de la experiencia del usuario (UXD),Investigación en UX,Prototipo,Esquema de página,Pruebas de usabilidad,Maqueta,Figma,Adobe XD,Trabajos de diseño de UX,",4.9,,Coursera,,
Preparing for Google Cloud Certification: Machine Learning Engineer Professional Certificate,Information Technology,Cloud Computing,"Google Cloud,Machine Learning,Feature Engineering,Tensorflow,Cloud Computing,",4.6,,Coursera,,
Preparing for Google Cloud Certification: Cloud Data Engineer Professional Certificate,Data Science,Machine Learning,"Information Engineering,Google Cloud,Bigquery,Tensorflow,Cloud Computing,",4.6,,Coursera,,
Preparing for Google Cloud Certification: Cloud Architect Professional Certificate,Information Technology,Cloud Computing,"Google Compute Engine,Google App Engine (GAE),Google Cloud Platform,Cloud Computing,Virtual Machine,Network Architecture,Debugging,Cloud Storage,Data Store,Load Balancing,Virtual Private Network (VPN),Autoscaling,Disaster Recovery,Site Reliability Engineering,",4.8,,Coursera,,
Google Data Analytics (PT) Professional Certificate,Data Science,Data Analysis,"Visualização de dados (DataViz),Limpeza de dados,Planilha,SQL,Análise dos dados,análise de dados,Questionamento,Solução de problemas,Tomada de decisões,Metadados,Ética em Dados,Coleta de Dados,Integridade dos dados,Determinação do tamanho da amostra,Cálculos de dados,Agregação de dados,Apresentação,Software Tableau,programação em R,R Markdown,Rstudio,Estudo de caso,Portfólio profissional,",4.9,,Coursera,,
Preparing for Google Cloud Certification: Cloud Engineer Professional Certificate,Information Technology,Cloud Computing,"Google Compute Engine,Google App Engine (GAE),Google Cloud Platform,Cloud Computing,Virtual Machine,Network Architecture,Debugging,Cloud Storage,Data Store,Load Balancing,Virtual Private Network (VPN),Autoscaling,Google Cloud,GCP Infrastructure,GCP ACE Certification,",4.8,,Coursera,,
Análise de marketing da Meta Professional Certificate,Negócios,Marketing,"Marketing Strategy,Data Analysis,Marketing Mix Optimization,Statistics for Marketing,Advertising Effectiveness Evaluation,",4.7,,Coursera,,
Preparing for Google Cloud Certification: Cloud DevOps Engineer Professional Certificate,Information Technology,Cloud Computing,"Google Compute Engine,Google App Engine (GAE),Google Cloud Platform,Cloud Computing,SRE Culture,Business Value,Organizational Culture,Disaster Recovery,Site Reliability Engineering,Continuous Delivery,Kubernetes,Jenkins (Software),",4.8,,Coursera,,
Preparing for Google Cloud Certification: Cloud Developer Professional Certificate,Information Technology,Cloud Computing,"Debugging,Google Cloud Platform,Cloud Storage,Application development,Cloud Computing,",4.7,,Coursera,,
Preparing for Google Cloud Certification: Cloud Security Engineer Professional Certificate,Information Technology,Cloud Computing,"Google Compute Engine,Google App Engine (GAE),Google Cloud Platform,Cloud Computing,Create and understand custom IAM roles,Secure a Kubernetes environment,Create and configure network peering,",4.8,,Coursera,,
Preparing for Google Cloud Certification: Cloud Network Engineer Professional Certificate,Information Technology,Cloud Computing,"Google Compute Engine,Google App Engine (GAE),Google Cloud Platform,Cloud Computing,",4.7,,Coursera,,
PwC GST Taxation Executive  Professional Certificate,Business,Finance,"E-invoicing & E-way bill,GST technical,GST Compliances & Return filing,GST law,Registration & Reconciliation,",4.5,,Coursera,,
Salesforce Sales Development Representative Professional Certificate,Business,Business Essentials,"Sales Development,interviewing,Sales,Time management,Cold Calling,",4.5,,Coursera,,
SAS Programmer Professional Certificate,Data Science,Data Analysis,"SAS Studio,Import Data,Reports,Prepare Data,SAS Programs,",4.8,,Coursera,,
Google UX Design (PT) Professional Certificate,Computer Science,Design and Product,"Pesquisa de UX,Design de experiência do usuário (UXD),Wireframe,Prototipo,Experiência do usuário (UX),Testagem de usabilidade,maquete,Figma,Adobe XD,Empregos em Design de UX,",4.9,,Coursera,,
Google Project Management (PT) Professional Certificate,Business,Leadership and Management,"Cultura organizacional,gestão de mudança,gerenciamento de projetos,desenvolvimento de carreira,Pensamento estratégico,Escrita de negócios,Termo de abertura do projeto,Compras,gestão de riscos,Planejamento de projetos,Estimativa de tarefas,Gerenciamento da qualidade,Gerenciamento de riscos,Execução de projetos,Coaching,Influencia,Gerenciamento Agile,Solução de problemas,Scrum,Comunicação eficaz,Gerenciamento das partes interessadas,",4.9,,Coursera,,
Microsoft Azure Data Scientist Associate (DP-100)  Professional Certificate,Computer Science,Software Development,"Manage Azure resources for machine learning,Deploy and operationalize machine learning solutions,Run experiments and train models,Implement responsible machine learning,",4.5,,Coursera,,
Google Data Analytics Professional Certificate,Data Science,Data Analysis,"Tableurs,Visualisation des données (DataViz),SQL,Nettoyage des données,Analyse de donnees,Prise de décision,Résolution de problèmes,Questionnement,Collecte de données,Éthique des données,Métadonnées,Détermination de la taille d’échantillon,Feuille de calcul,Intégrité des données,Analyse des données,Agrégation des données,Calculs de données,Presentation,Logiciel Tableau,programmation R,R Markdown,Rstudio,Portfolio pour la recherche d'emploi,Étude de cas,",4.4,,Coursera,,
Google Project Management Professional Certificate,Business,Leadership and Management,"Gestion du changement,Gestion de projets,Réflexion stratégique,Culture organisationnelle,Perfectionnement professionnel,Charte de projet,Gestion de projet,Gestion des parties prenantes,Écriture commerciale,Gestion des risques,Planification de projet,Approvisionnement,Estimation de la tâche,Exécution du projet,Gestion de la qualité,Coaching,Gestion Agile,Influencer Marketing,Résolution de problèmes,Scrum,Gestion des partenaires,Communication efficace,",4.8,,Coursera,,
Google データアナリティクス Professional Certificate,データサイエンス,データ分析,"ビジュアライゼーション,",4.6,,Coursera,,
Tally Bookkeeper Professional Certificate,Business,Finance,"Bookkeeping,business accounting,tally prime,Banking,Finance,",4.6,,Coursera,,
تحليلات البيانات من Google Professional Certificate,Data Science,Data Analysis,"دول البيانات,مؤثرات عرض البيانات (DataViz),تنظيف البيانات,SQL,تحليل البيانات,طرح الأسئلة,جدول البيانات,عملية اتخاذ القرار,حل المشكلات,أخلاقيات البيانات,جمع البيانات,بيانات التعريف,سلامة البيانات,نظيف البيانات,تحديد حجم العينة,تجميع البيانات,العمليات الحسابية للبيانات,تحليلات البيانات,العرض التقديمي,برنامج Tableau,R Markdown,لغة البرمجة R,Rstudio,محفظة الوظائف,دراسة الحالة,",4.8,,Coursera,,
SAS Visual Business Analytics Professional Certificate,Data Science,Data Analysis,"Business Analytics,SAS VA,SAS Visual Analytics,",4.7,,Coursera,,
Google UX Design Professional Certificate,Computer Science,Design and Product,"Maquette fonctionnelle,Expérience utilisateur (UX),Conception Expérience Utilisateur (UXD),Prototype,Recherche UX,Armature,Conception de l’expérience utilisateur (UXD),Tests de la facilité d’utilisation,Figma,maquette,Adobe XD,Test d’utilisabilité,Test de facilité d’utilisation,Emplois de conception UX.,",4.5,,Coursera,,
Palo Alto Networks Cybersecurity Professional Certificate,Information Technology,Security,"Managing and encrypting a zero-trust environment,Deploying VPNs and SSL/SSH encryption,Analyzing firewall logs and configuring security controls,Configuring network protection and dynamic routing using firewalls,Mitigating vulnerabilities using packet capture and analysis,",4.7,,Coursera,,
Google IT Support (Deutsch)  Professional Certificate,Information Technology,Support and Operations,"Debugging,Customer Service,Network Protocols,Encryption Algorithms,Cloud Computing,",4.7,,Coursera,,
Google IT Support Professional Certificate,Information Technology,Support and Operations,"Service client,Débogage,Cloud computing.,Algorithmes et techniques de chiffrement,Protocoles réseau,",4.5,,Coursera,,
Google Project Management (DE) Professional Certificate,Business,Leadership and Management,"Projektmanagement,Strategisches Denken,Veränderungsmanagement,Karriereentwicklung,Organisationskultur,Stakeholder-Management,Business Writing,Projektcharta,Aufgabenschätzung,Projektplanung,Risikomanagement,Beschaffung,Projektabwicklung,Qualitätsmanagement,•	Problemlösung,•	Scrum,•	Agiles Management,•	Einflussnahme,•	Coaching,Problemlösung,Effektive Kommunikation,",3.7,,Coursera,,
Marketing en redes sociales de Meta Professional Certificate,Business,Marketing,"Publicidad de rendimiento,Marketing en redes sociales,Marketing digital,Gestión de marcas,Marketing de contenidos,",4.9,,Coursera,,
Preparing for Google Cloud Certification: Cloud Data Engineer Professional Certificate 日本語版 Professional Certificate,Data Science,Machine Learning,"Tensorflow,Bigquery,Google Cloud Platform,Cloud Computing,",4.6,,Coursera,,
Analitik Data Google Professional Certificate,Data Science,Data Analysis,"Analisis data,Visualisasi Data (DataViz),Pembersihan Data,SQL,Aplikasi Spreadsheet,Spreadsheet,Pengambilan keputusan,Mengajukan pertanyaan,Pemecahan Masalah,Pengumpulan data,Metadata,Etika data,Sample Size Determination (Penentuan Ukuran Sampel),Data Integrity (Integritas data),Data Cleansing (Pembersihan Data),Agregasi data,Kalkulasi Data,Perangkat Lunak Tableau,Presentasi,Pemrograman R,R Markdown,Rstudio,Studi kasus,Portofolio Kerja,",4.9,,Coursera,,
Google Data Analytics (DE) Professional Certificate,Data Science,Data Analysis,"Datenbereinigung,Kalkulationstabelle,Datenvisualisierung (DataViz),Datenanalyse,SQL,Entscheidungsfindung,Tabellenkalkulation,Problemlösung,Fragestellung,Datenerhebung,Metadaten,Datenethik,Datenintegrität,Bestimmung der Stichprobengröße,Datenberechnungen,-	Tabellenkalkulation,Datenaggregation,-	Präsentation,-	Datenanalyse,-	Datenvisualisierung (DataViz),-	Tableau-Software,-	R-Programmierung,-	Rstudio,-	R Markdown,-	Fallstudie,-	Job-Portfolio,-	Datenbereinigung,",4.5,,Coursera,,
IBM Machine Learning Professional Certificate,Data Science,Machine Learning,"Artificial Intelligence (AI),Machine Learning,Feature Engineering,Statistical Hypothesis Testing,Exploratory Data Analysis,Regression Analysis,Supervised Learning,Linear Regression,Ridge Regression,Machine Learning (ML) Algorithms,Decision Tree,Ensemble Learning,Classification Algorithms,Dimensionality Reduction,Unsupervised Learning,Cluster Analysis,K Means Clustering,Principal Component Analysis (PCA),Deep Learning,Artificial Neural Network,Reinforcement Learning,keras,Python Programming,Data Analysis,unsupervised machine learning,",4.6,,Coursera,,
Microsoft Azure Data Engineering Associate (DP-203) Professional Certificate,Data Science,Data Analysis,"Develop for Azure storage,Develop Azure compute solutions,Connect to and consume Azure services and third-party services,Implement Azure security,Monitor and troubleshoot Azure solutions,",4.3,,Coursera,,
IBM Mainframe Developer Professional Certificate,Computer Science,Software Development,"Mainframe,z/OS,Enterprise Software,security,IBM Z,COBOL Divisions,COBOL coding,Column Structure,COBOL Structure,Symbols,Computer Programming,Euler'S Totient Function,Intrinsic Function,Sorting,Issue Tracking System,Scrum (Software Development),Interfaces,Command-Line Interface,",4.4,,Coursera,,
Google Cloud Digital Leader Training Professional Certificate,Information Technology,Cloud Computing,,4.8,,Coursera,,
IBM z/OS Mainframe Practitioner Professional Certificate,Information Technology,Data Management,"Linux,Mainframe,z systems,security,IBM Z,",4.7,,Coursera,,
Soporte de Tecnologías de la Información de Google Professional Certificate,Information Technology,Support and Operations,"Linux,Código binario,Solución de problemas,Soporte al cliente,Ipv4,Sistema de nombres de dominio,Modelo de red,Powershell,Interfaz de comandos,Sistemas de archivos de Linux,Protocolo ligero de acceso a directorios,Respaldo,Servicio de directorio,Ciberseguridad,Criptografía,Seguridad inalámbrica,Seguridad de la red,",4.9,,Coursera,,
Suporte em TI do Google Professional Certificate,Tecnologia da informação,Operações e suporte,"Linux,Código binario,Solución de problemas,Soporte al cliente,Ipv4,Resolução de problemas,Sistema de Nomes de Domínio (DNS),Modelo de rede,Powershell,Sistemas de Arquivos do Linux,Interface de comando,Serviço de Diretórios,Backups,Diretórios do LDAP,Criptografía,Segurança de rede,Cibersegurança,Segurança de redes sem fio,",4.9,,Coursera,,
Meta AR Developer  Professional Certificate,Computer Science,Software Development,"Unity,JavaScript coding,Meta Spark,Vuforia,C# coding,",,,Coursera,,
Google Professional Workspace Administrator Professional Certificate,Computer Science,Computer Security and Networks,,4.7,,Coursera,,
SAS Advanced Programmer Professional Certificate,Data Science,Data Analysis,,4.8,,Coursera,,
Goodwill® Career Coach and Navigator Professional Certificate,Social Sciences,Education,"Crisis Intervention,establishing trust,establish coaching agreements,Human-centered coaching,Case Management,outreach,intake,Gap Analysis,Recruitment,Occupational guidance,onboarding preparation,resume preparation,Networking,Professional Development,Research technology trends,establish business partnerships,virtual coaching,",4.9,,Coursera,,
Bases de Inteligencia Artificial para Todos Professional Certificate,Computer Science,Software Development,,4.7,,Coursera,,
Desarrollador back-end de Meta Professional Certificate,Computer Science,Mobile and Web Development,"Linux,Cloud Hosting,Web Development,Bash (Unix Shell),Python Programming,Application Programming Interfaces (API),Computer Programming,Django (Web Framework),",,,Coursera,,
UCI Project Management Professional Certificate,Business,Leadership and Management,"Schedule,Project,Program Management,Project Planning,",4.7,,Coursera,,
Pre-MBA Statistics,Data Science,Probability and Statistics,"Probability And Statistics,Data Science,Data Analysis,General Statistics,",,,Coursera,,
Automation Business Analysis - Concepts and Principles,Business,Business Strategy,"Process Analysis,Business Analysis,Elicitation Techniques,Process Definition Document,Process Assessment,",,,Coursera,,
Probability & Statistics for Machine Learning & Data Science,Computer Science,Algorithms,"Statistical Analysis,Probability And Statistics,Probability,Statistical Hypothesis Testing,Machine Learning (ML) Algorithms,",,,Coursera,,
Excellence in Online Teaching,Social Sciences,Education,"leveraging technology,Professional Development,building community,facilitating online learning,Accessibility,",,,Coursera,,
Diversité et inclusion sur le lieu de travail,Business,Leadership and Management,,,,Coursera,,
A Blueprint for Success – Your Video Pre-Production,Personal Development,Personal Development,"Video Editing,Linear Editing,Video Production,video pre-production,",,,Coursera,,
Design Thinking: Insights to Inspiration,Business,Business Strategy,"Strategic Thinking,Innovation,Innovation Management,Design Thinking,",,,Coursera,,
Become a CBRS Certified Professional Installer by Google,Information Technology,Networking,,4.6,172.0,Coursera,,
Introduction to Statistics,Data Science,Data Analysis,,4.6,2156.0,Coursera,,
Diversity and inclusion in the workplace,Business,Leadership and Management,,4.7,871.0,Coursera,,
Instructional Design Foundations and Applications,Social Sciences,Education,,4.0,584.0,Coursera,,
Project Practicum with Multiple Projects,Business,Leadership and Management,,4.7,66.0,Coursera,,
The Science of Well-Being for Teens,Personal Development,Personal Development,,4.9,134.0,Coursera,,
Introduction to Systematic Review and Meta-Analysis,Health,Research,,4.8,3093.0,Coursera,,
Impact Measurement & Management for the SDGs,Business,Leadership and Management,,4.8,420.0,Coursera,,
Introduction to Healthcare,Health,Health Informatics,,4.8,657.0,Coursera,,
Project Execution,Business,Leadership and Management,,4.3,116.0,Coursera,,
Fundamentals of Finance,Business,Finance,,3.9,744.0,Coursera,,
Social Psychology,Health,Psychology,,4.7,4559.0,Coursera,,
Primeros Auxilios Psicológicos (PAP),Health,Psychology,,4.8,9605.0,Coursera,,
AI Fundamentals for Non-Data Scientists,Business,Leadership and Management,,4.7,95.0,Coursera,,
Wine Tasting: Sensory Techniques for Wine Analysis,Personal Development,Personal Development,,4.7,481.0,Coursera,,
"Cybersecurity Roles, Processes & Operating System Security",Information Technology,Security,,4.6,4824.0,Coursera,,
Introduction to Cybersecurity Foundations,Computer Science,Computer Security and Networks,,4.7,232.0,Coursera,,
Managing Emotions in Times of Uncertainty & Stress,Social Sciences,Education,,4.8,2439.0,Coursera,,
Object-Oriented Data Structures in C++,Computer Science,Software Development,,4.7,2763.0,Coursera,,
Cybersecurity for Everyone,Computer Science,Computer Security and Networks,,4.7,711.0,Coursera,,
ESG Risks and Opportunities,Business,Finance,,4.6,416.0,Coursera,,
AI & Law,Social Sciences,Law,,4.8,272.0,Coursera,,
Removing Barriers to Change,Business,Leadership and Management,,4.8,325.0,Coursera,,
Corporate Strategy,Business,Business Strategy,,4.8,1579.0,Coursera,,
Managerial Accounting Fundamentals,Business,Finance,,4.8,669.0,Coursera,,
Emotional Intelligence: Cultivating Immensely Human Interactions,Business,Leadership and Management,,4.8,130.0,Coursera,,
"Advanced Valuation and Strategy - M&A, Private Equity, and Venture Capital",Business,Finance,,4.6,1121.0,Coursera,,
Antibiotic Stewardship,Health,Public Health,,4.5,364.0,Coursera,,
Introduction to Dental Medicine,Health,Basic Science,,4.8,1352.0,Coursera,,
Driving business towards the Sustainable Development Goals,Business,Business Essentials,,4.8,1121.0,Coursera,,
Positive Psychiatry and Mental Health,Health,Basic Science,,4.8,3259.0,Coursera,,
Global Diplomacy: the United Nations in the World,Social Sciences,Governance and Society,,4.7,1382.0,Coursera,,
Étudier en France: French Intermediate course B1-B2,Language Learning,Other Languages,,4.8,4468.0,Coursera,,
Everyday Parenting: The ABCs of Child Rearing,Health,Psychology,,4.9,2656.0,Coursera,,
Introduction to Electronics,Physical Science and Engineering,Electrical Engineering,,4.7,2398.0,Coursera,,
AI For Everyone （すべての人のためのAIリテラシー講座）,Business,Business Strategy,,4.8,224.0,Coursera,,
Economics of Money and Banking,Social Sciences,Economics,,4.9,1457.0,Coursera,,
Introduction to Scrum Master Training,Computer Science,Design and Product,,4.7,1399.0,Coursera,,
Kotlin for Java Developers,Computer Science,Software Development,,4.7,1924.0,Coursera,,
Site Reliability Engineering: Measuring and Managing Reliability,Information Technology,Cloud Computing,,4.5,825.0,Coursera,,
Electric Industry Operations and Markets,Physical Science and Engineering,Environmental Science and Sustainability,,4.8,1117.0,Coursera,,
Moral Foundations of Politics,Social Sciences,Governance and Society,,4.9,5377.0,Coursera,,
Principles of Sustainable Finance,Business,Finance,,4.7,1382.0,Coursera,,
Cybersecurity Compliance Framework & System Administration,Information Technology,Security,,4.7,2882.0,Coursera,,
Spanish for Successful Communication in Healthcare Settings,Health,Patient Care,,4.8,257.0,Coursera,,
Nuts and Bolts of U.S. Immigration Law,Social Sciences,Law,,4.9,69.0,Coursera,,
Introduction to Philosophy,Arts and Humanities,Philosophy,,4.7,8796.0,Coursera,,
"FinTech: Foundations, Payments, and Regulations",Business,Business Essentials,,4.6,2269.0,Coursera,,
"The Sustainable Development Goals – A global, transdisciplinary vision for the future",Social Sciences,Governance and Society,,4.8,4165.0,Coursera,,
American Contract Law I,Social Sciences,Law,,4.9,820.0,Coursera,,
Gender and Sexuality: Diversity and Inclusion in the Workplace,Health,Psychology,,4.7,894.0,Coursera,,
Weight Management: Beyond Balancing Calories,Health,Nutrition,,4.7,1042.0,Coursera,,
Understanding Einstein: The Special Theory of Relativity,Physical Science and Engineering,Physics and Astronomy,,4.9,2879.0,Coursera,,
Understanding Research Methods,Physical Science and Engineering,Research Methods,,4.6,6674.0,Coursera,,
Fundamentals of Engineering Exam Review,Physical Science and Engineering,Mechanical Engineering,,4.7,596.0,Coursera,,
Introduction to Engineering Mechanics,Physical Science and Engineering,Mechanical Engineering,,4.8,4656.0,Coursera,,
Getting Started with Go,Computer Science,Software Development,,4.6,2118.0,Coursera,,
Leading Diverse Teams & Organizations,Business,Leadership and Management,,4.8,227.0,Coursera,,
Corporate Sustainability. Understanding and Seizing the Strategic Opportunity,Business,Business Strategy,,4.6,707.0,Coursera,,
Industrial Biotechnology,Health,Basic Science,,4.7,2905.0,Coursera,,
Suicide Prevention,Personal Development,Personal Development,,4.6,102.0,Coursera,,
FinTech Law and Policy,Business,Finance,,4.8,787.0,Coursera,,
U.S. Taxation of International Transactions,Business,Business Essentials,,4.5,10.0,Coursera,,
Introduction to Sustainability,Physical Science and Engineering,Environmental Science and Sustainability,,4.8,2455.0,Coursera,,
International Security Management,Social Sciences,Governance and Society,,4.7,950.0,Coursera,,
Introduction to Chemistry:  Reactions and Ratios,Physical Science and Engineering,Chemistry,,4.7,1124.0,Coursera,,
Strategy and Sustainability,Business,Business Strategy,,4.7,434.0,Coursera,,
Python Basics,Computer Science,Software Development,,4.8,16316.0,Coursera,,
L'excellence opérationnelle en pratique,Business,Leadership and Management,,4.7,566.0,Coursera,,
AI Applications in Marketing and Finance,Business,Finance,,4.7,70.0,Coursera,,
Reporting extra-financier et stratégie RSE,Business,Leadership and Management,,4.7,353.0,Coursera,,
Développement psychologique de l'enfant,Health,Psychology,,4.9,601.0,Coursera,,
Business Sustainability in the Circular Economy,Business,Business Essentials,,4.5,114.0,Coursera,,
Introduction to Systems Engineering,Physical Science and Engineering,Electrical Engineering,,4.7,698.0,Coursera,,
African development – from the past to the present,Social Sciences,Economics,,4.1,35.0,Coursera,,
Corporate & Commercial Law I: Contracts & Employment Law,Business,Business Essentials,,4.8,1081.0,Coursera,,
Auditing I: Conceptual Foundations of Auditing,Business,Business Essentials,,4.7,480.0,Coursera,,
"Innovation Through Design: Think, Make, Break, Repeat",Business,Entrepreneurship,,4.7,1636.0,Coursera,,
International Law in Action: the Arbitration of International Disputes,Social Sciences,Law,,4.8,1014.0,Coursera,,
Blockchain: Foundations and Use Cases,Computer Science,Computer Security and Networks,,4.7,813.0,Coursera,,
Precision Medicine,Health,Research,,4.4,175.0,Coursera,,
Introduction to Forensic Science,Health,Basic Science,,4.9,2087.0,Coursera,,
Customer Segmentation and Prospecting,Business,Business Essentials,,4.7,1082.0,Coursera,,
Fundamentals of Machine Learning for Healthcare,Data Science,Machine Learning,,4.8,280.0,Coursera,,
Introduction to English Common Law,Social Sciences,Law,,4.8,1641.0,Coursera,,
A Law Student's Toolkit,Social Sciences,Law,,4.7,1317.0,Coursera,,
Essentials of Global Health,Health,Public Health,,4.8,1855.0,Coursera,,
ESG and Climate Change,Business,Business Strategy,,4.8,179.0,Coursera,,
International Organizations Management,Business,Leadership and Management,,4.8,1675.0,Coursera,,
Ordered Data Structures,Computer Science,Software Development,,4.8,826.0,Coursera,,
Transgender Medicine for General Medical Providers,Health,Patient Care,,4.8,235.0,Coursera,,
Malware Analysis and Introduction to Assembly Language,Information Technology,Security,,4.2,15.0,Coursera,,
21st Century Energy Transition: how do we make it work?,Physical Science and Engineering,Environmental Science and Sustainability,,4.8,39.0,Coursera,,
Entrepreneurship Strategy: From Ideation to Exit,Business,Leadership and Management,,4.8,848.0,Coursera,,
Big History: Connecting Knowledge,Arts and Humanities,History,,4.8,1698.0,Coursera,,
"AI, Business & the Future of Work",Business,Business Strategy,,4.6,99.0,Coursera,,
Sports Marketing,Business,Marketing,,4.7,1094.0,Coursera,,
Curanderismo: Traditional Healing Using Plants,Arts and Humanities,History,,4.7,200.0,Coursera,,
Financial Acumen for Non-Financial Managers,Business,Business Essentials,,4.5,854.0,Coursera,,
Making Architecture,Arts and Humanities,Music and Art,,4.8,1242.0,Coursera,,
Equine Welfare and Management,Health,Animal Health,,4.9,325.0,Coursera,,
Machine Learning for All,Computer Science,Software Development,,4.7,3164.0,Coursera,,
Introduction to Quantum Information,Math and Logic,Math and Logic,,4.2,61.0,Coursera,,
Foundations for Assisting in Home Care,Health,Patient Care,,4.8,312.0,Coursera,,
Engineering Health: Introduction to Yoga and Physiology,Health,Basic Science,,4.8,455.0,Coursera,,
Queering Identities: LGBTQ+ Sexuality and Gender Identity,Social Sciences,Education,,4.8,636.0,Coursera,,
Aboriginal Worldviews and Education,Social Sciences,Education,,4.7,415.0,Coursera,,
Scrum Master Certification: Scrum Methodologies,Computer Science,Design and Product,,4.7,548.0,Coursera,,
Sustainable Fashion,Business,Business Strategy,,4.8,661.0,Coursera,,
Medical Terminology I,Health,Basic Science,,4.9,216.0,Coursera,,
Banking and Financial Institutions,Business,Finance,,4.7,100.0,Coursera,,
Introduction to Back-End Development,Computer Science,Mobile and Web Development,,4.8,1764.0,Coursera,,
Politics and Economics of International Energy,Social Sciences,Economics,,4.7,1671.0,Coursera,,
Finding Purpose and Meaning In Life: Living for What Matters Most,Personal Development,Personal Development,,4.8,2013.0,Coursera,,
Central Banks and Monetary Policy,Business,Business Essentials,,4.7,41.0,Coursera,,
Leading Healthcare Quality and Safety,Health,Healthcare Management,,4.8,1141.0,Coursera,,
"Computers, Waves, Simulations: A Practical Introduction to Numerical Methods using Python",Physical Science and Engineering,Research Methods,,4.7,320.0,Coursera,,
Introduction to Clinical Data,Data Science,Data Analysis,,4.6,205.0,Coursera,,
"The Modern World, Part Two: Global History since 1910",Arts and Humanities,History,,4.8,1469.0,Coursera,,
Word Forms and Simple Present Tense,Language Learning,Learning English,,4.9,1943.0,Coursera,,
ESG Impact: Investor Perspective,Business,Finance,,4.7,116.0,Coursera,,
"Federal Taxation I: Individuals, Employees, and Sole Proprietors",Business,Business Essentials,,4.9,569.0,Coursera,,
Machine Translation,Data Science,Machine Learning,,4.5,119.0,Coursera,,
Feminism and Social Justice,Arts and Humanities,History,,4.8,5779.0,Coursera,,
Introduction to Portfolio Construction and Analysis with Python,Business,Finance,,4.8,1295.0,Coursera,,
Introduction to Comparative Indo-European Linguistics,Language Learning,Other Languages,,4.5,46.0,Coursera,,
Linear Circuits 1: DC Analysis,Physical Science and Engineering,Electrical Engineering,,4.5,1422.0,Coursera,,
Deep Neural Networks with PyTorch,Data Science,Machine Learning,,4.4,1343.0,Coursera,,
Introduction to Economic Theories,Social Sciences,Economics,,4.5,303.0,Coursera,,
Security & Safety Challenges in a Globalized World,Social Sciences,Governance and Society,,4.8,374.0,Coursera,,
AI Strategy and Governance,Data Science,Machine Learning,,4.9,31.0,Coursera,,
The Science of Stem Cells,Health,Basic Science,,4.7,2569.0,Coursera,,
Nutrition and Lifestyle in Pregnancy,Health,Nutrition,,4.8,2852.0,Coursera,,
Introduction to Self-Driving Cars,Computer Science,Software Development,,4.7,2698.0,Coursera,,
Business Models For Sustainability,Business,Business Strategy,,4.5,13.0,Coursera,,
"Leading for Equity, Diversity and Inclusion in Higher Education",Personal Development,Personal Development,,4.7,261.0,Coursera,,
Introduction to Chemistry:  Structures and Solutions,Physical Science and Engineering,Chemistry,,4.7,464.0,Coursera,,
Building AI Powered Chatbots Without Programming,Computer Science,Design and Product,,4.8,2370.0,Coursera,,
Leading transformations: Manage change,Business,Leadership and Management,,4.7,1279.0,Coursera,,
Cyber Security Fundamentals,Computer Science,Computer Security and Networks,,4.8,81.0,Coursera,,
Diversity and Inclusion in Education,Social Sciences,Education,,4.8,131.0,Coursera,,
Teach English Now! Foundational Principles,Social Sciences,Education,,4.9,13024.0,Coursera,,
Formal Financial Accounting,Business,Business Essentials,,4.8,346.0,Coursera,,
Marketing Digital en Acción,Business,Marketing,,4.8,45.0,Coursera,,
Storytelling and influencing: Communicate with impact,Business,Leadership and Management,,4.8,1649.0,Coursera,,
Influencer Marketing Strategy,Business,Marketing,,4.4,168.0,Coursera,,
AI For Everyone,Business,Business Strategy,"Workflow of Machine Learning projects,AI terminology,AI strategy,Workflow of Data Science projects,",4.8,38101.0,Coursera,,
Supervised Machine Learning: Regression and Classification,Data Science,Machine Learning,"Regularization to Avoid Overfitting,Gradient Descent,Supervised Learning,Linear Regression,Logistic Regression for Classification,",4.9,9090.0,Coursera,,
"Foundations: Data, Data, Everywhere",Data Science,Data Analysis,"Spreadsheet,Data Cleansing,Data Analysis,Data Visualization (DataViz),SQL,",4.8,79775.0,Coursera,,
Foundations of Project Management,Business,Leadership and Management,"Organizational Culture,Career Development,Strategic Thinking,Change Management,Project Management,",4.9,62503.0,Coursera,,
Leadership Skills,Business,Leadership and Management,"Leading and managing change in organisation,Supportive communication,Leading subordinates effectively,Mindfulness,Positive Personality,",5.0,22.0,Coursera,,
Technical Support Fundamentals,Information Technology,Support and Operations,"Binary Code,Customer Support,Linux,Troubleshooting,",4.8,136391.0,Coursera,,
Foundations of User Experience (UX) Design,Computer Science,Design and Product,"User Experience (UX),UX Research,Wireframe,Prototype,User Experience Design (UXD),",4.8,51969.0,Coursera,,
Ask Questions to Make Data-Driven Decisions,Data Science,Data Analysis,"Spreadsheet,Questioning,Decision-Making,Problem Solving,Data Analysis,",4.7,24198.0,Coursera,,
Indigenous Canada,Arts and Humanities,History,"Politics,Art,Human Rights and Allyship,History,Indigenous Studies,",4.8,21037.0,Coursera,,
Financial Markets,Business,Finance,"Behavioral Finance,Financial Markets,Finance,Behavioral Economics,",4.8,24729.0,Coursera,,
Advanced Learning Algorithms,Data Science,Machine Learning,"Artificial Neural Network,Xgboost,Tensorflow,Tree Ensembles,Advice for Model Development,",4.9,2220.0,Coursera,,
The Science of Well-Being,Personal Development,Personal Development,"Gratitude,Happiness,Meditation,Savoring,",4.9,35898.0,Coursera,,
Foundations of Digital Marketing and E-commerce,Business,Marketing,"Marketing,Customer loyalty,E-Commerce,Marketing Analytics,Customer Outreach,",4.8,10101.0,Coursera,,
Project Initiation: Starting a Successful Project,Business,Leadership and Management,"Stakeholder Management,Strategic Thinking,Business Writing,Project Management,Project Charter,",4.8,14399.0,Coursera,,
Neural Networks and Deep Learning,Data Science,Machine Learning,"Deep Learning,Artificial Neural Network,Backpropagation,Python Programming,Neural Network Architecture,",4.9,118113.0,Coursera,,
The Bits and Bytes of Computer Networking,Information Technology,Networking,"Domain Name System (DNS),Ipv4,Network Model,Troubleshooting,",4.7,43556.0,Coursera,,
Prepare Data for Exploration,Data Science,Data Analysis,"Spreadsheet,Metadata,Data Collection,Data Ethics,SQL,",4.8,14449.0,Coursera,,
Introduction to Psychology,Health,Psychology,"reasoning,Problem Solving,abstract thinking,analytical thinking,Critical Thinking,",4.9,25842.0,Coursera,,
Introduction to Cybersecurity Tools & Cyber Attacks,Information Technology,Cloud Computing,"Information Security (INFOSEC),IBM New Collar,Malware,Cybersecurity,Cyber Attacks,",4.6,13658.0,Coursera,,
What is Data Science?,Data Science,Data Analysis,"Data Science,Deep Learning,Machine Learning,Big Data,Data Mining,",4.7,62499.0,Coursera,,
Fundamentals of Project Planning and Management,Business,Business Essentials,"Risk Analysis,Project Planning,Planning,Management,Project Management,",4.7,8375.0,Coursera,,
"Start the UX Design Process: Empathize, Define, and Ideate",Computer Science,Design and Product,"User Experience (UX),UX Research,Wireframe,Prototype,User Experience Design (UXD),",4.8,11376.0,Coursera,,
Linear Algebra for Machine Learning and Data Science,Computer Science,Algorithms,"Machine Learning,Linear Equation,Eigenvalues And Eigenvectors,Linear Algebra,Determinants,",4.4,314.0,Coursera,,
"HTML, CSS, and Javascript for Web Developers",Computer Science,Mobile and Web Development,"HTML,JavaScript,Css Frameworks,Cascading Style Sheets (CSS),",4.7,15248.0,Coursera,,
Introduction to Data Analytics,Data Science,Data Analysis,"Data Science,Spreadsheet,Microsoft Excel,Data Analysis,Data Visualization (DataViz),",4.8,10984.0,Coursera,,
Writing in the Sciences,Health,Basic Science,"Grammar,Medical Writing,Science Communication,Writing,",4.9,7624.0,Coursera,,
"Unsupervised Learning, Recommenders, Reinforcement Learning",Data Science,Machine Learning,"Collaborative Filtering,Unsupervised Learning,Recommender Systems,Reinforcement Learning,Anomaly Detection,",4.9,1099.0,Coursera,,
Process Data from Dirty to Clean,Data Science,Data Analysis,"Spreadsheet,Data Cleansing,Sample Size Determination,SQL,Data Integrity,",4.8,10846.0,Coursera,,
OKR Certification: Leadership and Goal Setting,Business,Leadership and Management,"Planning,goal setting,Business Strategy,Leadership And Management,Communication,",4.9,180.0,Coursera,,
Psychological First Aid,Health,Psychology,"Reflective Listening,Active Listening,Crisis Intervention,Psychological First Aid,",4.8,18115.0,Coursera,,
Foundations of Data Science,Data Science,Data Analysis,"Sharing Insights With Stakeholders,Effective Written Communication,Asking Effective Questions,Cross-Functional Team Dynamics,Project Management,",4.7,161.0,Coursera,,
Stanford Introduction to Food and Health,Health,Nutrition,"Health Informatics,Nutrition,Food Safety,Food Science,",4.7,28857.0,Coursera,,
Successful Negotiation: Essential Strategies and Skills,Business,Business Essentials,"Strategic Negotiations,Communication,Negotiation,Decision Tree,",4.8,18082.0,Coursera,,
Project Planning: Putting It All Together,Business,Leadership and Management,"Project Planning,Strategic Thinking,Risk Management,Task Estimation,Procurement,",4.8,8605.0,Coursera,,
Tools for Data Science,Data Science,Data Analysis,"Data Science,Github,Python Programming,Jupyter notebooks,Rstudio,",4.5,26232.0,Coursera,,
"Python for Data Science, AI & Development",Data Science,Data Analysis,"Data Science,Python Programming,Data Analysis,Pandas,Numpy,",4.6,31403.0,Coursera,,
Foundations of Business Intelligence,Data Science,Data Analysis,"Stakeholder Management,Sharing Insights With Stakeholders,Asking Effective Questions,Cross-Functional Team Dynamics,Business Processes and Requirements,",4.8,109.0,Coursera,,
Private Equity and Venture Capital,Business,Finance,"Valuation (Finance),Venture Capital,Venture Capital Financing,Private Equity,",4.8,7476.0,Coursera,,
Operating Systems and You: Becoming a Power User,Information Technology,Support and Operations,"Powershell,Linux File Systems,Linux,Command-Line Interface,",4.7,24990.0,Coursera,,
Programming for Everybody (Getting Started with Python),Computer Science,Software Development,"Python Syntax And Semantics,Basic Programming Language,Computer Programming,Python Programming,",4.8,220747.0,Coursera,,
Attract and Engage Customers with Digital Marketing,Business,Marketing,"Website Structure,Customer Awareness,Google,Search Engine Marketing,Search Engine Optimization (SEO),",4.8,2684.0,Coursera,,
Analyze Data to Answer Questions,Data Science,Data Analysis,"Spreadsheet,Data Analysis,SQL,Data Calculations,Data Aggregation,",4.6,7909.0,Coursera,,
Natural Language Processing with Classification and Vector Spaces,Data Science,Machine Learning,"Machine Translation,Word Embeddings,Locality-Sensitive Hashing,Sentiment Analysis,Vector Space Models,",4.6,3876.0,Coursera,,
"Improving Deep Neural Networks: Hyperparameter Tuning, Regularization and Optimization",Data Science,Machine Learning,"Tensorflow,Deep Learning,Mathematical Optimization,hyperparameter tuning,",4.9,61980.0,Coursera,,
Bookkeeping Basics,Business,Business Essentials,"Basis Of Accounting,accounting software,Accounting Cycle,Creating Financial Statements,Double-Entry Bookkeeping System,",4.6,3207.0,Coursera,,
Agile Project Management,Business,Leadership and Management,"Coaching,Influencing,Agile Management,Problem Solving,Scrum,",4.8,8385.0,Coursera,,
Agile with Atlassian Jira,Computer Science,Software Development,"Project Management,Agile Management,work management,Scrum (Software Development),",4.7,7841.0,Coursera,,
Crash Course on Python,Information Technology,Support and Operations,"Basic Python Data Structures,Fundamental Programming Concepts,Basic Python Syntax,Python Programming,Object-Oriented Programming (OOP),",4.8,30746.0,Coursera,,
Organizational Analysis,Business,Leadership and Management,"Management,Organizational Theory,Organizational Analysis,Organizational Culture,",4.6,1321.0,Coursera,,
Business Analytics with Excel: Elementary to Advanced,Business,Business Essentials,"Business Analytics,Spreadsheet,Microsoft Excel,Solver,Modeling,",4.8,33.0,Coursera,,
SQL for Data Science,Data Science,Data Analysis,"Data Science,Data Analysis,Sqlite,SQL,",4.6,14748.0,Coursera,,
"Brand Management: Aligning Business, Brand and Behaviour",Business,Entrepreneurship,"Corporate Branding,Brand Marketing,Brand Management,Brand Identity,",4.9,6596.0,Coursera,,
Introduction to Artificial Intelligence (AI),Data Science,Machine Learning,"Data Science,Deep Learning,Artificial Intelligence (AI),Jobs,Machine Learning,",4.7,10615.0,Coursera,,
Get Started with Python,Data Science,Data Analysis,"Using Comments to Enhance Code Readability,Python Programming,Jupyter Notebook,Data Visualization (DataViz),Coding,",4.8,43.0,Coursera,,
Game Theory,Social Sciences,Economics,"Game Theory,Backward Induction,Bayesian Game,Problem Solving,",4.6,4369.0,Coursera,,
System Administration and IT Infrastructure Services,Information Technology,Support and Operations,"Directory Service,Lightweight Directory Access Protocol (LDAP),Backup,",4.7,22160.0,Coursera,,
Artificial Intelligence in Marketing,Business,Marketing,"Business Model,Digital Marketing,Network Effects,Marketing Strategy,Customer Engagement,",4.5,102.0,Coursera,,
Project Execution: Running the Project,Business,Leadership and Management,"Quality Management,Strategic Thinking,Project Execution,Risk Management,Project Management,",4.8,5584.0,Coursera,,
Excel Basics for Data Analysis,Data Science,Data Analysis,"Data Science,Spreadsheet,Microsoft Excel,Data Analysis,Pivot Table,",4.8,5413.0,Coursera,,
AWS Cloud Practitioner Essentials,Information Technology,Cloud Computing,"Cloud Computing Security,AWS cloud,cloud networking,Cloud Computing,Migration and Innovation,",4.8,1279.0,Coursera,,
Share Data Through the Art of Visualization,Data Science,Data Analysis,"Data Analysis,Tableau Software,Data Visualization (DataViz),Presentation,",4.6,6342.0,Coursera,,
Introduction to Negotiation: A Strategic Playbook for Becoming a Principled and Persuasive Negotiator,Business,Business Essentials,"Game Theory,Negotiation,Collaboration,Principled Negotiation,",4.9,4548.0,Coursera,,
Introduction to Cloud Computing,Information Technology,Cloud Computing,"Cloud Native,Devops,Iaas PaaS Saas,Hybrid Multicloud,Cloud Computing,",4.7,3538.0,Coursera,,
Introduction to Machine Learning in Production,Data Science,Machine Learning,"Human-level Performance (HLP),Concept Drift,Model baseline,Project Scoping and Design,ML Deployment Challenges,",4.8,2377.0,Coursera,,
The Strategy of Content Marketing,Business,Marketing,"Management,Content Marketing,Copywriting,Writing,",4.5,3974.0,Coursera,,
"Introduction to TensorFlow for Artificial Intelligence, Machine Learning, and Deep Learning",Computer Science,Software Development,"Computer Vision,Tensorflow,Machine Learning,",4.8,18364.0,Coursera,,
Connected Leadership,Personal Development,Personal Development,"Emotional Intelligence,Team Building,Systems Thinking,Leadership And Management,Team Management,",4.7,66.0,Coursera,,
Management of Fashion and Luxury Companies,Business,Leadership and Management,"Strategic Management,Business Model,Luxury Goods,Brand Management,",4.7,5392.0,Coursera,,
Child Nutrition and Cooking,Health,Nutrition,"Nutrition,Organic Food,Food Safety,Food Science,",4.8,9652.0,Coursera,,
Data Analysis with R Programming,Data Science,Data Analysis,"R Programming,Data Analysis,Data Visualization (DataViz),R Markdown,Rstudio,",4.8,7066.0,Coursera,,
Learning How to Learn: Powerful mental tools to help you master tough subjects,Personal Development,Personal Development,"Test Preparation,Learning To Learn,Pomodoro Technique,Meta Learning,",4.8,86413.0,Coursera,,
Overcoming Dyslexia,Health,Research,"Dyslexia,Education,READING,Law,Learning,",4.8,196.0,Coursera,,
Viral Marketing and How to Craft Contagious Content,Business,Marketing,"Social Network,Viral Marketing,Marketing,Marketing Strategy,",4.8,4982.0,Coursera,,
Convolutional Neural Networks,Data Science,Machine Learning,"Deep Learning,Facial Recognition System,Convolutional Neural Network,Tensorflow,Object Detection and Segmentation,",4.9,41376.0,Coursera,,
SQL: A Practical Introduction for Querying Databases,Data Science,Data Analysis,"Create, Read, Update And Delete,Data Analysis,MySQL,Relational Database Management System (RDBMS),SQL,",4.7,38.0,Coursera,,
Reducing Gun Violence in America: Evidence for Change,Health,Public Health,"Gun Violence Epidemiology,Community Change,Public Health Interventions,American Law & Policy,",4.7,241.0,Coursera,,
Structuring Machine Learning Projects,Data Science,Data Analysis,"Deep Learning,Inductive Transfer,Machine Learning,Multi-Task Learning,Decision-Making,",4.8,49034.0,Coursera,,
IT Security: Defense against the digital dark arts,Information Technology,Security,"Cybersecurity,Wireless Security,Cryptography,Network Security,",4.8,19135.0,Coursera,,
Build Wireframes and Low-Fidelity Prototypes,Computer Science,Design and Product,"User Experience (UX),UX Research,Wireframe,Prototype,User Experience Design (UXD),",4.9,6275.0,Coursera,,
First Step Korean,Language Learning,Other Languages,"Grammar,Korean Language,Speech,Writing,",4.9,46904.0,Coursera,,
Human Resources Analytics,Business,Leadership and Management,"Data Analysis,HR Lifecycle,Strategic Mindset,Human Resources Best Practices,",4.6,1140.0,Coursera,,
Fundamentals of Quantitative Modeling,Business,Business Essentials,"Modeling,Linear Regression,Probabilistic Models,Regression Analysis,",4.6,8422.0,Coursera,,
Understanding the Brain: The Neurobiology of Everyday Life,Health,Basic Science,"Brain,Neurological Disorders,Neurobiology,Neurology,",4.9,2590.0,Coursera,,
ITIL 4 Exam Preparation,Information Technology,Support and Operations,"ITIL 4 Foundation topics,ITIL Terminogy,",4.7,805.0,Coursera,,
Introduction to User Experience Design,Computer Science,Design and Product,"Usability,User Experience (UX),User Experience Design (UXD),User Interface,",4.5,7610.0,Coursera,,
Introduction to Social Media Marketing,Business,Marketing,"Social Media Marketing,Marketing,Digital Marketing,Social Media Marketing Strategy,",4.8,11022.0,Coursera,,
Medical Neuroscience,Health,Research,"Brain,Neurological Disorders,Neurobiology,Neurology,",4.9,2589.0,Coursera,,
Databases and SQL for Data Science with Python,Data Science,Data Analysis,"Cloud Databases,Python Programming,Jupyter notebooks,Relational Database Management System (RDBMS),SQL,",4.6,17406.0,Coursera,,
Data Science Methodology,Data Science,Data Analysis,"Data Science,Methodology,CRISP-DM,Data Analysis,Data Mining,",4.6,18923.0,Coursera,,
Excel Skills for Business: Essentials,Business,Business Essentials,"Graphs,Spreadsheet,Microsoft Excel,Chart,",4.9,46077.0,Coursera,,
Machine Learning with Python,Data Science,Machine Learning,"SciPy and scikit-learn,Machine Learning,regression,classification,Hierarchical Clustering,",4.7,13939.0,Coursera,,
Sequence Models,Data Science,Machine Learning,"Natural Language Processing,Long Short Term Memory (LSTM),Gated Recurrent Unit (GRU),Recurrent Neural Network,Attention Models,",4.8,29226.0,Coursera,,
Global Diplomacy – Diplomacy in the Modern World,Social Sciences,Governance and Society,"Policy Analysis,Art,History,International Relations,",4.7,4348.0,Coursera,,
Introduction to Financial Accounting,Business,Business Essentials,"Financial Accounting,Accounting,Financial Statement,Balance Sheet,",4.7,7744.0,Coursera,,
Introduction to Front-End Development,Computer Science,Mobile and Web Development,"Web Development Tools,User Interface,Front-End Web Development,HTML and CSS,Responsive Web Design,",4.8,5705.0,Coursera,,
Principles of Management,Business,Leadership and Management,"Coaching,strategy,Leadership And Management,Business Communication,Team Management,",4.8,112.0,Coursera,,
Food & Beverage Management,Business,Leadership and Management,"Promotion And Marketing Communications,Food Marketing,Marketing,Brand Management,",4.8,4166.0,Coursera,,
Google Data Analytics Capstone: Complete a Case Study,Data Science,Data Analysis,"Job portfolio,Data Cleansing,Data Analysis,Data Visualization (DataViz),case study,",4.8,9946.0,Coursera,,
From Likes to Leads: Interact with Customers Online,Business,Marketing,"Social Listening,Social Media Bidding,Customer Engagement,Social Media Analytics,Social Media Branding,",4.8,1356.0,Coursera,,
Python Project for Data Science,Data Science,Data Analysis,"Data Science,Python Programming,Data Analysis,Pandas,Jupyter notebooks,",4.5,3071.0,Coursera,,
Cryptography I,Computer Science,Computer Security and Networks,"Cryptography,Cryptographic Attacks,Public-Key Cryptography,Symmetric-Key Algorithm,",4.8,4084.0,Coursera,,
An Introduction to American Law,Social Sciences,Law,"American Law,Common Law,Law,Constitution,",4.8,4512.0,Coursera,,
Marketing Analytics,Business,Marketing,"Marketing Experiments,Customer Lifetime Value,Regression Analysis,Marketing Analytics,Brand Equity,",4.7,6259.0,Coursera,,
Introductory Human Physiology,Health,Basic Science,"Cardiovascular understanding,Biology,Organ Systems,Medicine,Metabolic Pathways,",4.8,4601.0,Coursera,,
International Women's Health and Human Rights,Health,Public Health,"Health Education,Reproductive Health,Community Health,Sexually Transmitted Infections,",4.9,1414.0,Coursera,,
Machine Learning Foundations for Product Managers,Data Science,Machine Learning,"Data Science,Artificial Neural Network,Machine Learning,Predictive Analytics,Modeling,",4.6,152.0,Coursera,,
Introduction to Psychology,Health,Psychology,"Psychological Issues,Psychology,Social Psychology,Mental Illness,",4.9,4813.0,Coursera,,
Capstone: Applying Project Management in the Real World,Business,Leadership and Management,"Quality Management,Stakeholder Management,Problem Solving,Effective Communication,Project Management,",4.8,5333.0,Coursera,,
Write Professional Emails in English,Language Learning,Learning English,"Professional,Email Writing,Communication,Writing,",4.8,16270.0,Coursera,,
Introduction to Marketing,Business,Marketing,"Positioning (Marketing),Marketing,Marketing Strategy,Customer Satisfaction,",4.8,12193.0,Coursera,,
Narrative Economics,Social Sciences,Economics,"Economics,History,Storytelling,Financial Markets,Research Methods,",4.8,94.0,Coursera,,
Data Analysis with Python,Data Science,Data Analysis,"Predictive Modelling,Python Programming,Data Analysis,Data Visualization (DataViz),Model Selection,",4.7,16505.0,Coursera,,
Gamification,Computer Science,Design and Product,"Psychology,Marketing,Game Design,Gamification,",4.8,2381.0,Coursera,,
Digital Product Management: Modern Fundamentals,Business,Leadership and Management,"Product/Market Fit,Product Management,Design Thinking,Innovation Pipeline,Lean Startup,",4.7,4845.0,Coursera,,
The Path to Insights: Data Models and Pipelines,Data Science,Data Analysis,"Data Management,Google Dataflow/Google BigQuery,Extraction, Transformation And Loading (ETL),Database Optimization,Data transformation,",4.8,52.0,Coursera,,
Learn to Program: The Fundamentals,Computer Science,Software Development,"Python Syntax And Semantics,Computer Programming,Python Programming,Idle (Python),",4.7,6025.0,Coursera,,
Python Data Structures,Computer Science,Software Development,"Python Syntax And Semantics,Data Structure,Tuple,Python Programming,",4.9,92485.0,Coursera,,
Behavioral Finance,Business,Finance,"Decision-Making,Behavioral Finance,Cognitive Bias,Behavioral Economics,",4.4,3609.0,Coursera,,
Calculus for Machine Learning and Data Science,Computer Science,Algorithms,"Calculus,Mathematical Optimization,Gradient Descent,Machine Learning,Newton'S Method,",4.8,110.0,Coursera,,
Introduction to Data Engineering,Information Technology,Data Management,"Data Science,Database (DBMS),NoSQL,SQL,",4.7,1675.0,Coursera,,
Finance for Non-Finance Professionals,Business,Finance,"Financial Accounting,Capital Budgeting,Corporate Finance,Finance,",4.8,2490.0,Coursera,,
Essentials in Clinical Simulations Across the Health Professions,Health,Healthcare Management,"Nursing,healthcare,Debriefing,INACSL Standards,Clinical Simulation,",4.8,917.0,Coursera,,
Microeconomics Principles,Social Sciences,Economics,"Economics,Critical Thinking,Microeconomics,Economic Analysis,",4.8,2701.0,Coursera,,
Forensic Accounting and Fraud Examination,Business,Finance,"Fraud Detection,Internal Control,Fraud Investigation,Forensic Accounting,",4.7,5096.0,Coursera,,
Design and Interpretation of Clinical Trials,Health,Research,"Clinical Research,Trial Design,Clinical Trial Design,Clinical Trial Management,",4.7,4133.0,Coursera,,
Customer Analytics,Business,Business Strategy,"Predictive Analytics,Customer Analytics,Regression Analysis,Marketing Performance Measurement And Management,",4.6,11354.0,Coursera,,
"Introduction to Financial Analysis - The ""Why?""",Business,Business Essentials,"Risk,Financial Analysis,Financial Statement,Accounting,Finance,",4.7,50.0,Coursera,,
AWS Cloud Technical Essentials,Information Technology,Cloud Computing,"AWS Identity and Access Management,Networking on AWS,AWS Management Console,Cloud Computing,aws security,",4.8,3455.0,Coursera,,
Conduct UX Research and Test Early Concepts,Computer Science,Design and Product,"User Experience (UX),Usability Testing,UX Research,Prototype,User Experience Design (UXD),",4.8,3617.0,Coursera,,
Customer Service Fundamentals,Information Technology,Support and Operations,"Process Management,Communication,Problem Solving,IT Customer Support,",4.8,1331.0,Coursera,,
Data Management for Clinical Research,Health,Research,"Survey Design,Data Collection,Data Management,Clinical Data Management,",4.7,1431.0,Coursera,,
Fundamentals of Graphic Design,Arts and Humanities,Music and Art,"Creativity,Graphics,Design Theory,Color Theory,",4.8,16200.0,Coursera,,
Build Basic Generative Adversarial Networks (GANs),Data Science,Machine Learning,"Controllable Generation,WGANs,Conditional Generation,Components of GANs,DCGANs,",4.7,1698.0,Coursera,,
English for Career Development,Language Learning,Learning English,"Communication,English Language,Career Development,Writing,",4.8,14019.0,Coursera,,
Project Launch,Business,Leadership and Management,"Project Management,Scope (Project Management),Communication,Work Breakdown Structure,",4.7,238.0,Coursera,,
Introduction to Calculus,Math and Logic,Math and Logic,"logic,Mathematics,Calculus,",4.8,3291.0,Coursera,,
Natural Language Processing with Probabilistic Models,Data Science,Machine Learning,"Word2vec,Parts-of-Speech Tagging,N-gram Language Models,Autocorrect,",4.7,1505.0,Coursera,,
Computational Thinking for Problem Solving,Computer Science,Algorithms,"Simple Algorithm,Python Programming,Problem Solving,Computation,",4.7,1257.0,Coursera,,
Data Visualization and Dashboards with Excel and Cognos,Data Science,Data Analysis,"Microsoft Excel,Data Analysis,Data Visualization (DataViz),IBM Cognos Analytics,Dashboard,",4.7,2606.0,Coursera,,
Introduction to Python Programming,Computer Science,Software Development,"Python Tools,Python Syntax And Semantics,Programming Principles,Python Programming,Computer Programming,",4.4,846.0,Coursera,,
Assets in Accounting,Business,Business Essentials,"Accounts receivable and cash receipts,Inventory costing methods,PP&E Accounting,Asset Accounting,Depreciation,",4.4,641.0,Coursera,,
Doing more with Google Sheets,Business,Business Essentials,"Spreadsheet,Google Sheets,Data Analysis,Data Reporting,Data Visualization (DataViz),",4.6,1293.0,Coursera,,
Contabilidad para no contadores,Business,Finance,"Financial Accounting,Accounting,Financial Statement,Interpretation,",4.8,8228.0,Coursera,,
Convolutional Neural Networks in TensorFlow,Data Science,Machine Learning,"Inductive Transfer,Augmentation,Dropouts,Machine Learning,Tensorflow,",4.7,7721.0,Coursera,,
Go Beyond the Numbers: Translate Data into Insights,Data Science,Data Analysis,"Python Programming,Tableau Software,Data Visualization (DataViz),Effective Communication,Exploratory Data Analysis,",4.8,35.0,Coursera,,
Animal Behaviour and Welfare,Health,Animal Health,"Animal,Animal Behavior,Veterinary,Dog,",4.8,4718.0,Coursera,,
Understanding Clinical Research: Behind the Statistics,Health,Research,"Clinical Research,Statistics,Statistical Analysis,Statistical Hypothesis Testing,",4.8,3131.0,Coursera,,
Introduction to Mathematical Thinking,Math and Logic,Math and Logic,"Number Theory,Real Analysis,Mathematical Logic,Language,",4.8,2510.0,Coursera,,
Circular Economy - Sustainable Materials Management,Physical Science and Engineering,Environmental Science and Sustainability,"Business Model,Environmental Policy,Business Analysis,Material Design,Policy Analysis,",4.8,1674.0,Coursera,,
Addiction Treatment: Clinical Skills for Healthcare Providers,Health,Patient Care,"Substance Use Disorder Treatment,Substance Use Disorder Prevention,Substance Use Disorder Screening,Substance Use Disorder,Substance Use Disorder Diagnosis,",4.8,1572.0,Coursera,,
Machine Learning Data Lifecycle in Production,Data Science,Machine Learning,"ML Metadata,Convolutional Neural Network,TensorFlow Extended (TFX),Data Validation,Data transformation,",4.3,635.0,Coursera,,
"Information Systems Auditing, Controls and Assurance",Information Technology,Security,"Information Security (INFOSEC),Information Technology (IT) Management,Audit,Risk Management,Change Management,",4.7,2801.0,Coursera,,
Python and Statistics for Financial Analysis,Business,Finance,"Statistical Analysis,Financial Analysis,Financial Data Analysis,Python Programming,Data Visualization (DataViz),",4.4,3708.0,Coursera,,
Build a Modern Computer from First Principles: From Nand to Tetris (Project-Centered Course),Computer Science,Algorithms,"Logic Gate,Computer Architecture,Assembly Languages,Hardware Description Language (HDL),",4.9,3352.0,Coursera,,
Introduction to DevOps,Computer Science,Software Development,"Test-Driven Development,CI/CD,Behavior-Driven Development,Devops,",4.8,1411.0,Coursera,,
International Humanitarian Law in Theory and Practice,Social Sciences,Law,"International Humanitarian Law,International Law,Law,",4.8,1493.0,Coursera,,
Think Outside the Inbox: Email Marketing,Business,Marketing,"Email Writing,Email list segmentation,Email marketing strategy,Email marketing analytics,Contact management,",4.8,879.0,Coursera,,
Introduction to Software Engineering,Computer Science,Software Development,"Basic programming concepts,Careers in software engineering,Programming languages and frameworks,The Software Development Lifecycle (SDLC),Software Architecture,",4.7,155.0,Coursera,,
Introduction to Medical Software,Computer Science,Design and Product,"Software Testing,Software Design,Entrepreneurship,Medical Software,User Research,",4.8,74.0,Coursera,,
Introduction to Finance: The Basics,Business,Finance,"Financial Management,Finance,Future Value,Leadership And Management,",4.7,268.0,Coursera,,
Natural Language Processing with Attention Models,Data Science,Machine Learning,"Reformer Models,Neural Machine Translation,Chatterbot,T5+BERT Models,Attention Models,",4.3,861.0,Coursera,,
Introduction to Technical Support,Information Technology,Support and Operations,"Information Technology,Customer Service,Ticketing Systems,Service Level Agreements,Technical Support,",4.8,349.0,Coursera,,
Entrepreneurship 1: Developing the Opportunity,Business,Finance,"Discovery-Driven Planning,Elevator Pitch,Planning,Entrepreneurship,",4.8,4064.0,Coursera,,
Vital Signs: Understanding What the Body Is Telling Us,Health,Patient Care,"Dolor Assessment,Metabolic Pathways,Vital Signs,Pain Management,",4.8,5805.0,Coursera,,
International Leadership and Organizational Behavior,Business,Leadership and Management,"Social Network,Leadership,Management,Cross-Cultural Communication,",4.8,2889.0,Coursera,,
An Introduction to Consumer Neuroscience & Neuromarketing,Business,Leadership and Management,"Consumer Behaviour,Marketing,Consumer Neuroscience,Neuromarketing,",4.7,2957.0,Coursera,,
Create High-Fidelity Designs and Prototypes in Figma,Computer Science,Design and Product,"User Experience (UX),mockup,Figma,Prototype,User Experience Design (UXD),",4.8,2704.0,Coursera,,
Improving Communication Skills,Personal Development,Personal Development,"goal setting,Communication,Negotiation,Deception,",4.7,1806.0,Coursera,,
The Manager's Toolkit: A Practical Guide to Managing People at Work,Business,Leadership and Management,"Decision-Making,Leadership,Management,Performance Management,",4.7,3351.0,Coursera,,
Health Behavior Change: From Evidence to Action,Health,Public Health,"health practices,behavioral psychology,Public Health,Mental Health,health psychology,",4.8,287.0,Coursera,,
Programming with JavaScript,Computer Science,Mobile and Web Development,"Test-Driven Development,JavaScript,Front-End Web Development,Object-Oriented Programming (OOP),",4.7,1860.0,Coursera,,
Clinical Terminology for International and U.S. Students,Health,Patient Care,"English Language,Clinical Experience,Vital Signs,Medical Device,",4.8,2881.0,Coursera,,
Réussir le Changement,Business,Leadership and Management,"Change Management,Communication,Management,Communications Management,",4.5,1842.0,Coursera,,
Positive Psychology: Martin E. P. Seligman’s Visionary Science,Health,Psychology,"Character Strengths And Virtues,Gratitude,Positive Education,Positive Psychology,",4.9,5529.0,Coursera,,
"Aspectos básicos: Datos, datos, en todas partes",Data Science,Data Analysis,"Visualización de Datos (DataViz),Limpieza de datos,Hoja de cálculo,análisis de datos,SQL,",4.8,2934.0,Coursera,,
Fundamentals of Reinforcement Learning,Data Science,Machine Learning,"Artificial Intelligence (AI),Machine Learning,Reinforcement Learning,Function Approximation,Intelligent Systems,",4.8,2552.0,Coursera,,
Dino 101: Dinosaur Paleobiology,Health,Basic Science,"Biodiversity,Biology,Evolution,Paleontology,",4.9,3269.0,Coursera,,
Fundamentos de la gestión de proyectos,Business,Leadership and Management,"Gestión de proyectos,Cultura de la organización,Pensamiento estratégico,desarrollo profesional,gestión de cambios,",4.9,3097.0,Coursera,,
Introducción a la programación en Python I: Aprendiendo a programar con Python,Computer Science,Software Development,"Computer Programming,Python Programming,List & Label,Programming Language,",4.4,3982.0,Coursera,,
Fundamentals of Music Theory,Arts and Humanities,Music and Art,"Scales,Notation,Harmony,Rhythm,Chords,",4.5,1647.0,Coursera,,
Oil & Gas Industry Operations and Markets,Physical Science and Engineering,Environmental Science and Sustainability,"Energy,Geology,Directional Drilling,Enhanced Oil Recovery,",4.8,5456.0,Coursera,,
Data Visualization with Python,Data Science,Data Analysis,"Dashboards and Charts,dash,Python Programming,Matplotlib,Data Visualization (DataViz),",4.5,10834.0,Coursera,,
Sales and CRM Overview,Business,Business Essentials,"CRM,Sales Operations,Sales,Salesforce Sales Cloud,Salesforce,",4.6,592.0,Coursera,,
Mathematics for Machine Learning: Linear Algebra,Data Science,Machine Learning,"Eigenvalues And Eigenvectors,Basis (Linear Algebra),Transformation Matrix,Linear Algebra,",4.7,11522.0,Coursera,,
Introduction to Corporate Finance,Business,Finance,"Discounted Cash Flow,Decision-Making,Corporate Finance,Cash Flow Analysis,",4.6,5675.0,Coursera,,
How to Manage a Remote Team,Business,Leadership and Management,"Business Transformation,Business Strategy,Leadership And Management,Human Resources (HR),Remote work,",4.8,833.0,Coursera,,
Construction Project Management,Business,Business Strategy,"Project Management,Construction Management,Work Breakdown Structure,Project Planning,",4.8,5908.0,Coursera,,
Science of Exercise,Health,Basic Science,"Training,Nutrition,Fitness And Nutrition,Public Health,",4.8,4295.0,Coursera,,
"Sequences, Time Series and Prediction",Data Science,Machine Learning,"Forecasting,Machine Learning,Tensorflow,Time Series,prediction,",4.7,4741.0,Coursera,,
Supply Chain Principles,Business,Business Essentials,"Procurement,Supply Chain,Transporting,",4.6,1912.0,Coursera,,
SAP Professional Fundamentals,Business,Leadership and Management,"Client Research and Analysis,Business Transformation,Planning and Project Management,Communication and Engagement,Systems and Design Thinking,",4.8,125.0,Coursera,,
Visualizing the Living Body: Diagnostic Imaging,Health,Patient Care,"Anatomy,radiography,Medicine,human anatomy,",4.8,122.0,Coursera,,
A Crash Course in Causality:  Inferring Causal Effects from Observational Data,Data Science,Probability and Statistics,"Instrumental Variable,Propensity Score Matching,Causal Inference,Causality,",4.7,498.0,Coursera,,
Excel Skills for Business: Intermediate I,Business,Business Essentials,"Concatenation,Microsoft Excel,Consolization,Pivot Table,Pivot Chart,",4.9,15976.0,Coursera,,
Natural Language Processing in TensorFlow,Data Science,Machine Learning,"Natural Language Processing,Tokenization,Machine Learning,Tensorflow,RNNs,",4.6,6166.0,Coursera,,
Write A Feature Length Screenplay For Film Or Television,Arts and Humanities,Music and Art,"Script Writing,Filmmaking,Screenwriting,Film and Televison Writing,Creative Writing,",4.6,175.0,Coursera,,
ADHD: Everyday Strategies for Elementary Students,Social Sciences,Education,"Teaching,Communication,Planning,Attention Deficit Hyperactivity Disorder (ADHD),",4.7,2046.0,Coursera,,
Financial Accounting Fundamentals,Business,Business Essentials,"Financial Accounting,Accounting,Financial Statement,Balance Sheet,",4.8,2362.0,Coursera,,
Introduction to Programming with MATLAB,Computer Science,Software Development,"Computer Programming,Problem Solving,Matlab,Programming Language,",4.8,16892.0,Coursera,,
Using Python to Access Web Data,Computer Science,Software Development,"Json,Xml,Python Programming,Web Scraping,",4.8,43251.0,Coursera,,
Dog Emotion and Cognition,Health,Animal Health,"Cognitive Science,Evolution,Animal Behavior,Dog,",4.7,4401.0,Coursera,,
"Introduction to Web Development with HTML, CSS, JavaScript",Computer Science,Mobile and Web Development,"Cascading Style Sheets (CSS),HTML,Git (Software),JavaScript,Cloud Applications,",4.5,1093.0,Coursera,,
Analyze Datasets and Train ML Models using AutoML,Data Science,Machine Learning,"Statistical Data Bias Detection,Multi-class Classification with FastText and BlazingText,Data ingestion,Exploratory Data Analysis,Automated Machine Learning (AutoML),",4.6,364.0,Coursera,,
Terrorism and Counterterrorism: Comparing Theory and Practice,Social Sciences,Governance and Society,"History,counterterrorism,International Law,Terrorism Studies,Policy Analysis,",4.8,3009.0,Coursera,,
"Speak English Professionally: In Person, Online & On the Phone",Language Learning,Learning English,"Stress,Communication,Presentation,Public Speaking,",4.7,9711.0,Coursera,,
Assess for Success: Marketing Analytics and Measurement,Business,Marketing,"Digital marketing KPIs,Spreadsheet management,Presenting to stakeholders,Media planning and strategies,Marketing Analytics,",4.6,630.0,Coursera,,
English for Journalism,Language Learning,Learning English,"English Grammar,News Reporting,English Language,Broadcast,",4.8,2567.0,Coursera,,
The Power of Statistics,Data Science,Probability and Statistics,"Statistical Analysis,Python Programming,Effective Communication,Statistical Hypothesis Testing,Probability Distribution,",4.9,26.0,Coursera,,
Visual Elements of User Interface Design,Arts and Humanities,Music and Art,"User Interface Design (UI Design),User Experience (UX),Graphic Design,",4.7,5482.0,Coursera,,
Work Smarter with Microsoft Excel,Business,Business Essentials,"Microsoft Excel,Chart,Worksheet,",4.7,895.0,Coursera,,
Supply Chain Logistics,Business,Business Essentials,"Warehouse Management,Logistics Planning,Supply Chain,Inventory,",4.8,9745.0,Coursera,,
Teamwork Skills: Communicating Effectively in Groups,Business,Leadership and Management,"teamwork,diversity,Communication,Conflict Management,technology,",4.7,3071.0,Coursera,,
Exploratory Data Analysis for Machine Learning,Data Science,Machine Learning,"Artificial Intelligence (AI),Machine Learning,Feature Engineering,Statistical Hypothesis Testing,Exploratory Data Analysis,",4.6,1164.0,Coursera,,
"Penetration Testing, Incident Response and Forensics",Information Technology,Security,"scripting,forensics,Penetration Test,Cybersecurity,Computer Security Incident Management,",4.6,1932.0,Coursera,,
Version Control,Computer Science,Mobile and Web Development,"Linux,Web Development,Bash (Unix Shell),Github,Version Control,",4.7,1498.0,Coursera,,
Work Smarter with Microsoft Word,Information Technology,Cloud Computing,"Documents,Microsoft Word,",4.7,577.0,Coursera,,
Arts and Heritage Management,Business,Marketing,"Fundraising,Customer Relationship Management (CRM),Management,Marketing,",4.8,1255.0,Coursera,,
Innovation Management,Business,Business Strategy,"Social Network,Management,Innovation,Innovation Management,",4.7,1854.0,Coursera,,
Introduction to Spreadsheets and Models,Business,Business Essentials,"Monte Carlo Method,Microsoft Excel,Linear Programming (LP),Solver,",4.2,3680.0,Coursera,,
Wind Energy,Physical Science and Engineering,Mechanical Engineering,"Wind Energy,Materials,Wind Power,Wind Energy Engineering,",4.7,6936.0,Coursera,,
AI for Medical Diagnosis,Data Science,Machine Learning,"Deep Learning,Image Segmentation,Machine Learning,model evaluation,Multi-class classification,",4.7,1825.0,Coursera,,
Accounting: Principles of Financial Accounting,Business,Finance,"Financial Accounting,Accounting,Financial Statement,Balance Sheet,",4.8,2825.0,Coursera,,
Write Your First Novel,Arts and Humanities,Music and Art,"Creative Writing,Novel Writing,Story Telling,",4.2,259.0,Coursera,,
Social Media Management,Business,Marketing,"Content Development,content management,Social Media Marketing,Content Marketing,Marketing Content Development,",4.9,3963.0,Coursera,,
"Decisions, Decisions: Dashboards and Reports",Data Science,Data Analysis,"Presenting Data Insights,Tableau Software,Data Visualization (DataViz),Effective Communication,Dashboarding and Reporting,",4.8,52.0,Coursera,,
COVID-19 Contact Tracing,Health,Public Health,"Ethics,Active Listening,Public Health,Contact Tracing,Epidemiology,",4.9,94844.0,Coursera,,
Camino a la Excelencia en Gestión de Proyectos,Business,Leadership and Management,"Lean Project Management,Value Stream Mapping,Lean Manufacturing,Legal Project Management,",4.7,6297.0,Coursera,,
Introduction to Hardware and Operating Systems,Information Technology,Support and Operations,"Technical Support,IT Service Management (ITSM),Troubleshooting,IT Career,",4.8,563.0,Coursera,,
Introduction to Embedded Systems Software and Development Environments,Physical Science and Engineering,Electrical Engineering,"Makefile,C Programming,Embedded C,",4.5,569.0,Coursera,,
Introduction to Financial Engineering and Risk Management,Business,Finance,"Derivatives,Swaps and options,Fixed Income,Binomial Distribution,black scholes model,",4.5,114.0,Coursera,,
English for Business and Entrepreneurship,Language Learning,Learning English,"Business Plan,Market Research,English Language,Entrepreneurship,",4.8,4491.0,Coursera,,
Natural Language Processing with Sequence Models,Data Science,Machine Learning,"Word Embedding,Sentiment with Neural Nets,Siamese Networks,Natural Language Generation,Named-Entity Recognition,",4.5,1006.0,Coursera,,
Design Thinking for the Greater Good: Innovation in the Social Sector,Social Sciences,Education,"Prototyping,Problem Solving,User-Centered Design,Design Thinking,Social Issues,",4.7,390.0,Coursera,,
What is Compliance?,Business,Business Essentials,"Risk Management,Brand Management,Strategic Planning,Compliance,",4.8,1049.0,Coursera,,
Hands-on Introduction to Linux Commands and Shell Scripting,Computer Science,Software Development,"Shell Script,Bash (Unix Shell),Linux,",4.6,673.0,Coursera,,
Getting Started with AI using IBM Watson,Data Science,Machine Learning,"Deep Learning,Application Programming Interfaces (API),Artificial Intelligence (AI),Machine Learning,watson,",4.5,2666.0,Coursera,,
Microsoft Power Platform Fundamentals,Information Technology,Cloud Computing,"Data Analysis,Business Process,Data Visualization (DataViz),power bi,Chatbot,",4.3,53.0,Coursera,,
Machine Learning Introduction for Everyone,Data Science,Machine Learning,"Deep Learning,Artificial Intelligence (AI),Machine Learning,Reinforcement Learning,Machine Learning Model Lifecycle,",4.5,112.0,Coursera,,
Financing and Investing in Infrastructure,Business,Finance,"Capital Budgeting,Risk Analysis,Project,Finance,",4.8,1808.0,Coursera,,
"Divide and Conquer, Sorting and Searching, and Randomized Algorithms",Computer Science,Algorithms,"Algorithms,Randomized Algorithm,Sorting Algorithm,Divide And Conquer Algorithms,",4.8,5050.0,Coursera,,
Modern Art & Ideas,Arts and Humanities,Music and Art,"Creativity,Art,History,Art History,Art Direction,",4.8,6097.0,Coursera,,
Fundamentals of Technology Sales,Business,Business Essentials,"Sales Development,Sales Management,Sales Strategy,Sales,Sales Presentation,",4.8,45.0,Coursera,,
Creative Writing: The Craft of Plot,Arts and Humanities,Music and Art,"Short Story Writing,Fiction Writing,Creativity,Copy Editing,",4.7,4547.0,Coursera,,
Miracles of Human Language: An Introduction to Linguistics,Language Learning,Other Languages,"Essay Writing,History,English Language,Chinese Language,",4.7,2273.0,Coursera,,
Liabilities and Equity in Accounting,Business,Business Essentials,"Accounts Payable and Payroll,Owner’s Equity and Owner’s Draw,Accounting,Long-Term Liabilities and Note Payable,Accounting for Liabilities and Equity,",4.2,384.0,Coursera,,
Biology Meets Programming: Bioinformatics for Beginners,Health,Health Informatics,"Bioinformatics,Bioinformatics Algorithms,Biology,Python Programming,",4.2,1428.0,Coursera,,
The Business of Product Management I,Business,Leadership and Management,"Go-to-market Strategy,Product/Market Fit,Tech Leadership,B2B Sales,Product Management,",4.5,643.0,Coursera,,
Autodesk Certified Professional: AutoCAD for Design and Drafting Exam Prep,Physical Science and Engineering,Mechanical Engineering,"Autocad,Design,Autodesk,Engineering,Computer-Aided Design (CAD),",4.7,2400.0,Coursera,,
Solar Energy Basics,Physical Science and Engineering,Environmental Science and Sustainability,"Renewable Energy,Power & energy calculations,Electronic Circuits,Solar Energy,Energy Audits,",4.8,2225.0,Coursera,,
Learning to Teach Online,Social Sciences,Education,"Teaching,Online Learning,Evaluation,Planning,",4.7,2913.0,Coursera,,
Introduction to Deep Learning & Neural Networks with Keras,Data Science,Machine Learning,"Deep Learning,Artificial Neural Network,Artificial Intelligence (AI),Machine Learning,keras,",4.7,1258.0,Coursera,,
Network Security & Database Vulnerabilities,Information Technology,Security,"database vulnerabilities,Network Security,Sql Injection,Cybersecurity,networking basics,",4.7,2808.0,Coursera,,
Digital Transformation,Business,Leadership and Management,"Technology Disruption,Digital Trends,Competitive Lifecycle,Digital Strategy,Strategic Management,",4.8,5842.0,Coursera,,
Project Management: Foundations and Initiation,Business,Leadership and Management,"Resource Management,Engineering management,Business Communication,Team Management,Project Management,",4.7,150.0,Coursera,,
Responsive Web Design in Adobe XD,Computer Science,Design and Product,"Adobe XD,User Experience (UX),Usability Testing,Prototype,User Experience Design (UXD),",4.8,2146.0,Coursera,,
Marketing Digital,Business,Marketing,"Digital Marketing,Marketing Analytics,Google Adwords,Google Analytics,Marketing Performance Measurement And Management,",4.8,2092.0,Coursera,,
Using Python to Interact with the Operating System,Information Technology,Support and Operations,"Setting up your Development Environment,Regular Expression (REGEX),Testing in Python,Automating System Administration Tasks with Python,Bash Scripting,",4.7,5444.0,Coursera,,
The Arts and Science of Relationships: Understanding Human Needs,Personal Development,Personal Development,"Psychology,Assertiveness,Communication,Building Relationships,",4.5,1494.0,Coursera,,
"Make the Sale: Build, Launch, and Manage E-commerce Stores",Business,Marketing,"Fulfillment and delivery,Website Structure,E-commerce platforms,E-Commerce Strategy,Seasonality,",4.8,529.0,Coursera,,
Diversity and Inclusion for HR Professionals,Business,Leadership and Management,"inclusion,diversity,belonging,Human Resources (HR),Leadership,",4.7,138.0,Coursera,,
Instructional Methods in Health Professions Education,Health,Public Health,"Teaching,Simulation,Instructional Design,Teaching Method,",4.7,414.0,Coursera,,
Schizophrenia,Health,Psychology,"Psychology,Psychiatry,Psychiatric Disorders,Psychotherapy,",4.8,1967.0,Coursera,,
Inclusive Leadership: The Power of Workplace Diversity,Social Sciences,Education,"Emotional Intelligence,self-awareness,inclusive leadership,Communication,Diversity (Business),",4.9,1701.0,Coursera,,
Managing the Company of the Future,Business,Leadership and Management,"Management Theory,Strategic Management,Leadership,Management,",4.8,3342.0,Coursera,,
Foundations of Business Strategy,Business,Business Strategy,"Capabilities Analysis,Business Strategy,Competitive Position,Strategic Analysis,Industry Structure,",4.8,2791.0,Coursera,,
Introduction to Google SEO,Business,Marketing,"Search Algorithm,Search Engine Optimization (SEO),Mathematical Optimization,Semantics,",4.6,9506.0,Coursera,,
Implant Dentistry,Health,Basic Science,"Biology,Surgery,Radiology,Dentistry,",4.8,1406.0,Coursera,,
Healing with the Arts,Personal Development,Personal Development,"Music,Art,Meditation,Visual Arts,",4.6,832.0,Coursera,,
Introduction to Data Science in Python,Data Science,Data Analysis,"Python Programming,Numpy,Pandas,Data Cleansing,",4.5,26596.0,Coursera,,
People Analytics,Business,Leadership and Management,"Talent Management,Analytics,Performance Management,Collaboration,",4.6,5812.0,Coursera,,
Six Sigma Principles,Business,Business Essentials,"Lean Six Sigma,Process Improvement,Six Sigma,Lean Methods,",4.6,7153.0,Coursera,,
"Excel/VBA for Creative Problem Solving, Part 1",Computer Science,Algorithms,"Microsoft Excel Vba,Computer Programming,Problem Solving,Debugging,",4.8,3981.0,Coursera,,
Fundamentals of Visualization with Tableau,Data Science,Data Analysis,"Tableau Software,Data Virtualization,Data Visualization (DataViz),Visualization (Computer Graphics),",4.5,6059.0,Coursera,,
Operational Research for Humanitarians,Health,Research,"Ethics,Humanitarian,Qualitative and Quantitative Research,community engagement,Research Methods,",4.8,58.0,Coursera,,
Introduction to Probability and Data with R,Data Science,Data Analysis,"Statistics,R Programming,Rstudio,Exploratory Data Analysis,",4.7,5419.0,Coursera,,
Business Model Innovation,Business,Business Strategy,"Strategic Management,Business Model,Business Modeling,Business Strategy,",4.7,485.0,Coursera,,
Data-Driven Decisions with Power BI,Business,Business Essentials,"Data Modeling,Data-Drive Decision Making,Group Decision-Making,Data Analysis,Report Building,",4.2,131.0,Coursera,,
Greek and Roman Mythology,Arts and Humanities,Philosophy,"Art History,Greek Mythology,History,Mythology,",4.8,2219.0,Coursera,,
Getting Started with Git and GitHub,Computer Science,Software Development,"Distributed Version Control (DRCS),open source,Version Control Systems,Github,Git (Software),",4.6,364.0,Coursera,,
Agile Meets Design Thinking,Computer Science,Design and Product,"agile user stories,User Experience Design (UXD),Agile Software Development,Product Management,Software Development,",4.7,3298.0,Coursera,,
Google SEO Fundamentals,Business,Marketing,"Social Media,Keyword Research,Marketing,Mathematical Optimization,",4.8,3217.0,Coursera,,
Introduction to Cyber Attacks,Computer Science,Computer Security and Networks,"Cybersecurity,Information Security (INFOSEC),Denial-Of-Service Attack (DOS),Risk Assessment,",4.7,2596.0,Coursera,,
Introduction to Agile Development and Scrum,Computer Science,Software Development,"Agile Software Development,Scrum Methodology,Zenhub,Kanban,Sprint Planning,",4.9,1019.0,Coursera,,
Excel Fundamentals for Data Analysis,Business,Business Essentials,"Data Analysis,Microsoft Excel,Data Cleansing,",4.8,3154.0,Coursera,,
Creative Thinking: Techniques and Tools for Success,Personal Development,Personal Development,"Creative Thinking,Problem Solving,Creativity,Brainstorming,",4.7,3814.0,Coursera,,
Mastering Final Cut Pro,Business,Business Essentials,"Experience with video production is helpful,video terminology and while not required,Basic understanding of macOS helpful,",4.5,187.0,Coursera,,
Introduction to Public Speaking,Business,Business Essentials,"Confidence,Presentation,Speech,Public Speaking,",4.8,1948.0,Coursera,,
Children's Human Rights - An Interdisciplinary Introduction,Social Sciences,Law,"Justice,Child Psychology,International Law,Humanitarian,",4.7,1980.0,Coursera,,
Data-driven Decision Making,Data Science,Data Analysis,"Data-Informed Decision-Making,Big Data,Data Analysis,Data Visualization (DataViz),",4.6,5868.0,Coursera,,
Cost and Economics in Pricing Strategy,Business,Marketing,"Cost-Based Pricing,Channel and Direct-to-Consumer Pricing,Pricing Strategies,Price Discrimination,Price Elasticity Of Demand,",4.8,641.0,Coursera,,
Aspectos básicos del diseño de la experiencia del usuario,Computer Science,Design and Product,"Experiencia del usuario (UX),Esquema,Diseño de la experiencia del usuario (UXD),Investigación en UX,Prototipo,",4.9,1624.0,Coursera,,
Nutrición y obesidad: control de sobrepeso,Health,Nutrition,"Nutrition,Null Character,Physical Examination,Diets,",4.8,5194.0,Coursera,,
Positive Psychology,Health,Psychology,"Gratitude,Kindness,Meditation,Positive Psychology,",4.7,5725.0,Coursera,,
Security Principles,Information Technology,Security,"Risk,Information Assurance,security,governance,",4.7,71.0,Coursera,,
Understanding Plants - Part I: What a Plant Knows,Health,Basic Science,"Plant Biology,Genetics,Cell Biology,Plant,",4.8,1721.0,Coursera,,
Science Literacy,Health,Basic Science,"Media Literacy,Experimental Design,Communication,Science Literacy,Science,",4.4,215.0,Coursera,,
Machine Learning Modeling Pipelines in Production,Data Science,Machine Learning,"Explainable AI,Fairness Indicators,automl,Model Performance Analysis,Precomputing Predictions,",4.4,325.0,Coursera,,
Design a User Experience for Social Good & Prepare for Jobs,Computer Science,Design and Product,"User Experience (UX),Usability Testing,Prototype,User Experience Design (UXD),UX design jobs,",4.8,2176.0,Coursera,,
Social Impact Strategy: Tools for Entrepreneurs and Innovators,Business,Entrepreneurship,"Market Analysis,Business Model,Business Modeling,Social Entrepreneurship,",4.8,1228.0,Coursera,,
The Art of Music Production,Arts and Humanities,Music and Art,"Audio Production,Music,Music production,Songwriting,Music recording,",4.8,1912.0,Coursera,,
Introduction to Risk Management,Business,Finance,"Risk Management,Financial Risk,Leadership and Financial Risk Estimation and Management,Regulations,",4.7,234.0,Coursera,,
Initiating and Planning Projects,Business,Leadership and Management,"Project Management,Project,Planning,Project Planning,",4.7,21788.0,Coursera,,
"Custom Models, Layers, and Loss Functions with TensorFlow",Data Science,Machine Learning,"Functional API,Custom Layers,Custom and Exotic Models with Functional API,Custom Loss Functions,",4.9,865.0,Coursera,,
Algorithmic Toolbox,Computer Science,Algorithms,"Dynamic Programming,Debugging,Software Testing,Algorithms,Computer Programming,",4.6,12161.0,Coursera,,
Introduction to Computer Vision and Image Processing,Data Science,Machine Learning,"Deep Learning,Opencv,Artificial Intelligence (AI),Image Processing,Computer Vision,",4.4,915.0,Coursera,,
Preparing to Manage Human Resources,Business,Leadership and Management,"Human Resources (HR),Resource Management,Hr Strategy,",4.8,9134.0,Coursera,,
Deploying Machine Learning Models in Production,Data Science,Machine Learning,"TensorFlow Serving,Model Monitoring,Model Registries,Machine Learning Operations (MLOps),Generate Data Protection Regulation (GDPR),",4.6,248.0,Coursera,,
Introduction to Genetics and Evolution,Health,Basic Science,"Biology,Genetics,Evolution,Genomics,",4.8,1453.0,Coursera,,
Rebuilding Our Relationship with Food,Health,Nutrition,"Devise a customized plan for optimizing your eating patterns.,Rebuild your relationship with food by learning to genuinely love the foods that will support your health in the long term.,Practice self-compassion with regard to your eating behaviors and food choices.,Observe your own unique eating patterns and identify areas of improvement.,Practice food mindfulness or mindful eating on a day-to-day basis.,",4.9,209.0,Coursera,,
Introduction to Web Development,Computer Science,Mobile and Web Development,"Css Code,HTML,JavaScript,Cascading Style Sheets (CSS),",4.7,3526.0,Coursera,,
Cyber Threat Intelligence,Information Technology,Security,"Application Security,threat intelligence,network defensive tactics,security analyst,Cybersecurity,",4.7,1344.0,Coursera,,
Google Cloud Fundamentals: Core Infrastructure,Information Technology,Cloud Computing,"Google Compute Engine,Google App Engine (GAE),Google Cloud Platform,Cloud Computing,",4.7,46791.0,Coursera,,
Regression Analysis: Simplify Complex Data Relationships,Data Science,Data Analysis,"Predictive Modelling,Statistical Analysis,Python Programming,Effective Communication,regression modeling,",5.0,22.0,Coursera,,
Fundamentals of GIS,Physical Science and Engineering,Environmental Science and Sustainability,"Spatial Analysis,Data Analysis,Data Visualization (DataViz),Software,",4.8,5234.0,Coursera,,
The Horse Course: Introduction to Basic Care and Management,Health,Animal Health,"Disease Management,Nutrition,Animal Behavior,Vital Signs,",4.9,883.0,Coursera,,
Foundations of Health Equity Research,Health,Public Health,"Health Research,health equity research,Research Design,Research Methods,Epidemiology,",4.8,153.0,Coursera,,
CompTIA Exam Prep,Information Technology,Support and Operations,"Helpdesk,Computer Troubleshooting,Technical Support,Software,hardware,",3.3,81.0,Coursera,,
In the Studio: Postwar Abstract Painting,Arts and Humanities,Music and Art,"Art History,Art,History,Color Theory,",4.9,1373.0,Coursera,,
Bases de la planification et de la gestion de projet,Business,Business Essentials,"Project Management,Earned Value Management (EVMT),Budget,U.S. Securities And Exchange Commission,",4.7,93.0,Coursera,,
Satisfaction Guaranteed: Develop Customer Loyalty Online,Business,Marketing,"Job preparedness,Customer Relationship Management (CRM),Portfolio preparation,E-commerce store optimization,Building customer loyalty,",4.8,1092.0,Coursera,,
Computational Neuroscience,Data Science,Machine Learning,"Computational Neuroscience,Artificial Neural Network,Reinforcement Learning,Biological Neuron Model,",4.6,1010.0,Coursera,,
Using Databases with Python,Computer Science,Software Development,"Python Programming,Database (DBMS),Sqlite,SQL,",4.8,20875.0,Coursera,,
Astronomy: Exploring Time and Space,Physical Science and Engineering,Physics and Astronomy,"Solar Systems,Chemistry,Theory Of Relativity,Astrobiology,",4.8,3442.0,Coursera,,
Financial Planning for Young Adults,Business,Finance,"Risk Management,Budget,Saving,Investment,",4.6,1245.0,Coursera,,
Process Mining: Data science in Action,Data Science,Data Analysis,"Petri Net,Process Modeling,Process Mining,Data Mining,",4.7,1146.0,Coursera,,
Bugs 101: Insect-Human Interactions,Health,Basic Science,"Biology,Entomology,Science,Ecology,",4.9,1256.0,Coursera,,
Applied Data Science Capstone,Data Science,Data Analysis,"Methodology,Github,Jupyter Notebook,Data Science Methodology,K-Means Clustering,",4.7,6539.0,Coursera,,
Introduction to Environmental Law and Policy,Social Sciences,Law,"Environmental Law,Common Law,Law,Environmental Protection,",4.8,2755.0,Coursera,,
Writing and Editing: Word Choice and Word Order,Personal Development,Personal Development,"Persuasion,Creativity,Writing,Time management,Editing,",4.7,1658.0,Coursera,,
Code Yourself! An Introduction to Programming,Computer Science,Software Development,"Computer Programming,Algorithms,Programming Language,Scratch (Programming Language),",4.7,3147.0,Coursera,,
Introduction to Machine Learning,Data Science,Machine Learning,"Natural Language Processing,Convolutional Neural Network,Machine Learning,Python Programming,pytorch,",4.7,3264.0,Coursera,,
The Cycle: Management of Successful Arts and Cultural Organizations,Arts and Humanities,Music and Art,"Fundraising,Management,Marketing,Planning,",4.8,616.0,Coursera,,
Getting Started with SAS Programming,Data Science,Data Analysis,"SAS Studio,Import Data,Reports,Prepare Data,SAS Programs,",4.8,2817.0,Coursera,,
Earth Economics,Social Sciences,Economics,"Earth Economics,Policy Development,Data Analysis,Policy Analysis,You will develop a good understanding about why we need Earth Economics in addition to traditional macroeconomics (nation-level) and microeconomics (individual and firm level,",4.7,58.0,Coursera,,
Product Management Essentials,Business,Business Essentials,"Customer Development,Product Development,Marketing,Product Management,Leadership,",4.6,190.0,Coursera,,
"Algorithms for Searching, Sorting, and Indexing",Computer Science,Algorithms,"Analysis of Algorithms,Hashtables,Algorithm Design,Python Programming,Data Structure Design,",4.7,230.0,Coursera,,
Econometrics: Methods and Applications,Data Science,Probability and Statistics,"Linear Regression,Time Series,Econometrics,Regression Analysis,",4.6,1137.0,Coursera,,
Operations Analytics,Business,Business Strategy,"Simulation,Mathematical Optimization,Solver,Decision Tree,",4.7,4957.0,Coursera,,
Containerized Applications on AWS,Information Technology,Cloud Computing,"App Runner,Kubernetes,Containers,Amazon Elastic Container Registry,Microservices,",4.7,92.0,Coursera,,
Data Science Math Skills,Math and Logic,Math and Logic,"Bayes' Theorem,Bayesian Probability,Probability,Probability Theory,",4.5,11112.0,Coursera,,
Global Financing Solutions  (by EDHEC and Société Générale),Business,Finance,"Syndication,project finance,Capital Market,Acquisition & Buy-Outs,Sustainability,",4.7,158.0,Coursera,,
React Basics,Computer Science,Mobile and Web Development,"Web Application,Front-End Web Development,React (Web Framework),Application development,",4.8,649.0,Coursera,,
Probabilistic Graphical Models 1: Representation,Data Science,Machine Learning,"Bayesian Network,Graphical Model,Markov Random Field,",4.6,1408.0,Coursera,,
Introduction to Enterprise Computing,Information Technology,Cloud Computing,"Mainframe,z/OS,Enterprise Software,security,IBM Z,",4.7,810.0,Coursera,,
ChatGPT for Beginners: Using AI For Market Research,Business,Business Strategy,"Business Analytics,Market Analysis,Business Strategy,Market Research,ChatGPT,",4.7,18.0,Coursera,,
Getting Started with Power BI Desktop,Business,Business Essentials,"Business Analytics,Data Analysis,Data Visualization (DataViz),power bi,Business Intelligence,",4.7,3242.0,Coursera,,
Coding for Beginners: An Easy Introduction,Computer Science,Software Development,"Basic Coding,Basic programming concepts,Programming Language,Python Programming,Computer Programming,",,,Coursera,,
ChatGPT for Beginners: SciFi Writing with Dall-e,Computer Science,Algorithms,"Critical Thinking,Creative Writing,AI communication,",,,Coursera,,
Curso Completo de Power BI Desktop,Data Science,Data Analysis,,4.4,546.0,Coursera,,
Excel for Beginners: Pivot Tables,Business,Business Essentials,"Spreadsheet,Microsoft Excel,",4.6,30.0,Coursera,,
Cloud SQL for MySQL: Qwik Start,Data Science,Data Analysis,"MySQL,cloud sql,SQL Operations,",,,Coursera,,
Migrating to Cloud SQL from Amazon RDS for MySQL Using Database Migration Service,Information Technology,Cloud Computing,"Database (DBMS),Google Cloud Platform,MySQL,",,,Coursera,,
Cloud Spanner - Defining Schemas and Understanding Query Plans,Information Technology,Data Management,"Database (DBMS),Data Management,Google Cloud Platform,",,,Coursera,,
Configure Replication and Enable Point-in-Time-Recovery for Cloud SQL for PostgreSQL,Information Technology,Cloud Computing,"Postgresql,Google Cloud Platform,cloud sql,",,,Coursera,,
Migrate to Cloud SQL for PostgreSQL using Database Migration Service,Information Technology,Cloud Computing,"Database (DBMS),Data Management,Google Cloud Platform,",,,Coursera,,
Connect an App to a Cloud SQL for PostgreSQL Instance,Data Science,Data Analysis,"Postgresql,Kubernetes,cloud sql,",,,Coursera,,
Cloud Spanner - Loading Data and Performing Backups,Information Technology,Data Management,"Database (DBMS),Dataflow,Data Management,Google Cloud Platform,",,,Coursera,,
Deploy a Modern Web App connected to a Cloud Spanner Instance,Information Technology,Data Management,"Node.Js,Database (DBMS),Google Cloud Platform,",,,Coursera,,
A Tour of Google Cloud Hands-on Labs,Information Technology,Cloud Computing,"Cloud Platforms,Cloud Storage,Google Cloud Platform,",4.7,113.0,Coursera,,
Migrating On-premises MySQL Using a Continuous Database Migration Service Job,Information Technology,Cloud Computing,"Database (DBMS),Google Cloud Platform,MySQL,",,,Coursera,,
Securing a Cloud SQL for PostgreSQL Instance,Information Technology,Cloud Computing,"Cloud Computing Security,Database (DBMS),Google Cloud Platform,",,,Coursera,,
Visual Perception for Self-Driving Cars,Computer Science,Software Development,,4.7,533.0,Coursera,,
Introduction to Data Analytics for Business,Data Science,Data Analysis,"Data Model,Data Quality,Data Analysis,SQL,",4.7,3034.0,Coursera,,
Writing Winning Resumes and Cover Letters,Business,Business Essentials,,4.6,290.0,Coursera,,
Fundamentals of Investing,Personal Development,Personal Development,"Investment Fees,Diversification,Active vs. Passive Investing,Risk Aversion,Investment,",4.5,44.0,Coursera,,
Verb Tenses and Passives,Language Learning,Learning English,"English Grammar,Grammar,Perfect Tenses,English Language,",4.8,1816.0,Coursera,,
Spanish Vocabulary: Careers and Social Events,Language Learning,Other Languages,,4.7,196.0,Coursera,,
"Introduction to CAD, CAM, and Practical CNC Machining",Physical Science and Engineering,Mechanical Engineering,"Manufacturing Process Management,Computer-Aided Design (CAD),Computer-Aided Manufacturing,Autodesk Fusion 360,Mechanical Engineering,",4.8,788.0,Coursera,,
AI For Medical Treatment,Data Science,Machine Learning,"treatment effect estimation,machine learning interpretation,Random Forest,natural language entity extraction,question-answering,",4.7,488.0,Coursera,,
Regression Models,Data Science,Probability and Statistics,"Model Selection,Generalized Linear Model,Linear Regression,Regression Analysis,",4.4,3322.0,Coursera,,
EMT Foundations,Health,Patient Care,,4.8,961.0,Coursera,,
Culminating Project in Health Informatics,Health,Health Informatics,,4.8,43.0,Coursera,,
Managing Network Security,Information Technology,Security,"Wireless Security,Intrusion Detection System,Firewall (Computing),Computer Network,",4.7,194.0,Coursera,,
Programming for the Internet of Things Project,Physical Science and Engineering,Electrical Engineering,"Arduino,Python Programming,Internet Of Things (IOT),Raspberry Pi,",4.7,866.0,Coursera,,
"Twitter, LinkedIn, and YouTube Marketing",Business,Marketing,"Use LinkedIn Campaign Manager to optimize B2B advertising campaigns,Set up a YouTube channel,Use Ads Manager to create and optimize Twitter ads,Use social selling tactics to connect and engage with prospects,Build a personal brand on LinkedIn,",4.4,36.0,Coursera,,
Capstone - Managing Board Change for Higher Levels of Leadership and Governance Effectiveness,Business,Leadership and Management,,,,Coursera,,
Statistics for Genomic Data Science,Data Science,Probability and Statistics,"Statistics,Data Analysis,R Programming,Biostatistics,",4.2,334.0,Coursera,,
Introduction to Typography,Arts and Humanities,Music and Art,"Creativity,Adobe Illustrator,History,Graphics,Adobe Indesign,",4.8,5330.0,Coursera,,
The Measure Phase for the 6 σ Black Belt,Business,Business Essentials,,4.3,18.0,Coursera,,
Taxation of Business Entities I: Corporations,Business,Business Essentials,,4.7,209.0,Coursera,,
Gestión con enfoque en riesgos en proyectos de desarrollo,Social Sciences,Governance and Society,"Gestión de proyectos,Gestión de riesgos,Análisis e identificación de riesgos,Priorización de riesgos,Planificación estratégica,",5.0,27.0,Coursera,,
Roadmap to Success in Digital Manufacturing & Design,Physical Science and Engineering,Mechanical Engineering,,4.7,256.0,Coursera,,
Economics and Policies of Climate Change,Social Sciences,Economics,"Understand the likely impacts on the real economy of the different courses of actions ahead of us,Evaluate projects on a portfolio basis the economic attractiveness of various abatement projects,Assess critically the economic desirability of different technologically feasible abatement technologies,Understand the various policy approaches involved in the transition to a low carbon economy including in particular ""cap & trade"" carbon markets,",4.5,37.0,Coursera,,
Medical Terminology III,Health,Basic Science,,4.8,37.0,Coursera,,
IELTS Listening and Speaking Sections Skills Mastery,Language Learning,Learning English,,4.5,356.0,Coursera,,
Advanced Styling with Responsive Design,Computer Science,Mobile and Web Development,"Bootstrap (Front-End Framework),Responsive Web Design,JavaScript,Cascading Style Sheets (CSS),",4.7,4331.0,Coursera,,
Design and Build a Data Warehouse for Business Intelligence Implementation,Data Science,Data Analysis,"Data Warehousing,Microstrategy,Data Warehouse,SQL,",4.6,271.0,Coursera,,
Building High-Performing Teams,Business,Leadership and Management,"Team Building,Leadership,Emotional Intelligence,Team Management,",4.8,297.0,Coursera,,
Supply Chain Optimization,Business,Business Strategy,,,,Coursera,,
The Data Science of Health Informatics,Health,Health Informatics,"Data Science,Database (DBMS),Data Analysis,Health Informatics,data querying,",4.6,178.0,Coursera,,
Statistics for International Business,Business,Finance,,3.8,281.0,Coursera,,
Business Transformation with Google Cloud,Business,Business Strategy,"Organizational Culture,Business Transformation,Business Value,Business Strategy,Business Case Analysis,",4.7,1431.0,Coursera,,
Introduction to Big Data,Data Science,Data Analysis,"Big Data,Apache Hadoop,Mapreduce,Cloudera,",4.6,10704.0,Coursera,,
Financing for Startup Businesses,Business,Finance,"Startup Company,Microsoft Excel,Venture Capital Financing,Venture Capital,Finance,",4.5,196.0,Coursera,,
Value-Based Care: Quality Improvement in Organizations,Health,Patient Care,"Health Education,value-based healthcare,Quality Improvement,Public Health,Health Care,",4.8,16.0,Coursera,,
Artificial Intelligence and legal issues,Computer Science,Algorithms,,4.8,12.0,Coursera,,
"Work Smarter, Not Harder: Time Management for Personal & Professional Productivity",Business,Business Essentials,"Task Management,Management,Planning,Plan,",4.5,14768.0,Coursera,,
Evaluating User Interfaces,Computer Science,Design and Product,"User Research,Heuristic Evaluation,User Interface Design (UI Design),User Interface,",4.7,255.0,Coursera,,
Decentralized Finance (DeFi) Infrastructure,Business,Finance,"Cryptography,Smart Contract,Decentralized Protocols,governance,Blockchain Mechanics,",4.8,1192.0,Coursera,,
Machine Learning Algorithms with R in Business Analytics,Business,Leadership and Management,"clustering,regression,R Programming,classification,prediction,",4.6,17.0,Coursera,,
FinTech Risk Management,Business,Business Essentials,,4.7,173.0,Coursera,,
Google Docs,Information Technology,Cloud Computing,,4.8,148.0,Coursera,,
Startup Valuation Methods,Business,Finance,"Valuation (Finance),Startup Company,Cash Flow Analysis,Entrepreneurship,Finance,",4.4,648.0,Coursera,,
Research Instruments and Research Hypotheses,Business,Marketing,"Refine research instruments,Basic data analysis approaches,Manage the development and use of different research instruments,Familiarise with the elements of a research report,Construct and refine measurements,",,,Coursera,,
C Programming: Getting Started - 1,Computer Science,Software Development,"computer programs/algorithms,Computer Programming,C Programming,",4.6,97.0,Coursera,,
Algebra: Elementary to Advanced - Functions & Applications,Math and Logic,Math and Logic,,4.8,99.0,Coursera,,
Build personal resilience,Business,Leadership and Management,,4.8,873.0,Coursera,,
Google Drive,Information Technology,Cloud Computing,,4.8,141.0,Coursera,,
Supply Chain Planning,Business,Business Strategy,"Forecasting,Microsoft Excel,Planning,Demand Forecasting,",4.7,2698.0,Coursera,,
Cyber Attack Countermeasures,Computer Science,Computer Security and Networks,"Cybersecurity,Cryptography,Public-Key Cryptography,",4.8,627.0,Coursera,,
Intermediate Grammar Project,Language Learning,Learning English,,4.7,139.0,Coursera,,
Data Structures,Computer Science,Algorithms,"Binary Search Tree,Priority Queue,Hash Table,Stack (Abstract Data Type),List,",4.6,5179.0,Coursera,,
JSON and Natural Language Processing in PostgreSQL,Computer Science,Software Development,,4.6,105.0,Coursera,,
Positive Psychology: Applications and Interventions,Health,Psychology,"Character Strengths And Virtues,goal setting,Positive Psychology,Savoring,",4.8,1957.0,Coursera,,
Data Science in Real Life,Data Science,Data Analysis,"Statistics,Data Science,Data Analysis,Data Management,",4.4,2335.0,Coursera,,
Simple Regression Analysis in Public Health,Health,Public Health,"P-Value,Proportional Hazards Model,Confounding,regression,",4.7,342.0,Coursera,,
Managing Cybersecurity Incidents and Disasters,Information Technology,Security,"Business Continuity,Disaster Recovery,Incident response planning,",4.8,196.0,Coursera,,
Digital Fashion Industry,Business,Business Strategy,"Blockchain,Digital Fashion Design,Fashion E-Commerce,Artificial Intelligence (A.I.),3D Fashion Design,",4.8,30.0,Coursera,,
Salesforce Capstone: Organization Integration,Business,Business Essentials,"Data Management,Cloud Integration,Data Security,Automation,Cloud Computing,",4.9,22.0,Coursera,,
Advanced Application Management with Red Hat OpenShift,Information Technology,Cloud Computing,"Cloud Platforms,Cloud Applications,Kubernetes,Cloud Computing,",4.5,13.0,Coursera,,
International Marketing & Cross Industry Growth Capstone Project,Business,Marketing,,4.7,55.0,Coursera,,
Project Planning and Execution,Business,Leadership and Management,"Project Planning,Engineering management,budget management,Risk Management,Project Management,",4.7,31.0,Coursera,,
Value-Based Care: Introduction to Value-Based Care and the U.S. Healthcare System,Health,Patient Care,"Quality Measures,value-based healthcare,Healthcare Quality,Patient Care,Health Insurance,",4.8,128.0,Coursera,,
Patent Law,Social Sciences,Law,"Innovation,Business Strategy,Reading a Patent,Competition,",4.8,215.0,Coursera,,
Meeting Investors' Goals,Business,Finance,"Portfolio Construction,Investment Style,Cognitive Bias,Investment,",4.8,1736.0,Coursera,,
Fundraising and Development Foundations,Business,Business Strategy,,4.7,240.0,Coursera,,
Clinical Data Models and Data Quality Assessments,Data Science,Data Analysis,,4.2,55.0,Coursera,,
Combinatorics and Probability,Computer Science,Algorithms,"Random Variable,Probability Interpretations,Probability,Combinatorics,",4.6,812.0,Coursera,,
Graph Analytics for Big Data,Data Science,Data Analysis,"Graph Theory,Neo4j,Analytics,Graph Database,",4.3,1239.0,Coursera,,
La gestión de los riesgos y la administración de los cambios en el proyecto,Business,Leadership and Management,"Project Management,Risk Management,Microsoft Project,Project Risk Management,",4.8,1125.0,Coursera,,
Robotics: Aerial Robotics,Physical Science and Engineering,Mechanical Engineering,"Motion Planning,Robotics,Quadcoper,Matlab,",4.5,2946.0,Coursera,,
Introduction to Java and Object-Oriented Programming,Computer Science,Software Development,"Java Tools,Unit Testing,Java Programming,Object-Oriented Programming (OOP),Java Syntax,",4.3,171.0,Coursera,,
"Credential Access, discovery, lateral movement & collection",Information Technology,Security,,4.7,29.0,Coursera,,
SQL for Data Science Capstone Project,Data Science,Data Analysis,"Presentation Skills,Data Analysis,SQL,creating metrics,Exploratory Data Analysis,",4.2,184.0,Coursera,,
"Comparing Genes, Proteins, and Genomes (Bioinformatics III)",Health,Health Informatics,"Bioinformatics,Graph Theory,Bioinformatics Algorithms,Python Programming,",4.7,127.0,Coursera,,
Introduction to Systems Biology,Health,Basic Science,,4.2,535.0,Coursera,,
Linux Server Management and Security,Information Technology,Security,,4.6,855.0,Coursera,,
Leading Organizations,Business,Leadership and Management,,4.7,282.0,Coursera,,
Applied Text Mining in Python,Data Science,Data Analysis,"Natural Language Toolkit (NLTK),Text Mining,Python Programming,Natural Language Processing,",4.2,3743.0,Coursera,,
Launch Strategy: 5 Steps to Capstone Experience,Business,Entrepreneurship,,4.8,103.0,Coursera,,
3D Printing Hardware,Business,Entrepreneurship,,4.1,92.0,Coursera,,
Design Thinking: Ideas to Action,Business,Business Strategy,"Strategic Thinking,Innovation,Innovation Management,Design Thinking,",4.5,11.0,Coursera,,
Construction Scheduling,Business,Business Strategy,"Schedule,Linear Scheduling Method,Program Evaluation And Review Technique (PERT),Critical Path Method,",4.8,1878.0,Coursera,,
Introduction to User Experience Principles and Processes,Computer Science,Design and Product,,4.8,1387.0,Coursera,,
Explore Core Data Concepts in Microsoft Azure,Information Technology,Data Management,"Microsoft Azure,Data Management,Data Storage,Data Concepts,",4.8,271.0,Coursera,,
Computational Methods in Pricing and Model Calibration,Business,Finance,"Interest Rate,model calibration,product pricing,option,",4.0,13.0,Coursera,,
Google Meet,Information Technology,Cloud Computing,,4.9,94.0,Coursera,,
Fundamentals of Finance,Business,Finance,"Manage Expense Control,Analyze Financial Statements,Create a Forecast,Identify Capital Resources,Effective Use of Labor,",4.8,52.0,Coursera,,
"Sustainable Business: Big Issues, Big Changes",Business,Leadership and Management,,4.7,87.0,Coursera,,
Software Product Management Capstone,Computer Science,Design and Product,"Agile Software Development,Software Product Management,Software Project Management,Scrum (Software Development),",4.8,938.0,Coursera,,
Strategic Procurement and Sourcing Conclusions,Business,Leadership and Management,,4.8,130.0,Coursera,,
Data Visualization with Advanced Excel,Data Science,Data Analysis,"Dashboard (Business),Microsoft Excel,Data Virtualization,Data Visualization (DataViz),",4.8,2859.0,Coursera,,
Object-Oriented Hierarchies in Java,Computer Science,Software Development,"Recursively Enumerable Set,Java Compiler,Javac,Java Programming,",4.7,129.0,Coursera,,
Developing Cloud Native Applications,Computer Science,Software Development,"Devops,NoSQL,Git (Software),Cloud Infrastructure,Json,",4.1,246.0,Coursera,,
History of Mental Illness,Health,Psychology,,4.7,67.0,Coursera,,
Moneyball and Beyond,Data Science,Data Analysis,,4.7,40.0,Coursera,,
European Business Law: Competing in Europe,Business,Business Essentials,,4.8,274.0,Coursera,,
Digital Forensics Essentials (DFE),Computer Science,Computer Security and Networks,"Digital Forensics,Computer Forensics,",4.9,16.0,Coursera,,
Management Fundamentals,Business,Leadership and Management,,4.7,455.0,Coursera,,
Advanced Writing,Language Learning,Learning English,"Essay Writing,Academic Writing,Creative Writing,Writing,",4.7,1806.0,Coursera,,
Fundamentals of International Business,Business,Business Essentials,,,,Coursera,,
Strategic Career Self-Management,Personal Development,Personal Development,"Self-Assessment,Career Development,Skills Management,personal strategy,Job Readiness,",4.5,281.0,Coursera,,
FPGA Capstone:  Building FPGA Projects,Physical Science and Engineering,Electrical Engineering,"Softcore Processor Design,Programmable Logic Design,",4.8,16.0,Coursera,,
Hypothesis Testing in Public Health,Health,Public Health,"Confidence Interval,Statistical Hypothesis Testing,p values,sampling,",4.8,573.0,Coursera,,
Project: Writing a Research Paper,Language Learning,Learning English,,4.7,296.0,Coursera,,
Magnetics for Power Electronic Converters,Physical Science and Engineering,Electrical Engineering,"Understand the fundamentals of magnetic components including inductors and transformers,Design and optimize inductors and transformers for switched-mode power converters,Analyze and model losses in magnetic components,",4.8,102.0,Coursera,,
Google Sheets - Advanced Topics,Information Technology,Cloud Computing,,4.7,175.0,Coursera,,
Scripting with Python and SQL for Data Engineering,Data Science,Data Analysis,"Database (DBMS),Python Programming,Web Scraping,MySQL,SQL,",4.5,51.0,Coursera,,
Advanced Manufacturing Enterprise,Physical Science and Engineering,Mechanical Engineering,,4.6,619.0,Coursera,,
Project Management: The Basics for Success,Business,Leadership and Management,"Project Management,Communication,Leadership,Team Management,",4.6,10639.0,Coursera,,
Speaking to inform:  Discussing complex ideas with clear explanations and dynamic slides,Personal Development,Personal Development,"Communication,Presentation,Speech,Public Speaking,",4.8,348.0,Coursera,,
The Roles and Responsibilities of Nonprofit Boards of Directors within the Governance Process,Business,Leadership and Management,,4.4,56.0,Coursera,,
Copyright Law in the Music Business,Business,Business Strategy,"Create music legally,Read Legal Documents,Leverage the copyright law to your advantage,Write a co-writing agreement,",4.8,613.0,Coursera,,
Advanced Grammar & Punctuation Project,Language Learning,Learning English,,4.8,108.0,Coursera,,
Principles of Computing (Part 2),Computer Science,Software Development,"Recursion,Algorithms,Python Programming,Tree (Data Structure),",4.8,357.0,Coursera,,
Marketing Mix Implementation Capstone,Business,Marketing,"Pricing,Communication,Product Management,Marketing,",4.6,91.0,Coursera,,
Wharton Entrepreneurship Capstone,Business,Entrepreneurship,"Sales Presentation,Elevator Pitch,Finance,Entrepreneurship,",4.7,239.0,Coursera,,
Modern Data Warehouse Analytics in Microsoft Azure,Information Technology,Data Management,"Data Visualization Software,Data Warehousing,Analytics,Microsoft Azure,Data Visualization (DataViz),",4.4,60.0,Coursera,,
Optimize ML Models and Deploy Human-in-the-Loop Pipelines,Data Science,Machine Learning,"Human-in-the-Loop Pipelines,Distributed Model Training and Hyperparameter Tuning,Cost Savings and Performance Improvements,A/B Testing and Model Deployment,Data Labeling at Scale,",4.7,93.0,Coursera,,
Inteligencia artificial: proyecto final,Computer Science,Algorithms,,,,Coursera,,
Artificial Creativity,Computer Science,Design and Product,"Artificial Intelligence (AI),Machine Learning,Design Thinking,Business Applications,Computational Creativity,",4.5,31.0,Coursera,,
Forex - Trading Around the World,Business,Finance,"FX Case Study,FX Trading,currency pairs,Foreign Exchange Market (FOREX),Monetary Policy,",4.2,111.0,Coursera,,
Building Your Leadership Skills,Business,Leadership and Management,"Confidence,Communication,Leadership,Human Resources (HR),",4.6,2535.0,Coursera,,
"Modern Robotics, Course 4:  Robot Motion Planning and Control",Physical Science and Engineering,Mechanical Engineering,,4.9,102.0,Coursera,,
Aromatherapy: Clinical Use of Essential Oils,Health,Research,"integrative healthcare,wellbeing,patient-centered care,improved symptom management,evidence-based practice,",4.8,434.0,Coursera,,
Diseño de Proyectos de Desarrollo,Social Sciences,Governance and Society,"Sostenbilidad,Gestión de proyectos,Diseño de Proyectos,Planificación estratégica,Evaluación de necesidades,",4.8,121.0,Coursera,,
"Career planning: Your career, your life",Business,Leadership and Management,,4.8,184.0,Coursera,,
Solución de problemas y toma de decisiones,Business,Leadership and Management,,4.8,619.0,Coursera,,
The Control Phase for the 6 σ Black Belt,Business,Business Essentials,,,,Coursera,,
Linux System Administration with IBM Power Systems,Information Technology,Cloud Computing,"Linux,Red Hat Enterprise Linux,virtualization,IBM Power Systems,Cloud Computing,",4.6,96.0,Coursera,,
Design Patterns,Computer Science,Software Development,,4.7,1175.0,Coursera,,
Human Resources Management Capstone: HR for People Managers,Business,Leadership and Management,"Human Resources (HR),Compensation Analysis,Performance Management,",4.8,623.0,Coursera,,
Principles of Photo Composition and Digital Image Post-Production,Arts and Humanities,Music and Art,,4.7,1200.0,Coursera,,
Google Sheets - Advanced Topics en español,Information Technology,Cloud Computing,,,,Coursera,,
Sensor Manufacturing and Process Control,Physical Science and Engineering,Electrical Engineering,"Sensor manufacturing,PID control,MEMS hardware,MEMS sensors,Process Control,",4.6,250.0,Coursera,,
Machine Learning: Regression,Data Science,Machine Learning,"Linear Regression,Ridge Regression,Lasso (Statistics),Regression Analysis,",4.8,5513.0,Coursera,,
Inclusive Analytic Techniques,Business,Business Essentials,"Business Analytics,Gender Based Analysis,Qualitative and Quantitative Data Analysis,Stakeholder Analysis,community engagement,",4.8,54.0,Coursera,,
Autodesk Fusion 360 Integrated CAD/CAM/CAE,Physical Science and Engineering,Mechanical Engineering,"Computer-Aided Design (CAD),Autodesk,3d modeling,Autocad,",4.7,1927.0,Coursera,,
Introduction to Clinical Data Science,Data Science,Data Analysis,,4.6,369.0,Coursera,,
"Data Wrangling, Analysis and AB Testing with SQL",Data Science,Data Analysis,"A/B Testing,Query String,Data Analysis,Predictive Analytics,SQL,",3.4,795.0,Coursera,,
"Execution, persistence, privilege escalation and evasion",Information Technology,Security,"Persistence,Python Programming,privilege escalation and evasion,Cybersecurity,Execution,",4.4,48.0,Coursera,,
Understanding Financial Statements: Company Position,Business,Business Essentials,"Accounting,Financial Statement,Balance Sheet,Accounting Terminology,",4.8,1214.0,Coursera,,
Excel Power Tools for Data Analysis,Business,Business Essentials,"Microsoft Excel,Data Analysis,Big Data,Data Visualization (DataViz),power bi,",4.9,749.0,Coursera,,
"Functions, Methods, and Interfaces in Go",Computer Science,Software Development,,4.6,921.0,Coursera,,
Introduction to Software Testing,Computer Science,Software Development,"Writing Test Plans,Writing Defect Reports,Understanding of Testing Theory,Writing Tests,Testing Vocabulary,",4.4,594.0,Coursera,,
"Everyday Excel, Part 1",Computer Science,Design and Product,"Data Management,Spreadsheet,Microsoft Excel,Problem Solving,Real World,",4.7,3074.0,Coursera,,
Training and Learning Programs for Volunteer Community Health Workers,Health,Public Health,,4.7,79.0,Coursera,,
Designing the Organization,Business,Leadership and Management,"Organizational Structure,Knowledge of General Business Functions,Organization Design,Organizational Theory,Strategic Management,",4.6,1561.0,Coursera,,
Cloud Data Engineering,Information Technology,Cloud Computing,,4.1,60.0,Coursera,,
Developing a Google SRE Culture,Business,Leadership and Management,"SRE Culture,Business Value,Organizational Culture,",4.7,769.0,Coursera,,
Project Management Project,Business,Business Essentials,"Schedule,Project Management,Risk Management,Budget,",4.8,2963.0,Coursera,,
Entrepreneurship 4: Financing and Profitability,Business,Entrepreneurship,"Venture Capital,Exit Strategy,Finance,Entrepreneurship,",4.8,1106.0,Coursera,,
Factorial and Fractional Factorial Designs,Data Science,Probability and Statistics,,4.8,62.0,Coursera,,
Applied AI with DeepLearning,Data Science,Machine Learning,"Machine Learning,Deep Learning,Long Short-Term Memory (ISTM),Apache Spark,",4.4,1090.0,Coursera,,
A Technical Leader's Qualities and Effectiveness,Personal Development,Personal Development,"Collaboration,Managing Stakeholders,Resilience,Relationships,Negotiation,",,,Coursera,,
Mathematical Biostatistics Boot Camp 2,Data Science,Probability and Statistics,"Statistics,Statistical Hypothesis Testing,Biostatistics,",4.3,123.0,Coursera,,
Managerial Economics and Business Analysis Capstone,Business,Business Essentials,,4.8,120.0,Coursera,,
International Marketing Entry and Execution,Business,Marketing,,4.7,301.0,Coursera,,
Build Better Generative Adversarial Networks (GANs),Data Science,Machine Learning,"Bias in GANs,StyleGANs,Pros and Cons of GANs,GANs Alternatives,GAN Evaluation,",4.7,584.0,Coursera,,
Noun Clauses and Conditionals,Language Learning,Learning English,,4.8,434.0,Coursera,,
Machine Learning: Classification,Data Science,Machine Learning,"Logistic Regression,Statistical Classification,Classification Algorithms,Decision Tree,",4.7,3692.0,Coursera,,
Leading Teams: Building Effective Team Cultures,Business,Leadership and Management,"Develop team culture,Navigate growth and change in teams,Create space for DEIB,Facilitate psychological safety,Manage motivation and engagement,",4.8,2139.0,Coursera,,
"Intro to AR/VR/MR/XR: Technologies, Applications & Issues",Computer Science,Design and Product,,4.7,263.0,Coursera,,
Career Self-Management Advanced Certification,Personal Development,Personal Development,"Skills Management,strategy,Personal Development,Personal Branding,Competence (Human Resources),",,,Coursera,,
Brand New Brand,Arts and Humanities,Music and Art,"Adobe Photoshop,Adobe Indesign,Graphics,Color Theory,",4.9,1125.0,Coursera,,
Writing Stories About Ourselves,Arts and Humanities,Music and Art,,4.2,86.0,Coursera,,
Managing the Organization,Business,Leadership and Management,"Organizational Culture,Ethics,Decision-Making,Strategic Leadership,Organizational Change,",4.7,1316.0,Coursera,,
Cryptocurrency and Blockchain: An Introduction to Digital Currencies,Business,Finance,,4.6,1372.0,Coursera,,
Critical Thinking Skills for the Professional,Business,Business Essentials,"Critical Thinking,Decision-Making,Problem Solving,Brainstorming,",4.8,527.0,Coursera,,
Social Media and Digital Marketing Fundamentals,Business,Marketing,"Digital transformation,Digital Marketing,Social Media Marketing,Content Marketing,Digital Strategy,",4.7,150.0,Coursera,,
Functional Programming Principles in Scala,Computer Science,Software Development,"Scala Programming,Recursion,Functional Programming,Immutable Data Types,Higher-Order Function,",4.8,8190.0,Coursera,,
Planned Giving,Business,Business Strategy,,4.5,24.0,Coursera,,
Measuring the Success of a Patient Safety or Quality Improvement Project (Patient Safety VI),Health,Healthcare Management,"Data Analysis,Performance Measurement,Project Evaluation,",4.7,74.0,Coursera,,
Financial Accounting: Advanced Topics,Business,Finance,"Cash Flow,Financial Accounting,Cash Flow Statement,Financial Statement,",4.7,1596.0,Coursera,,
Immunology: Immune System and Infectious Diseases,Health,Basic Science,"Immunology,Tumour immunity,Autoimmunity,Infectious Diseases,",,,Coursera,,
Public Speaking and Presentations,Personal Development,Personal Development,"Responding with an elevator pitch,Preparing an informative lecture,Delivering a persuasive speech,Engaging others with storytelling,",,,Coursera,,
"Medical Emergencies: CPR, Toxicology, and Wilderness",Health,Patient Care,,4.8,437.0,Coursera,,
Design Thinking for Innovation,Business,Business Strategy,"Strategic Thinking,Design Thinking,Innovation Management,Design Management,Innovation,",4.7,8188.0,Coursera,,
Supervised Machine Learning: Classification,Data Science,Machine Learning,"Decision Tree,Ensemble Learning,Classification Algorithms,Supervised Learning,Machine Learning (ML) Algorithms,",4.8,227.0,Coursera,,
Effective Business Presentations with Powerpoint,Business,Business Essentials,"Data Analysis,Communication,Presentation Design,Presentation,",4.5,1037.0,Coursera,,
Introduction to Management Consulting,Business,Business Strategy,"Business Case,Business Analytics,Management Consulting,Problem Solving,Consulting,",4.8,166.0,Coursera,,
Firm Level Economics: Consumer and Producer Behavior,Business,Finance,"Economics,Consumer Behaviour,Supply And Demand,Cost,",4.8,2342.0,Coursera,,
Intermediate Object-Oriented Programming for Unity Games,Computer Science,Software Development,,4.6,294.0,Coursera,,
Healthcare Data Models,Health,Health Informatics,,4.5,46.0,Coursera,,
"Image Segmentation, Filtering, and Region Analysis",Physical Science and Engineering,Electrical Engineering,"Image Processing,Image Segmentation,region analysis,image filtering,",4.9,21.0,Coursera,,
"Defining Diversity, Equity and Inclusion in Organizations",Business,Leadership and Management,,4.8,87.0,Coursera,,
Building a Data Science Team,Data Science,Data Analysis,"Team Building,Data Science,Management,Team Management,",4.5,3255.0,Coursera,,
The Art of Negotiation,Business,Business Essentials,"Win-Win Game,Negotiation,Planning,Principled Negotiation,",4.5,2870.0,Coursera,,
Positive Psychology Specialization Project: Design Your Life for Well-being,Health,Psychology,"Character Strengths And Virtues,Flourishing,Positive Psychology,Personal Development,",4.8,744.0,Coursera,,
Managing Project Risks and Changes,Business,Leadership and Management,"Project Management,Change Control,Risk Management,Change Management,",4.7,8769.0,Coursera,,
Renewable Energy Projects,Physical Science and Engineering,Environmental Science and Sustainability,"Renewable Energy,Project Execution,Project Operations,Project Feasibility,Project Management,",4.8,42.0,Coursera,,
Multiple Regression Analysis in Public Health,Health,Health Informatics,"effect modifcation,Proportional Hazards Model,Regression Analysis,Spline approach,",4.7,268.0,Coursera,,
Exploratory Data Analysis,Data Science,Data Analysis,"Cluster Analysis,Ggplot2,R Programming,Exploratory Data Analysis,",4.7,6017.0,Coursera,,
Decision-Making: Blending Art & Science,Business,Leadership and Management,"Decision-Making,Management,Strategic Leadership,Learning How To Learn,Leadership Development,",4.7,47.0,Coursera,,
Building Web Applications in Django,Computer Science,Mobile and Web Development,"Django Template Language,GET & POST,Object-Oriented Programming (OOP),Cross-Site Scripting Forgery (CSRF),Django (Web Framework),",4.7,704.0,Coursera,,
Java Programming: Build a Recommendation System,Computer Science,Software Development,"Data Structure,Interfaces,Software Design,Java Programming,",4.7,621.0,Coursera,,
Healthcare Organizations and the Health System,Health,Healthcare Management,"Pharmacy Healthcare Organization Operations,Public Health and Wellness Healthcare Organization Operations,Medical Healthcare Organization Operations,Healthcare Administration,Dental Healthcare Organization Operations,",4.5,280.0,Coursera,,
Introduction to Supply Chain Finance & Blockchain Technology,Business,Business Strategy,"Blockchain Technology Implementation,Foreign Currency Risk Management,Accounts Receivable Management,Accounts Payable Management,Trade Finance Management,",4.6,273.0,Coursera,,
RPA Basics and Introduction to UiPath,Computer Science,Software Development,"Uipath,Studio,Automation,Workflow,rpa,",4.7,187.0,Coursera,,
Symptom Management in Palliative Care,Health,Patient Care,"symptom management,Communication,patient-centered care,Symptom Assessment,",4.5,15.0,Coursera,,
User Experience: Research & Prototyping,Computer Science,Design and Product,"User Research,Persona (User Experience),User Experience (UX),Human–Computer Interaction,",4.6,893.0,Coursera,,
C for Everyone: Programming Fundamentals,Computer Science,Software Development,,4.5,5928.0,Coursera,,
Executive Data Science Capstone,Business,Leadership and Management,"Data Science,Data Analysis,Management,Data Management,",4.7,1538.0,Coursera,,
Risk Management in Personal Finance,Personal Development,Personal Development,"Estate Planning,Risk Management,Life Insurance,Health Insurance,Insurance,",4.8,16.0,Coursera,,
Fashion Retail Transformation,Business,Business Strategy,"Merchandising,omnichannel processes,Customer Journey Mapping,retail strategy,E-Commerce,",4.7,64.0,Coursera,,
Leading Change in Health Informatics,Health,Health Informatics,"Digital Health,Information Technology Planning,Health Informatics,Strategic Leadership,Health Care,",4.7,248.0,Coursera,,
Apache Spark (TM) SQL for Data Analysts,Data Science,Data Analysis,"Data Analysis,Spark SQL,SQL,",4.5,434.0,Coursera,,
Financial Forecasting and Reporting,Business,Leadership and Management,"Risk Management: Scenario and Sensitivity Analysis,Sustainability Reporting & ESG Metrics,Budgeting Techniques for Cost and Profit Centers,Financial Ratio Analyses & Forecasting Techniques,Understanding Corporate Financial Statements,",4.7,15.0,Coursera,,
Oracle Database Platform,Computer Science,Software Development,,4.6,61.0,Coursera,,
Building Resilient Streaming Analytics Systems on Google Cloud,Information Technology,Cloud Computing,,4.6,1197.0,Coursera,,
Web3 and Blockchain Transformations in Global Supply Chains,Business,Business Strategy,,4.8,11.0,Coursera,,
Inventory Management,Business,Business Strategy,,4.5,35.0,Coursera,,
Strategic Organization Design,Business,Business Strategy,"Organization Design,Strategic Management,Business Strategy,Organizational Structure,",4.6,275.0,Coursera,,
Accounting for Business Decision Making: Measurement and Operational Decisions,Business,Business Essentials,,3.9,164.0,Coursera,,
Principles of Computing (Part 1),Computer Science,Software Development,"Computer Programming,Algorithms,Python Programming,Combinatorics,",4.7,573.0,Coursera,,
Reinforcement Learning for Trading Strategies,Data Science,Machine Learning,"Reinforcement Learning Model Development,Reinforcement Learning Trading Algorithm Optimization,Reinforcement Learning Trading Strategy Development,Reinforcement Learning Trading Algo Development,",3.6,206.0,Coursera,,
Strategic Management,Business,Business Strategy,"Strategic Management,Strategic Thinking,Strategic Planning,Business Strategy,",4.7,4113.0,Coursera,,
Sustainable Consumption and Health,Health,Public Health,"Problem Solving,Performance,disease,Flow Network,",,,Coursera,,
Engineering Design Process with Autodesk Fusion 360,Physical Science and Engineering,Mechanical Engineering,,4.7,439.0,Coursera,,
"Photography Techniques: Light, Content, and Sharing",Arts and Humanities,Music and Art,,4.8,1074.0,Coursera,,
Algebra: Elementary to Advanced - Equations & Inequalities,Math and Logic,Math and Logic,,4.8,341.0,Coursera,,
Introduction to Early Childhood,Social Sciences,Education,"Creativity,Child Care,Decision-Making,Communication,Planning & Instruction,",4.9,18.0,Coursera,,
Data Mining Project,Data Science,Data Analysis,"Data Clustering Algorithms,Data Analysis,Natural Language Processing,Data Mining,",4.6,43.0,Coursera,,
"Smart Analytics, Machine Learning, and AI on GCP 日本語版",Information Technology,Cloud Computing,,4.5,31.0,Coursera,,
Business English: Making Presentations,Language Learning,Learning English,,4.8,685.0,Coursera,,
High-Impact Business Writing,Business,Business Essentials,"Email Writing,Proofreading,Writing,Communication,Business Writing,",4.5,3608.0,Coursera,,
Introduction to Power Electronics,Physical Science and Engineering,Electrical Engineering,,4.7,3241.0,Coursera,,
Advanced Portfolio Construction and Analysis with Python,Business,Finance,,4.7,466.0,Coursera,,
Mandarin Chinese 1: Chinese for Beginners,Language Learning,Other Languages,,4.8,1325.0,Coursera,,
What is Financial Accounting?,Business,Business Essentials,"Practical Applications,Financial Statement,Practical Applications in Accounting,Accounting Cycle,",4.8,324.0,Coursera,,
Marketing Strategy Capstone Project,Business,Marketing,,4.7,88.0,Coursera,,
IoT Cloud,Computer Science,Mobile and Web Development,"Internet,Internet Of Things (IOT),Front And Back Ends,Service Discovery,",4.5,16.0,Coursera,,
"Forecasting, Budgeting, Territories, Evaluation and Legal/Ethical Issues",Business,Leadership and Management,,4.5,44.0,Coursera,,
Hardware Description Languages for FPGA Design,Physical Science and Engineering,Electrical Engineering,"Writing Code in Verilog,Simulating FPGA Designs,Designing FPGA Logic,Designing Test Benches,Writing code in VHDL,",4.4,506.0,Coursera,,
Hardware Security,Computer Science,Computer Security and Networks,"Montgomery Modular Multiplication,Side-Channel Attack,Hardware Design,Cryptographic Hardware,",4.3,636.0,Coursera,,
Business English: Final Project,Language Learning,Learning English,,4.8,26.0,Coursera,,
Online teaching: Using Zoom to connect with learners,Social Sciences,Education,"Video Conferencing,Virtual Class,Lesson Plan,Zoom,Web Conferencing,",4.8,38.0,Coursera,,
Understanding User Needs,Computer Science,Design and Product,"User Research,Affinity Diagram,human computer interaction,User Experience (UX),",4.7,462.0,Coursera,,
More on Change and Sustainability,Business,Leadership and Management,,4.8,79.0,Coursera,,
Speaking and Presenting: Pitches and Persuasion,Personal Development,Personal Development,"Problem Solving,Dynamic Movement,Resilience,Optimism,Ingenuity,",4.7,40.0,Coursera,,
Gestión del talento humano,Business,Leadership and Management,,4.8,2170.0,Coursera,,
DFSS for the 6 σ Black Belt,Business,Business Essentials,,,,Coursera,,
Spatial Analysis and Satellite Imagery in a GIS,Physical Science and Engineering,Environmental Science and Sustainability,"Geographic Information System (GIS),Cartography,Esri,Mapping,Spatial Analysis,",4.9,517.0,Coursera,,
Take Your English Communication Skills to the Next Level,Language Learning,Learning English,"Professional,Presentation,Speech,Writing,",4.8,757.0,Coursera,,
Value-Based Care: Capstone Project,Health,Public Health,"Communication,Reflective Practice,interviewing,Receiving feedback,",,,Coursera,,
Software Processes and Agile Practices,Computer Science,Design and Product,"Lean Software Development,Agile Software Development,Software Development Process,Scrum (Software Development),",4.7,5128.0,Coursera,,
Interview Research and Preparation,Business,Business Essentials,,4.6,254.0,Coursera,,
Ready to Roll – The Video Production Process,Personal Development,Personal Development,"Framing,Video Production,Storytelling,video,",,,Coursera,,
Operations and Patient Safety for Healthcare IT Staff,Health,Patient Care,,4.8,130.0,Coursera,,
Speaking and Presenting: Conversation Starters,Personal Development,Personal Development,"listening,Communication,Networking,Clarity,Ingenuity,",4.7,20.0,Coursera,,
FinTech Disruptive Innovation: Implications for Society,Business,Finance,,4.8,78.0,Coursera,,
"Anatomy: Gastrointestinal, Reproductive and Endocrine Systems",Health,Basic Science,,4.8,533.0,Coursera,,
Positioning: What you need for a successful Marketing Strategy,Business,Marketing,"Market Segmentation,Marketing Process,Positioning (Marketing),Value Proposition,",4.5,877.0,Coursera,,
Data Visualization with Tableau Project,Data Science,Data Analysis,"Data Analysis,Interactive Visualization,Tableau Software,Data Visualization (DataViz),",4.7,489.0,Coursera,,
European Business Law: Understanding the Fundamentals,Business,Business Essentials,"Foreign Policy,Law,Legal Research,Business Law,",4.8,1228.0,Coursera,,
"Positive Psychology: Character, Grit and Research Methods",Health,Psychology,,4.4,1080.0,Coursera,,
Career Success Project,Business,Business Essentials,,4.7,298.0,Coursera,,
Six Sigma Advanced Analyze Phase,Business,Leadership and Management,,4.7,859.0,Coursera,,
Questionnaire Design for Social Surveys,Health,Psychology,,4.5,420.0,Coursera,,
Introduction to Integrative Nursing,Health,Patient Care,"integrative healthcare,wellbeing,patient-centered care,improved symptom management,evidence-based practice,",4.7,60.0,Coursera,,
Cloud Computing Law: Data Protection and Cybersecurity,Social Sciences,Law,"Cybersecurity Regulation,Cloud Services,General Data Protection Regulation (GDPR),International Transfers of Personal Data,Cloud Computing,",5.0,22.0,Coursera,,
Advanced Topics in Derivative Pricing,Business,Finance,"Implied Volatility,Synthetic Collateralised Debt Obligation (CDO),Replicating Strategy,Volatility Smile,Computer Programming,",4.5,11.0,Coursera,,
Molecular Evolution (Bioinformatics IV),Health,Health Informatics,,4.6,75.0,Coursera,,
Introduction to Mobile Development,Computer Science,Mobile and Web Development,"Web Development,React (Web Framework),HTML and CSS,Mobile Development,JavaScript,",4.7,213.0,Coursera,,
World Design for Video Games,Arts and Humanities,Music and Art,"Level Design,Art,Video Game Design,Game Design,",4.4,761.0,Coursera,,
Physics 102 - Electric Potential and DC Circuits,Physical Science and Engineering,Physics and Astronomy,"Electronic Circuits,Physics,Force Fields,Problem Solving,Electrical Engineering,",4.7,14.0,Coursera,,
Why Smart Executives Fail: Common Mistakes & Warning Signs,Business,Leadership and Management,"Learning from Failure,Strategic Leadership,Change Management,Leadership Development,Learning,",4.9,133.0,Coursera,,
Taking Safety and Quality Improvement Work to the Next Level (Patient Safety VII),Health,Patient Care,"Leadership,Patient Safety,Plan Implementation,Quality Improvement,",4.5,59.0,Coursera,,
Managing Change when Moving to Google Cloud,Information Technology,Cloud Computing,,4.6,155.0,Coursera,,
Implementación del Marketing Mix Proyecto Capstone,Business,Marketing,,4.9,25.0,Coursera,,
Guitar for Beginners,Arts and Humanities,Music and Art,"Tablature,Music notation,Guitar scales,Guitar chords,Guitar,",4.8,2211.0,Coursera,,
Algebra: Elementary to Advanced - Polynomials and Roots,Math and Logic,Math and Logic,,4.8,73.0,Coursera,,
Essential Google Cloud Infrastructure: Core Services,Information Technology,Cloud Computing,"Debugging,Cloud Storage,Data Store,Google Cloud Platform,",4.7,11271.0,Coursera,,
Differential Equations for Engineers,Math and Logic,Math and Logic,,4.9,1943.0,Coursera,,
Natural Creativity,Computer Science,Design and Product,"Artificial Intelligence (AI),Innovation Strategies,Design Thinking,Theories of Creativity,Computational Creativity,",4.6,14.0,Coursera,,
Coaching Practices,Business,Leadership and Management,,4.7,448.0,Coursera,,
Digital Marketing Capstone,Business,Marketing,"Digital Marketing,Marketing Analytics,Marketing Plan,Search Advertising,Marketing Performance Measurement And Management,",4.5,572.0,Coursera,,
Working with Data,Computer Science,Mobile and Web Development,"React (Javascript Library),Data Management,Application development,REST APIs,",4.8,16.0,Coursera,,
The Growth Mindset,Business,Business Essentials,,4.8,472.0,Coursera,,
"Surveillance Systems: Analysis, Dissemination, and Special Systems",Health,Public Health,"Data Collection,Data Analysis,Epidemiology,Disease Surveillance,",4.7,334.0,Coursera,,
Introduction to R Programming for Data Science,Data Science,Data Analysis,"Data Science,R Programming,",4.5,286.0,Coursera,,
Creating Toolpaths for a CNC Lathe,Physical Science and Engineering,Mechanical Engineering,"Manufacturing Process Management,Manufacturing process,Computer-Aided Manufacturing,Autodesk Fusion 360,Mechanical Engineering,",4.8,135.0,Coursera,,
Retail Digital Supply Chain,Business,Business Strategy,,4.6,71.0,Coursera,,
Foundations of Public Health Practice: The Public Health Approach,Health,Public Health,,4.8,346.0,Coursera,,
Country Level Economics: Macroeconomic Variables and Markets,Business,Finance,"Economics,Interest Rate,Supply Chain,Market (Economics),",4.4,902.0,Coursera,,
Introduction to Biology: Ecology,Physical Science and Engineering,Environmental Science and Sustainability,,4.8,22.0,Coursera,,
Healthcare Marketplace Capstone,Business,Finance,,4.6,42.0,Coursera,,
Object Oriented Programming in Java,Computer Science,Software Development,"Logic Programming,Java Programming,Object-Oriented Programming (OOP),Sorting Algorithm,",4.7,5589.0,Coursera,,
Wharton Business Foundations Capstone,Business,Business Essentials,"Financial Accounting,Accounting,Finance,Marketing,",4.6,329.0,Coursera,,
Major and Principal Gifts,Business,Business Strategy,,4.5,19.0,Coursera,,
Six Sigma and the Organization (Advanced),Business,Leadership and Management,"Lean Six Sigma,Process Improvement,Process Capability,Six Sigma,",4.7,3154.0,Coursera,,
Annual Campaigns: Building a Case for Support,Business,Business Strategy,,4.2,38.0,Coursera,,
Marketing: Customer Needs and Wants,Business,Business Strategy,,4.4,430.0,Coursera,,
Finance of Mergers and Acquisitions: Designing an M&A Deal,Business,Finance,,4.5,13.0,Coursera,,
International B2B (Business to Business) Marketing,Business,Marketing,"Business Marketing,Marketing,Marketing Strategy,",4.6,515.0,Coursera,,
Google Slides en Español,Information Technology,Cloud Computing,,,,Coursera,,
Federal Taxation II: Property Transactions of Business Owners and Shareholders,Business,Business Essentials,,4.9,164.0,Coursera,,
Genomic Data Science and Clustering (Bioinformatics V),Health,Health Informatics,,4.2,88.0,Coursera,,
Songwriting: Writing the Music,Arts and Humanities,Music and Art,"Melodic Hooks,Melody,Music,Harmony,Songwriting,",4.9,32.0,Coursera,,
Supply Chain Operations,Business,Business Strategy,"Lean Six Sigma,Supply Chain,Six Sigma,",4.8,3779.0,Coursera,,
Six Sigma Advanced Improve and Control Phases,Business,Leadership and Management,,4.8,581.0,Coursera,,
Architecting with Google Kubernetes Engine: Workloads,Computer Science,Software Development,,4.7,1203.0,Coursera,,
Data Science as a Field,Data Science,Data Analysis,"Data Science,Applied Mathematics,Information Science,Statistics,Computer Science,",4.3,21.0,Coursera,,
Network Analysis in Systems Biology,Health,Basic Science,,4.5,189.0,Coursera,,
Advanced Interviewing Techniques,Language Learning,Learning English,,4.7,140.0,Coursera,,
Bring Your Story to Life – Video Post-Production,Personal Development,Personal Development,"Video Post-Production,Video Editing,Video Production,Editing,",,,Coursera,,
IoT Networking,Computer Science,Computer Security and Networks,"Internet,Internet Of Things (IOT),Wireless,Front And Back Ends,",4.9,10.0,Coursera,,
Agile Planning for Software Products,Computer Science,Software Development,"Software Development,Agile Management,Program Evaluation And Review Technique (PERT),Agile Software Development,",4.8,1971.0,Coursera,,
Healthcare Data Literacy,Health,Health Informatics,,4.4,103.0,Coursera,,
Understanding Financial Markets,Business,Finance,"Bond Market,Interest Rate,Stock,Financial Markets,",4.8,5456.0,Coursera,,
Applying Data Analytics in Marketing,Business,Marketing,"Marketing,regression,Analytics,Data Analysis,Marketing Analytics,",4.5,133.0,Coursera,,
Statistics for Data Science with Python,Data Science,Probability and Statistics,"Probability And Statistics,Regression Analysis,Data Visualization (DataViz),Statistical Hypothesis Testing,Basic Descriptive Statistics,",4.5,304.0,Coursera,,
Managing an Agile Team,Computer Science,Design and Product,"agile product management,Agile Software Development,backlog management,Kanban,XP,",4.7,1263.0,Coursera,,
"Excel/VBA for Creative Problem Solving, Part 2",Computer Science,Algorithms,,4.9,1246.0,Coursera,,
Developing Data Models with LookML,Data Science,Data Analysis,,4.7,38.0,Coursera,,
Teach English Now! Capstone Project 2,Language Learning,Learning English,,4.9,878.0,Coursera,,
Human Factors in AI,Data Science,Machine Learning,"Machine Learning,Privacy,Design Thinking,Ethics,",4.9,24.0,Coursera,,
Input and Interaction,Computer Science,Design and Product,,4.6,707.0,Coursera,,
Six Sigma Advanced Define and Measure Phases,Business,Leadership and Management,,4.7,1106.0,Coursera,,
Robotics: Estimation and Learning,Physical Science and Engineering,Mechanical Engineering,"Particle Filter,Estimation,Mapping,",4.3,494.0,Coursera,,
Networking in Google Cloud: Hybrid Connectivity and Network Management,Information Technology,Networking,,4.8,1018.0,Coursera,,
Intro to International Marketing,Business,Marketing,"Global Marketing,Marketing,Brand Management,Marketing Strategy,",4.7,948.0,Coursera,,
Artificial Intelligence: An Overview,Computer Science,Algorithms,,4.7,63.0,Coursera,,
Understanding TikTok and Its Users,Business,Marketing,"Social Media Marketing,Content Creation,Content Marketing,Social Media Platforms,",4.4,19.0,Coursera,,
Essential Design Principles for Tableau,Data Science,Data Analysis,"Data Analysis,Tableau Software,Data Virtualization,Data Visualization (DataViz),",4.4,1898.0,Coursera,,
Effective Compliance Programs,Business,Business Essentials,"Management,Strategic Planning,Compliance,Organizational Behavior,",4.9,604.0,Coursera,,
Customising your models with TensorFlow 2,Data Science,Machine Learning,"Tensorflow,Deep Learning,keras,",4.8,173.0,Coursera,,
Healthcare Marketplace,Business,Finance,"Healthcare Management,Insurance,Healthcare Marketing,Medical Device,",4.5,583.0,Coursera,,
"Excel/VBA for Creative Problem Solving, Part 3 (Projects)",Computer Science,Algorithms,,4.9,420.0,Coursera,,
Supply Chain Management Strategy,Business,Business Strategy,"Supply Chain Strategy,Supply Chain Risk Management,Supply Chain,",4.8,962.0,Coursera,,
Accounting Analysis I: The Role of Accounting as an Information System,Business,Business Essentials,,4.8,613.0,Coursera,,
Teaching Popular Music in the Classroom,Social Sciences,Education,"Music,classroom management,Curriculum Design,Teaching,Learning,",4.7,83.0,Coursera,,
Managing Employee Performance,Business,Business Essentials,"Performance Appraisal,Human Resources (HR),Performance Management,Organizational Culture,",4.7,2385.0,Coursera,,
Design your own trading strategy – Culminating Project,Business,Finance,,4.5,97.0,Coursera,,
Digital Media and Marketing Principles,Business,Marketing,"Digital Marketing,Marketing Channel,Social Media,Mobile Marketing,Integrated Marketing Communications,",4.4,2748.0,Coursera,,
Introduction to Game Design,Arts and Humanities,Music and Art,"Video Game Development,Gameplay,Video Game Design,Game Design,",4.7,2618.0,Coursera,,
Finding Mutations in DNA and Proteins (Bioinformatics VI),Health,Health Informatics,,4.7,57.0,Coursera,,
Experimental Methods in Systems Biology,Health,Research,,4.5,294.0,Coursera,,
Supporting Families and Caregivers,Health,Patient Care,"Caregiver Support,Palliative Care,Psychosocial Support,Child Guidance,",4.2,16.0,Coursera,,
Introduction to Business Analytics with R,Business,Business Essentials,"Business Analytics,R Programming,Rstudio,",4.6,168.0,Coursera,,
Probability Theory: Foundation for Data Science,Data Science,Probability and Statistics,"Probability,central limit theorem,continuous random variables,Bayes' Theorem,discrete random variables,",4.4,112.0,Coursera,,
Prediction Models with Sports Data,Data Science,Data Analysis,,4.7,24.0,Coursera,,
Planning your Client's Wealth over a 5-year Horizon,Business,Finance,"Investment Management,Microsoft Excel,Finance,Investment,",4.7,377.0,Coursera,,
Market Risk Management: Frameworks & Strategies,Business,Finance,"Market Risk Management,Financial Risk Modeling,Designing a Stress Test,",4.6,45.0,Coursera,,
Ethical Issues in Data Science,Data Science,Data Analysis,"Data Science,Ethics,Algorithms,Privacy,Philosophy,",4.6,26.0,Coursera,,
Easing Physical Symptoms: It's Not Just Hospice Anymore,Health,Patient Care,,4.8,79.0,Coursera,,
Arranging for Songwriters,Arts and Humanities,Music and Art,"Music,arranging,Songwriting,Writing,",4.5,68.0,Coursera,,
Web Application Technologies and Django,Computer Science,Mobile and Web Development,"Cascading Style Sheets (CSS),HTML,Hypertext Transfer Protocol (HTTP),SQL,Django (Web Framework),",4.7,1722.0,Coursera,,
Solving Problems with Creative and Critical Thinking,Personal Development,Personal Development,"Professional Development,Soft skills,Problem Solving,Creative Thinking,Critical Thinking,",4.6,68.0,Coursera,,
Sales Force Management,Business,Leadership and Management,,4.6,89.0,Coursera,,
"Professional development: Improve yourself, always",Business,Leadership and Management,,4.8,764.0,Coursera,,
Lessons on Wisdom: Personal Leadership for Your Life,Business,Leadership and Management,"People Development,Change Management,Learning How To Learn,Leadership Development,Growth Strategies,",4.9,19.0,Coursera,,
Robotics: Computational Motion Planning,Physical Science and Engineering,Mechanical Engineering,"Motion Planning,Automated Planning And Scheduling,A* Search Algorithm,Matlab,",4.3,1010.0,Coursera,,
The Role of Global Capital Markets,Business,Finance,,4.6,573.0,Coursera,,
Marketing on TikTok,Business,Marketing,"Marketing Plan,Social Media Marketing,Content Creation,Content Marketing,",4.9,14.0,Coursera,,
Identifying Patient Populations,Data Science,Data Analysis,,4.4,35.0,Coursera,,
Fitting Statistical Models to Data with Python,Data Science,Probability and Statistics,"Bayesian Statistics,Python Programming,Statistical Model,statistical regression,",4.4,647.0,Coursera,,
Digitalisation in Space Research,Physical Science and Engineering,Mechanical Engineering,,4.8,73.0,Coursera,,
Perspective-Taking,Personal Development,Personal Development,,,,Coursera,,
Drug Discovery,Health,Healthcare Management,"Pharmacology,Drug Development,Clinical Development,Pharmacokinetics,",4.6,3360.0,Coursera,,
Battery Pack Balancing and Power Estimation,Physical Science and Engineering,Electrical Engineering,,4.9,87.0,Coursera,,
Social Marketing Capstone Project,Business,Marketing,"Social Media Marketing,Social Media,Budget,Planning,",4.9,304.0,Coursera,,
"Musicianship: Chord Charts, Diatonic Chords, and Minor Keys",Arts and Humanities,Music and Art,"Music Performance,Piano,Music,Music composition,Music theory,",4.9,538.0,Coursera,,
The Define Phase for the 6 σ Black Belt,Business,Business Essentials,,4.3,40.0,Coursera,,
Capstone: Your Story,Arts and Humanities,Music and Art,,4.6,373.0,Coursera,,
SEL for Students: A Path to Social Emotional Well-Being,Social Sciences,Education,,4.8,266.0,Coursera,,
Applied Machine Learning in Python,Data Science,Data Analysis,"Python Programming,Machine Learning (ML) Algorithms,Machine Learning,Scikit-Learn,",4.6,8307.0,Coursera,,
Overview of Advanced Methods of Reinforcement Learning in Finance,Computer Science,Algorithms,,3.8,78.0,Coursera,,
Statistical Inference for Estimation in Data Science,Data Science,Probability and Statistics,,4.2,44.0,Coursera,,
Statistical Inference and Hypothesis Testing in Data Science Applications,Data Science,Probability and Statistics,,4.8,26.0,Coursera,,
Cryptography,Computer Science,Computer Security and Networks,"Number Theory,Cryptography,Public-Key Cryptography,",4.6,1273.0,Coursera,,
Information Design,Computer Science,Design and Product,"Information Design,User Interface Techniques,Responsive Web Design,Website Wireframe,",4.5,567.0,Coursera,,
Fashion Systems,Business,Business Strategy,"Systems Thinking,Product Life Cycles,User-Centered Design,Research And Development (R&D),Sustainability,",4.7,146.0,Coursera,,
"Data Warehouse Concepts, Design, and Data Integration",Computer Science,Design and Product,"Extraction, Transformation And Loading (ETL),Pentaho,Data Integration,Data Warehouse,",4.4,1016.0,Coursera,,
"Developing AR/VR/MR/XR Apps with WebXR, Unity & Unreal",Computer Science,Design and Product,,4.4,57.0,Coursera,,
Brand Identity and Strategy,Business,Marketing,"Advertising,Logo,Brand,Brand Identity,",4.7,689.0,Coursera,,
"Conjunctions, Connectives, and Adverb Clauses",Language Learning,Learning English,,4.8,689.0,Coursera,,
Introduction to CSS3,Computer Science,Mobile and Web Development,"Web Design,Style Sheets,Cascading Style Sheets (CSS),Web Development,",4.8,9187.0,Coursera,,
Software Development Processes and Methodologies,Computer Science,Software Development,,4.7,1846.0,Coursera,,
Introduction to Machine Learning in Sports Analytics,Data Science,Data Analysis,,4.5,14.0,Coursera,,
Understanding and Visualizing Data with Python,Data Science,Data Analysis,"Statistics,Data Analysis,Python Programming,Data Visualization (DataViz),",4.7,2480.0,Coursera,,
Managing Talent,Business,Leadership and Management,"Onboarding,Talent Management,Coaching,Recruitment,",4.6,2218.0,Coursera,,
Analyzing and Visualizing Data in Looker,Data Science,Data Analysis,,4.7,281.0,Coursera,,
"ETL and Data Pipelines with Shell, Airflow and Kafka",Information Technology,Data Management,"Extraction, Transformation And Loading (ETL),Apache Kafka,Apache Airflow,Data Pipelines,",4.5,187.0,Coursera,,
Analysis and Interpretation of Data,Business,Marketing,"Using qualitative and quantitative data analysis approaches,Analyse and interpret data,",,,Coursera,,
Agile Leadership: Introduction to Change,Business,Leadership and Management,,4.7,887.0,Coursera,,
"Create video, audio and infographics for online learning",Social Sciences,Education,"Infographics,Design-thinking,Podcast,Video Production,Multimedia,",4.7,55.0,Coursera,,
Singing Popular Music,Arts and Humanities,Music and Art,"Popular Music,Breathing Techniques,Belting,Music,Singing,",4.5,146.0,Coursera,,
Investments I: Fundamentals of Performance Evaluation,Business,Finance,"Stock,Finance,Investment Strategy,Investment,",4.7,862.0,Coursera,,
Agile Software Development,Computer Science,Software Development,"Software Development Kit (SDK),Agile Software Development,Scrum (Software Development),",4.7,6735.0,Coursera,,
Applied Data Science for Data Analysts,Data Science,Data Analysis,"Data Science,Machine Learning,Databricks,",4.4,38.0,Coursera,,
Financial Analysis of Scenarios and Decisions,Business,Business Essentials,"Financial Analysis,Planning,Decision-Making,Data Analysis,Budget,",,,Coursera,,
Functional Programming in Scala Capstone,Data Science,Data Analysis,"Scala Programming,Parallel Computing,Apache Spark,Functional Programming,",4.4,540.0,Coursera,,
Understanding and Strengthening Health Systems,Health,Public Health,,4.6,308.0,Coursera,,
Understanding Financial Statements: Company Performance,Business,Business Essentials,"Income Statement,Financial Ratio,Financial Statement,Balance Sheet,",4.7,720.0,Coursera,,
Types of Conflict,Business,Business Essentials,"Assertiveness,Active Listening,Communication,Management,",4.5,962.0,Coursera,,
Content Strategy for Professionals: Engaging Audiences,Business,Marketing,"Content Creation,Persona (User Experience),Brand Management,Content Marketing,",4.6,664.0,Coursera,,
Big Data - Capstone Project,Data Science,Data Analysis,"Big Data,Neo4j,Knime,Splunk,",4.4,389.0,Coursera,,
Inferential Statistics,Data Science,Probability and Statistics,"Statistics,Statistical Inference,Regression Analysis,Analysis Of Variance (ANOVA),",4.4,570.0,Coursera,,
Fundamentals of Scalable Data Science,Data Science,Data Analysis,"Statistics,Data Science,Internet Of Things (IOT),Apache Spark,",4.3,2013.0,Coursera,,
Uncommon Sense Teaching,Social Sciences,Education,"Teaching,diversity,inclusive,teaching strategies,",4.9,493.0,Coursera,,
Delivery Problem,Computer Science,Algorithms,,4.7,359.0,Coursera,,
Creating Behavioral Change,Health,Psychology,,4.8,70.0,Coursera,,
Decentralized Applications (Dapps),Computer Science,Software Development,"MetaMask client,Blockchain,Decentralized Applications,Truffle IDE,Smart Contract,",4.5,1128.0,Coursera,,
Flight Mechanics - Anemobarometry,Physical Science and Engineering,Physics and Astronomy,,4.9,30.0,Coursera,,
AI Workflow: Data Analysis and Hypothesis Testing,Data Science,Machine Learning,"Data Science,Information Engineering,Artificial Intelligence (AI),Machine Learning,Python Programming,",4.2,97.0,Coursera,,
Design Thinking: Discovery Tools,Business,Business Strategy,"Strategic Thinking,Innovation,Innovation Management,Design Thinking,",,,Coursera,,
Cognición encarnada,Computer Science,Algorithms,,4.7,26.0,Coursera,,
Foundations of Red Hat Cloud-native Development,Information Technology,Cloud Computing,"Cloud Platforms,Cloud Applications,Kubernetes,Cloud Computing,",4.6,50.0,Coursera,,
Creating a Team Culture of Continuous Learning,Business,Leadership and Management,,4.6,151.0,Coursera,,
"Healthy Practices: Nutrition, Physical Activity, and Community and Family Participation",Health,Nutrition,,4.7,743.0,Coursera,,
"High Performance Collaboration: Leadership, Teamwork, and Negotiation",Business,Leadership and Management,"Negotiation,Leadership,Team Management,Collaboration,",4.8,2773.0,Coursera,,
Linux System Programming and Introduction to Buildroot,Computer Science,Software Development,"Linux,Embedded Systems Engineering,C Programming,Shell Script,Electrical Engineering,",4.1,31.0,Coursera,,
Fundamentals of Management,Business,Leadership and Management,"Management Theory,Management Styles,Leadership,Management,",4.6,3609.0,Coursera,,
"Engineering Project Management: Risk, Quality, Teams, and Procurement",Business,Leadership and Management,"Project Management,Procurement,Risk Management Plan,Project Risk Management,",4.8,1060.0,Coursera,,
Statistical Inference,Data Science,Probability and Statistics,"Statistics,Statistical Inference,Statistical Hypothesis Testing,",4.2,4393.0,Coursera,,
Financial Analysis of Organizations,Business,Business Essentials,"Accounting,Financial Analysis,Financial Statement,Finance,",4.4,20.0,Coursera,,
Game Design and Development 3: 3D Shooter,Computer Science,Software Development,"Video Game Development,Unity,Game Design,technology,Game Making,",4.8,42.0,Coursera,,
Life Cycle Assessment,Health,Public Health,,,,Coursera,,
Generative Deep Learning with TensorFlow,Data Science,Machine Learning,"Variational AutoEncoders,Auto Encoders,Generative Adversarial Networks,Neural Style Transfer,",4.8,213.0,Coursera,,
Value-Based Care: Organizational Competencies,Health,Public Health,"value-based care,Organizational Structure,Healthcare Management,Healthcare Quality,Patient Care,",4.7,16.0,Coursera,,
Negotiation skills: Negotiate and resolve conflict,Business,Business Essentials,,4.7,605.0,Coursera,,
Managing Big Data with MySQL,Data Science,Data Analysis,"Data Analysis,MySQL,Teradata,SQL,",4.7,3999.0,Coursera,,
"Journalism, the future, and you!",Arts and Humanities,Music and Art,,4.7,343.0,Coursera,,
Experiencing Design: Deepening Your Design Thinking Practice,Business,Business Strategy,"Strategic Thinking,Innovation,Innovation Management,Design Thinking,",4.9,15.0,Coursera,,
Successful Presentation,Business,Business Essentials,"Communication,Business Writing,Presentation,Public Speaking,",4.8,4372.0,Coursera,,
Getting Started with Data Visualization in R,Data Science,Data Analysis,,4.8,218.0,Coursera,,
Java Programming: Solving Problems with Software,Computer Science,Software Development,"Algorithms,Problem Solving,String (Computer Science),Java Programming,",4.6,7635.0,Coursera,,
Simple Past Tense,Language Learning,Learning English,,4.9,410.0,Coursera,,
"Big Data, Artificial Intelligence, and Ethics",Data Science,Data Analysis,,4.6,412.0,Coursera,,
Supply Chain Analytics,Business,Business Essentials,"Inventory and Transportation,Competitive Analysis and Benchmark,Data Analysis,Supply Chain Planning,Distribution and Logistics,",4.7,732.0,Coursera,,
"Smart Analytics, Machine Learning, and AI on Google Cloud",Information Technology,Cloud Computing,,4.6,1174.0,Coursera,,
Blockchain and Business,Business,Business Essentials,,4.7,390.0,Coursera,,
Leading Positive Change through Appreciative Inquiry,Business,Leadership and Management,"Change Management,Appreciative Inquiry,Positive Psychology,Facilitation,",4.8,243.0,Coursera,,
"Negotiation, Mediation, and Conflict Resolution - Capstone Project",Business,Leadership and Management,,4.8,217.0,Coursera,,
Strategy Formulation,Business,Business Strategy,"Strategic Management,Decision-Making,Strategic Thinking,Business Strategy,",4.5,1375.0,Coursera,,
Recording in Journals & Posting in Ledgers,Business,Finance,,4.8,87.0,Coursera,,
Competitive Strategy and Organization Design Project,Business,Business Strategy,,4.5,30.0,Coursera,,
Enterprise Systems,Information Technology,Support and Operations,"Management,IT Skills and Knowledge,",4.8,677.0,Coursera,,
Success,Personal Development,Personal Development,"goal setting,Happiness,Personality Development,Personal Development,",4.8,1125.0,Coursera,,
Bayesian Statistics: From Concept to Data Analysis,Data Science,Probability and Statistics,"Statistics,Bayesian Statistics,Bayesian Inference,R Programming,",4.6,3062.0,Coursera,,
Access Control Concepts,Information Technology,Security,"Logical Controls,administrative controls,Physical Controls,",4.8,12.0,Coursera,,
Advanced Data Structures in Java,Computer Science,Algorithms,"Graphs,Search Algorithm,Graph Algorithms,Graph Data Structures,",4.8,1229.0,Coursera,,
Qualitative Data Collection Methods,Health,Health Informatics,,4.7,42.0,Coursera,,
Introduction to Business Analytics: Communicating with Data,Business,Leadership and Management,"Data Analysis,Analytics,Business Analytics,Health Care,",4.6,536.0,Coursera,,
Network Defense Essentials (NDE),Information Technology,Security,,4.5,19.0,Coursera,,
Mastering the Software Engineering Interview,Computer Science,Software Development,"Live Coding,Programming Interview,Algorithms,Problem Solving,",4.6,551.0,Coursera,,
Derivatives - Options & Futures,Business,Finance,"Option Terminology,Option Risks,Options Strategies,Practical Demos,Mechanics of Futures Market,",4.5,129.0,Coursera,,
Digital Signal Processing 1: Basic Concepts and Algorithms,Physical Science and Engineering,Electrical Engineering,,4.5,512.0,Coursera,,
Finance for Managers,Business,Finance,"Dupont Analysis,Management Accounting,Business Analysis,Finance,",4.8,867.0,Coursera,,
Mandarin Chinese 3: Chinese for Beginners,Language Learning,Other Languages,,4.9,318.0,Coursera,,
Innovating with Data and Google Cloud,Information Technology,Cloud Computing,,4.8,618.0,Coursera,,
Creating Sounds for Electronic Music,Arts and Humanities,Music and Art,"Create an electronic composition,Create custom synthesizer patches,Manipulate preset patches,Sound Design,Create custom patches in Strobe 2,",4.7,250.0,Coursera,,
Qualitative Research,Business,Marketing,"Sample Collection,Qualitative Research,Sample Size Determination,Sample Preparation,Focus Group,",4.7,397.0,Coursera,,
Quantitative Foundations for International Business,Business,Business Essentials,,4.1,397.0,Coursera,,
Project Management: Beyond planning and control,Business,Leadership and Management,"Project Management,Project Team,Conflict Management,",4.8,69.0,Coursera,,
"Imagery, Automation, and Applications",Physical Science and Engineering,Environmental Science and Sustainability,"Geographic Information System (GIS),Imagery Analysis,Spatial Analysis,satellite imagery,Gis Applications,",4.9,668.0,Coursera,,
3D Printing Software,Business,Entrepreneurship,,4.7,519.0,Coursera,,
Business English: Basics,Language Learning,Learning English,"Grammar,Business Communication,Communication,Writing,",4.5,1091.0,Coursera,,
"Conversations That Inspire: Coaching Learning, Leadership and Change",Business,Leadership and Management,"Active Listening,Change Management,Leadership,Coaching,",4.7,320.0,Coursera,,
Corporate Strategy,Business,Business Strategy,"Mergers And Acquisitions (M&A),Diversification,Global Strategy,Corporate Governance,Strategic Management,",4.7,1039.0,Coursera,,
Introduction to Python for Cybersecurity,Information Technology,Security,,4.5,240.0,Coursera,,
Preparing for AI-900: Microsoft Azure AI Fundamentals exam,Data Science,Machine Learning,"Natural Language Processing,Test Preparation,Artificial Intelligence (AI),Machine Learning,Microsoft Azure,",4.7,53.0,Coursera,,
"Cloud Virtualization, Containers and APIs",Information Technology,Cloud Computing,,4.5,76.0,Coursera,,
Tools for Exploratory Data Analysis in Business,Data Science,Data Analysis,"R and RStudio,Data Cleansing and Exploration,Alteryx,Analytic Mindset,PowerBI,",4.8,31.0,Coursera,,
Feature Engineering,Data Science,Machine Learning,,4.5,1725.0,Coursera,,
Leading People and Teams Capstone,Business,Leadership and Management,"Coaching,Team Building,Management,Team Management,Leadership,",4.8,429.0,Coursera,,
Developing a Leadership Framework,Business,Leadership and Management,"Understand the difference between leadership and management,Determine your leadership style,Define leadership,Assist in leading your organization to change management,Develop your leadership philosophy,",,,Coursera,,
Converter Control,Physical Science and Engineering,Electrical Engineering,,4.8,600.0,Coursera,,
Copyright Law,Social Sciences,Law,"Copyright,Copyright Protection,Fair Use,",4.8,280.0,Coursera,,
Inheritance and Data Structures in Java,Computer Science,Software Development,"Debugging,Problem Solving,Java Programming,Data Structure,Inheritance,",4.7,54.0,Coursera,,
Business Strategies for Social Impact,Business,Business Strategy,,4.6,524.0,Coursera,,
Command Line Tools for Genomic Data Science,Data Science,Data Analysis,"Bioinformatics,Samtools,Unix,Command-Line Interface,",4.0,524.0,Coursera,,
Supply Chain Analytics Essentials,Business,Business Essentials,"Data Analysis,Supply Chain,job intelligence,",4.5,833.0,Coursera,,
"Modern Robotics, Course 2:  Robot Kinematics",Physical Science and Engineering,Mechanical Engineering,,4.9,265.0,Coursera,,
Python for Active Defense,Information Technology,Security,"Python Programming,active defense,",4.2,27.0,Coursera,,
Essentials of Palliative Care,Health,Patient Care,"Self-Care,Palliative Care,Communication,Psychosocial Support,Goals of Care/ACP,",4.6,48.0,Coursera,,
Mindfulness in Integrative Healthcare,Health,Research,"wellbeing,improved symptom management,whole-person care,Mindfulness,integrative medicine,",4.8,200.0,Coursera,,
Python and Machine Learning for Asset Management,Business,Finance,"Programming skills,Managing your own personal invetsments,Investment management knowledge,Computer Science,Expertise in data science,",3.1,304.0,Coursera,,
Essential Epidemiologic Tools for Public Health Practice,Health,Public Health,"Estimation,Geographic Information System (GIS),Statistical Methods,visualization,",4.7,2772.0,Coursera,,
La gestión de personas y equipos,Business,Leadership and Management,"Persona (User Experience),Leadership,Human Resources (HR),Organizational Culture,",4.8,1394.0,Coursera,,
Digital Transformation of Financial Services - Capstone Project,Business,Business Strategy,,4.5,165.0,Coursera,,
Transformational Leadership for Inclusive Innovation,Business,Business Essentials,"Persuasion,Diversity and Inclusion,Organizational Culture,Change Management,Leadership,",4.8,70.0,Coursera,,
Getting Started With Application Development,Computer Science,Software Development,"Cloud Storage,Data Store,Google Cloud Platform,Cloud Computing,",4.5,2113.0,Coursera,,
Organisational behaviour: Know your people,Business,Leadership and Management,"Motivation,Diversity and Inclusion,Communication,Human Resources (HR),",4.8,1153.0,Coursera,,
Managing Debt,Personal Development,Personal Development,"Refinancing,Personal Finance,Credit Card Debt,Money Management,Mortgage,",,,Coursera,,
Concept Art for Video Games,Arts and Humanities,Music and Art,,4.7,55.0,Coursera,,
Optimizing Diversity on Teams,Business,Leadership and Management,,4.4,146.0,Coursera,,
Animation with JavaScript and jQuery,Computer Science,Mobile and Web Development,"Jquery,JavaScript,animations,",4.8,85.0,Coursera,,
Summary Statistics in Public Health,Health,Public Health,"Statistics,Normal Distribution,summary measures,binary data,",4.8,1733.0,Coursera,,
Bayesian Statistics: Mixture Models,Data Science,Data Analysis,"Markov Model,Bayesian Statistics,Mixture Model,R Programming,",4.5,41.0,Coursera,,
"Introduction to Data, Signal, and Image Analysis with MATLAB",Data Science,Data Analysis,,4.7,170.0,Coursera,,
CUDA Advanced Libraries,Computer Science,Algorithms,"Data Science,Artificial Neural Network,Machine Learning,C++,Linear Algebra,",,,Coursera,,
Project Execution and Control,Business,Leadership and Management,,4.9,33.0,Coursera,,
Gestión del canal de distribución y retailing,Business,Marketing,"Marketing,Trade Marketing,Retailing,Marketing Mix,Retail Management,",4.7,401.0,Coursera,,
Advanced Data Visualization with R,Data Science,Data Analysis,,4.9,55.0,Coursera,,
Apply Generative Adversarial Networks (GANs),Data Science,Machine Learning,"Pix2Pix,Image-to-Image Translation,CycleGANs,Convolutional Neural Network,Privacy Preservation,",4.8,468.0,Coursera,,
Excel Skills for Business: Advanced,Business,Business Essentials,"Dashboard (Business),Financial Modeling,Microsoft Excel,Data Cleansing,",4.7,5506.0,Coursera,,
Competitive Strategy,Business,Business Strategy,"Strategic Management,Game Theory,Competition (Economics),Strategic Thinking,",4.7,3044.0,Coursera,,
Integral Calculus and Numerical Analysis for Data Science,Math and Logic,Math and Logic,"Singular Value Decomposition (SVD),root-finding,Integrals,Partial Derivative,matrix diagonalization,",4.6,48.0,Coursera,,
Term-Structure and Credit Derivatives,Business,Finance,"model calibration,modeling and pricing Credit Default Swaps,",4.5,26.0,Coursera,,
Administración de Proyectos Project,Business,Leadership and Management,,4.7,301.0,Coursera,,
Computational Social Science Capstone Project,Data Science,Data Analysis,,4.6,34.0,Coursera,,
Think Again III: How to Reason Inductively,Arts and Humanities,Philosophy,,4.8,280.0,Coursera,,
"Writing, Running, and Fixing Code in C",Computer Science,Software Development,"C Programming,Compiler,Debugging,",4.3,746.0,Coursera,,
Cybersecurity Capstone Project,Computer Science,Computer Security and Networks,,4.2,152.0,Coursera,,
Finance of Mergers and Acquisitions: Valuation and Pricing,Business,Finance,,4.8,73.0,Coursera,,
Intelligent Machining,Physical Science and Engineering,Mechanical Engineering,,4.6,1318.0,Coursera,,
Developing an Agile Team,Business,Leadership and Management,,4.8,191.0,Coursera,,
Plant Bioinformatics Capstone,Physical Science and Engineering,Research Methods,,4.8,25.0,Coursera,,
Brand and Product Management,Business,Marketing,"Customer Experience,Brand Engagement,Product Strategy,Brand Architecture,Brand and Product Management,",4.7,2463.0,Coursera,,
Ethical Hacking Essentials (EHE),Information Technology,Security,,4.7,83.0,Coursera,,
"Response Surfaces, Mixtures, and Model Building",Data Science,Probability and Statistics,,4.6,52.0,Coursera,,
"Python Project: pillow, tesseract, and opencv",Computer Science,Software Development,,4.0,1807.0,Coursera,,
Infonomics II: Business Information Management and Measurement,Business,Business Strategy,"strategy,Accounting,Data Analysis,Big Data,Innovation,",4.5,25.0,Coursera,,
Data Science with R - Capstone Project,Data Science,Data Analysis,"Data Science,R Programming,Data Visualization (DataViz),Linear Regression,Exploratory Data Analysis,",4.4,28.0,Coursera,,
Credit Risk Management: Frameworks and Strategies,Business,Finance,"Credit Analysis,Financial Analysis,credit risk,",4.6,122.0,Coursera,,
Introduction to Genomic Technologies,Data Science,Data Analysis,"Bioinformatics,Statistics,Data Science,Computational Biology,",4.6,4248.0,Coursera,,
A Complete Reinforcement Learning System (Capstone),Data Science,Machine Learning,"Artificial Intelligence (AI),Machine Learning,Reinforcement Learning,Function Approximation,Intelligent Systems,",4.7,587.0,Coursera,,
Engineering Project Management: Initiating and Planning,Business,Leadership and Management,"Project Management,Planning,Project Charter,Project Planning,",4.8,3106.0,Coursera,,
Engineering Practices for Building Quality Software,Computer Science,Software Development,"Application Security,Software Architecture,Software Testing,Software Design,Software Quality,",4.6,296.0,Coursera,,
Capstone: Build a Winning Investment Portfolio,Business,Finance,,4.5,60.0,Coursera,,
Safety in the Utility Industry,Physical Science and Engineering,Electrical Engineering,,4.7,2158.0,Coursera,,
AI Workflow: Feature Engineering and Bias Detection,Data Science,Machine Learning,"Data Science,Information Engineering,Artificial Intelligence (AI),Machine Learning,Python Programming,",4.3,66.0,Coursera,,
Database Management Essentials,Computer Science,Software Development,"Database (DB) Design,Entity–Relationship (E-R) Model,Database (DBMS),SQL,",4.6,3149.0,Coursera,,
Jazz Improvisation,Arts and Humanities,Music and Art,"Music Performance,Music,Jazz,Jazz Improvisation,",4.8,775.0,Coursera,,
"Providing Social, Emotional, Behavioral, and Special Education Services in School",Health,Public Health,,4.8,452.0,Coursera,,
Practical Machine Learning,Data Science,Machine Learning,"Random Forest,Machine Learning (ML) Algorithms,Machine Learning,R Programming,",4.5,3219.0,Coursera,,
Salesforce Basics,Business,Business Essentials,"Data Management,Cloud Integration,Data Security,Automation,Cloud Computing,",4.3,179.0,Coursera,,
Design and Implementation of Digital Health Interventions,Health,Animal Health,,4.5,43.0,Coursera,,
"Healthcare Data Security, Privacy, and Compliance",Health,Patient Care,,4.8,233.0,Coursera,,
FinTech Security and Regulation (RegTech),Business,Finance,,4.7,233.0,Coursera,,
3D Reconstruction - Multiple Viewpoints,Computer Science,Algorithms,"Epipolar Geometry,Camera Model,Camera Calibration,Structure from Motion,Simple Stereo,",4.8,20.0,Coursera,,
Manufacturing Process with Autodesk Fusion 360,Physical Science and Engineering,Mechanical Engineering,,4.7,474.0,Coursera,,
Business Analytics Capstone,Data Science,Data Analysis,"Customer Analytics,Strategic Management,Data Analysis,Business Analytics,",4.5,702.0,Coursera,,
Organization Planning and Development for the 6 σ Black Belt,Business,Leadership and Management,,4.5,257.0,Coursera,,
Framework for Data Collection and Analysis,Data Science,Data Analysis,"Data Collection,Data Quality,Data Analysis,Data Generating Process,",4.2,706.0,Coursera,,
Foundations for Big Data Analysis with SQL,Data Science,Data Analysis,"Database (DBMS),Data Warehousing,Data Analysis,Big Data,SQL,",4.8,1057.0,Coursera,,
Grammar and Punctuation,Language Learning,Learning English,"English Grammar,Punctuation,Grammar,Writing,",4.7,18688.0,Coursera,,
"Anatomy: Cardiovascular, Respiratory and Urinary Systems",Health,Basic Science,,4.8,919.0,Coursera,,
Business Metrics for Data-Driven Companies,Data Science,Data Analysis,"Data Analysis,Business Analysis,Business Analytics,Business Process,",4.6,8293.0,Coursera,,
"Teach English Now! Second Language Reading, Writing, and Grammar",Language Learning,Learning English,,4.9,2179.0,Coursera,,
Product Cost and Investment Cash Flow Analysis,Business,Leadership and Management,"time value of money,Cost Estimation Techniques,Product Cost Analysis,Application to Personal Finances,",4.6,22.0,Coursera,,
Intellectual Property in the Healthcare Industry,Health,Healthcare Management,,4.8,108.0,Coursera,,
"Java Programming: Arrays, Lists, and Structured Data",Computer Science,Software Development,"Data Structure,Cryptography,Hash Table,Java Programming,",4.7,3051.0,Coursera,,
Marketing estratégico: claves para competir con éxito,Business,Marketing,"Business Intelligence,Marketing,Marketing Strategy,",4.8,648.0,Coursera,,
Channel Management and Retailing,Business,Marketing,"Retail Management,Supply Chain,Retailing,Channel Management,",4.5,1051.0,Coursera,,
Innovating with the Business Model Canvas,Business,Leadership and Management,"Product/Market Fit,Business Model,Product Management,business focus,corporate innovation,",4.6,250.0,Coursera,,
Developing An Entrepreneurial Mindset: First Step Towards Success,Business,Entrepreneurship,,4.6,764.0,Coursera,,
Python Classes and Inheritance,Computer Science,Software Development,,4.7,3434.0,Coursera,,
"Engineering Project Management: Scope, Time and Cost Management",Business,Leadership and Management,"Schedule,Project Management,Earned Value Management (EVMT),Planning,",4.8,1242.0,Coursera,,
User Experience & Interaction Design for AR/VR/MR/XR,Computer Science,Design and Product,,4.7,97.0,Coursera,,
"Diversity, Equity, and Inclusion Best Practices for Managers",Business,Leadership and Management,"Business Psychology,Workplace Inclusion,Business Communication,Leadership Development,Team Management,",,,Coursera,,
Microsoft Azure Machine Learning,Data Science,Machine Learning,"Artificial Intelligence (AI),Microsoft Azure,Machine Learning,",4.6,128.0,Coursera,,
International Entertainment and Sports Marketing,Business,Marketing,"Sports Marketing,Marketing By Medium,Marketing,Educational Entertainment,",4.7,427.0,Coursera,,
Data Manipulation in JavaScript,Computer Science,Mobile and Web Development,,4.8,41.0,Coursera,,
Marketing Mix Fundamentals,Business,Marketing,,4.6,976.0,Coursera,,
The Importance of Listening,Business,Marketing,"Social Marketing,Social Media Marketing,Social Media,Influencer Marketing,",4.7,1602.0,Coursera,,
DevOps on AWS: Operate and Monitor,Computer Science,Software Development,"CI/CD,aws,Devops,",4.6,77.0,Coursera,,
Corruption,Social Sciences,Governance and Society,,4.7,521.0,Coursera,,
Getting Started with Essay Writing,Arts and Humanities,Music and Art,,4.7,3088.0,Coursera,,
Introduction to Neurohacking In R,Data Science,Data Analysis,"Image Processing,Brain,R Programming,Neurology,",4.6,281.0,Coursera,,
Oracle Database Foundations,Computer Science,Software Development,,4.6,281.0,Coursera,,
Managing Machine Learning Projects,Data Science,Machine Learning,"Modeling,Project Management,Machine Learning,",4.7,56.0,Coursera,,
Digital Twins,Business,Business Strategy,,4.5,31.0,Coursera,,
The Outcomes and Interventions of Health Informatics,Health,Health Informatics,"Knowledge Acquisition,Decision Tree,Decision-Making,Decision Support System,Health Informatics,",4.5,80.0,Coursera,,
First Steps in Making the Business Case for Sustainability,Business,Leadership and Management,,4.7,173.0,Coursera,,
Building No-Code Apps with AppSheet: Foundations,Information Technology,Cloud Computing,"Navigate the AppSheet UI and editor to build an app,Learn the process to deploy and publish an app,Understand the capabilities of the AppSheet no-code app development platform,Work with app data sources using Google sheets,Create and customize the user experience of an app using AppSheet views and branding,",4.7,101.0,Coursera,,
State Estimation and Localization for Self-Driving Cars,Computer Science,Software Development,,4.7,783.0,Coursera,,
Content Strategy for Professionals: Managing Content,Business,Marketing,,4.5,312.0,Coursera,,
Features and Boundaries,Computer Science,Algorithms,"Scale Space,Active Contours,Image Transformations,Edge and Corner Detection,SIFT Detector,",4.9,21.0,Coursera,,
"Content, Advertising & Social IMC",Business,Marketing,"Social Media Marketing,Social Media,Marketing Strategy,A/B Testing,",4.7,1072.0,Coursera,,
"Everyday Excel, Part 2",Computer Science,Design and Product,"Data Management,Spreadsheet,Microsoft Excel,Problem Solving,Real World,",4.8,485.0,Coursera,,
Optical Efficiency and Resolution,Physical Science and Engineering,Electrical Engineering,,4.1,53.0,Coursera,,
Healthcare Data Quality and Governance,Health,Health Informatics,,4.5,78.0,Coursera,,
Relational Database Design,Information Technology,Data Management,"Database (DB) Design,Database (DBMS),Relational Models,Normalization,Entity–Relationship (E-R) Model,",4.6,88.0,Coursera,,
Understanding Cancer Metastasis,Health,Basic Science,"Cancer,Molecular Biology,Cancer Biology,Cancer Stem Cells,",4.9,2231.0,Coursera,,
Interfacing with the Raspberry Pi,Physical Science and Engineering,Electrical Engineering,"Python Programming,Application Programming Interfaces (API),Internet Of Things (IOT),Raspberry Pi,",4.7,1573.0,Coursera,,
Strategic Self-Marketing and Personal Branding,Personal Development,Personal Development,"Self-Assessment,Skills Management,strategy,Personal Branding,Competitiveness,",4.4,184.0,Coursera,,
Blockchain Opportunity Analysis,Business,Business Strategy,,4.6,188.0,Coursera,,
Project Initiation and Planning,Business,Leadership and Management,,4.7,102.0,Coursera,,
Accounting for Mergers and Acquisitions: Advanced Topics,Business,Business Strategy,"Mergers And Acquisitions (M&A),Taxes,Financial Statement,Accounting,Corporate Accouting,",,,Coursera,,
Lean Software Development,Computer Science,Software Development,,4.6,366.0,Coursera,,
Building Your Career in Music: Developing A Brand and Funding Your Music,Arts and Humanities,Music and Art,"Music business,Marketing,Crowdfunding,Social Media,Networking,",4.4,441.0,Coursera,,
Ethics of Artificial Intelligence,Computer Science,Algorithms,,4.9,21.0,Coursera,,
Innovation: From Creativity to Entrepreneurship Capstone,Business,Entrepreneurship,,4.6,64.0,Coursera,,
Numerical Methods for Engineers,Math and Logic,Math and Logic,,4.9,252.0,Coursera,,
Análisis de situaciones de negocio,Business,Leadership and Management,,4.7,133.0,Coursera,,
Camera and Imaging,Computer Science,Algorithms,"Fourier Transform,High-Dynamic-Range (HDR) Imaging,Image Formation,Convolution and Deconvolution,Working Principles of a Camera,",4.7,82.0,Coursera,,
Strategic Management - Capstone Project,Business,Business Strategy,,4.6,320.0,Coursera,,
A Crash Course in Data Science,Data Science,Data Analysis,"Data Science,Data Analysis,Machine Learning,Project,",4.5,8055.0,Coursera,,
Digital Strategy and Business Opportunity,Business,Marketing,"Digital transformation,Digital Marketing,Content Marketing,Digital Strategy,Digital Research,",4.6,194.0,Coursera,,
Market Research and Consumer Behavior,Business,Marketing,"Market Research,Consumer Behaviour,Data Analysis,",4.4,4532.0,Coursera,,
Entrepreneurship 2: Launching your Start-Up,Business,Entrepreneurship,"Brand Management,Choosing Advisors,Brand,Entrepreneurship,Strategic Management,",4.8,1898.0,Coursera,,
Data Collection and Processing with Python,Computer Science,Software Development,,4.7,3709.0,Coursera,,
Developing Data Products,Data Science,Data Analysis,"Interactivity,Plotly,Web Application,R Programming,",4.6,2248.0,Coursera,,
Capstone (React App),Computer Science,Mobile and Web Development,"UX and UI,React (Web Framework),Github,Figma,SQL,",4.6,13.0,Coursera,,
"Managing Asthma, Allergies, Diabetes, and Seizures in School",Health,Patient Care,,4.8,619.0,Coursera,,
Sales Operations: Final Project,Business,Leadership and Management,,4.8,28.0,Coursera,,
Collaborate Effectively for Professional Success,Personal Development,Personal Development,"teamwork,Listening Skills,Soft skills,Communication,Critical Thinking,",4.6,95.0,Coursera,,
Setting the Stage for Success: An Eye on Safety Culture and Teamwork (Patient Safety II),Health,Healthcare Management,"Communication,Healthcare Leadership,Organizational Culture,Patient Safety,",4.8,398.0,Coursera,,
Creative Writing: The Craft of Style,Arts and Humanities,Music and Art,,4.7,1092.0,Coursera,,
Best Practices in Planning DE&I Interventions,Business,Leadership and Management,,4.9,24.0,Coursera,,
Wearable Technologies and Sports Analytics,Data Science,Data Analysis,,4.6,21.0,Coursera,,
Organizational Behavior: How to Manage People,Business,Leadership and Management,"Management Styles,Leadership,Management,Organizational Culture,",4.7,1021.0,Coursera,,
Introduction to Object-Oriented Programming with Java,Computer Science,Software Development,"Crt0,Recursively Enumerable Set,Computer Programming,Java Programming,",4.7,343.0,Coursera,,
Investment Banking: Financial Analysis and Valuation,Business,Finance,,4.4,54.0,Coursera,,
Advanced Content and Social Tactics to Optimize SEO,Business,Marketing,"Social Media Marketing,Social Media,Content Marketing,Mathematical Optimization,",4.6,1074.0,Coursera,,
CUDA at Scale for the Enterprise,Computer Science,Software Development,"Cuda,Algorithms,C/C++,GPU,Nvidia,",,,Coursera,,
Predictive Modeling and Analytics,Data Science,Data Analysis,"Regression Analysis,Data Cleansing,Predictive Modelling,Exploratory Data Analysis,",3.6,571.0,Coursera,,
Robotics: Mobility,Physical Science and Engineering,Mechanical Engineering,"Serial Line Internet Protocol (SLIP),Robotics,Robot,Matlab,",3.9,587.0,Coursera,,
Software Architecture,Computer Science,Software Development,,4.5,808.0,Coursera,,
Information Gathering and Vetting,Personal Development,Personal Development,"Getting the most of data you collect,Collecting data with a hypothesis,Sharing new insights from data,",,,Coursera,,
Women in Leadership: Inspiring Positive Change,Business,Leadership and Management,"Assertiveness,Communication,Negotiation,Leadership,",4.7,518.0,Coursera,,
Creating Dashboards and Storytelling with Tableau,Data Science,Data Analysis,"Storyboarding,Tableau Software,Data Virtualization,Data Visualization (DataViz),",4.6,948.0,Coursera,,
Customer Value in Pricing Strategy,Business,Marketing,"Customer Willingness to Pay,Pricing Strategies,Customer Value-based Pricing,Measuring Customer Preferences,Customer Psychology,",4.8,339.0,Coursera,,
Content Strategy for Professionals: Expanding Your Content’s Reach,Business,Marketing,,4.5,196.0,Coursera,,
Management Skills for International Business,Business,Leadership and Management,"Management Styles,Change Management,Communication,Leadership,",4.7,641.0,Coursera,,
Quality Improvement in Healthcare Organizations,Health,Healthcare Management,"Pharmacy Healthcare Organization Operations,Public Health and Wellness Healthcare Organization Operations,Medical Healthcare Organization Operations,Healthcare Administration,Dental Healthcare Organization Operations,",4.7,161.0,Coursera,,
Cómputo evolutivo,Computer Science,Algorithms,,3.9,15.0,Coursera,,
Game Design and Development 4: 3D Platformer,Computer Science,Software Development,"Video Game Development,Unity,Game Design,technology,Game Making,",4.8,31.0,Coursera,,
Consonants of American English Pronunciation,Language Learning,Learning English,,4.8,677.0,Coursera,,
Introduction to Blockchain Technologies,Business,Business Essentials,,4.7,2293.0,Coursera,,
Advanced Machine Learning and Signal Processing,Data Science,Machine Learning,,4.5,1205.0,Coursera,,
DevOps on AWS: Release and Deploy,Computer Science,Software Development,"aws,Continuous Integration,Continuous Delivery,Devops,",4.7,74.0,Coursera,,
Elastic Google Cloud Infrastructure: Scaling and Automation,Information Technology,Cloud Computing,"Load Balancing,Virtual Private Network (VPN),Google Cloud Platform,Autoscaling,",4.7,9063.0,Coursera,,
Capstone: Analyzing (Social) Network Data,Data Science,Data Analysis,,4.7,97.0,Coursera,,
Mathematics for Machine Learning: Multivariate Calculus,Math and Logic,Math and Logic,"Linear Regression,Vector Calculus,Multivariable Calculus,Gradient Descent,",4.7,5397.0,Coursera,,
Immunology: Adaptive Immune System,Health,Basic Science,"Immunology,Tumour immunity,Autoimmunity,Infectious Diseases,",,,Coursera,,
Black-box and White-box Testing,Computer Science,Software Development,"Executing Tests,Software Testing,Writing Tests,Cucumber,Junit,",3.5,58.0,Coursera,,
Mathematics for Machine Learning: PCA,Data Science,Machine Learning,"Dimensionality Reduction,Python Programming,Linear Algebra,",4.1,2965.0,Coursera,,
Machine Learning Foundations: A Case Study Approach,Data Science,Machine Learning,"Python Programming,Machine Learning Concepts,Machine Learning,Deep Learning,",4.6,13247.0,Coursera,,
Security Best Practices in Google Cloud,Information Technology,Cloud Computing,,4.6,328.0,Coursera,,
Intermediate Object-Oriented Programming for Unreal Games,Computer Science,Software Development,,,,Coursera,,
Getting Started with Data Warehousing and BI Analytics,Information Technology,Data Management,"Data Warehousing,Cube and Rollup,Business Intelligence (BI),Star and Snowflake Schema,cognos analytics,",4.4,93.0,Coursera,,
Linux Embedded System Topics and Projects,Computer Science,Software Development,"Agile Software Development,Linux,Embedded Systems,",,,Coursera,,
Chinese for HSK 3 PART I,Language Learning,Other Languages,,4.8,560.0,Coursera,,
Architecting with Google Kubernetes Engine: Production,Computer Science,Software Development,,4.7,913.0,Coursera,,
Managing Security in Google Cloud,Information Technology,Cloud Computing,,4.7,1041.0,Coursera,,
Cloud Computing Law: Transactions,Social Sciences,Law,"Intellectual Property,Cybersecurity,Contract Negotiations,Contract Law,Cloud Computing,",4.9,25.0,Coursera,,
"Graph Search, Shortest Paths, and Data Structures",Computer Science,Algorithms,"Graphs,Data Structure,Algorithms,Hash Table,",4.8,1929.0,Coursera,,
Guided Tour of Machine Learning in Finance,Data Science,Machine Learning,,3.8,649.0,Coursera,,
Designing for Sustainment: Keeping Improvement Work on Track (Patient Safety IV),Health,Patient Care,"Change Management,Project Planning,Staff Engagement,",4.6,77.0,Coursera,,
English for Effective  Business Writing,Language Learning,Learning English,"Business Communication,English Language,Business Writing,Writing,",4.5,307.0,Coursera,,
Digital Marketing Analytics in Theory,Data Science,Data Analysis,"Digital Marketing,Data Collection,Analytics,Data Analysis,Data Visualization (DataViz),",4.5,4692.0,Coursera,,
Introduction to UI Design,Computer Science,Design and Product,"Usability,User Interface Design (UI Design),Design Theory,User Interface,",4.6,1348.0,Coursera,,
Human-Centered Design for Inclusive Innovation,Business,Business Essentials,"Creativity,Prototyping,Design Thinking,Innovation,Inclusive Innovation,",4.8,113.0,Coursera,,
Physics 102 - AC Circuits and Maxwell's Equations,Physical Science and Engineering,Physics and Astronomy,"Electronic Circuits,Physics,Force Fields,Problem Solving,Electrical Engineering,",,,Coursera,,
User Research and Design,Computer Science,Design and Product,,4.6,431.0,Coursera,,
Tricky English Grammar,Language Learning,Learning English,,4.8,1269.0,Coursera,,
Getting started with TensorFlow 2,Data Science,Machine Learning,,4.9,517.0,Coursera,,
Supply Chain Sourcing,Business,Business Strategy,"Sourcing Best Practices,Strategic Sourcing,Supply Chain Sourcing,Supply Chain,",4.7,1854.0,Coursera,,
The Power of Team Culture,Business,Leadership and Management,"Team Building,Cultural Learning,Leadership,Organizational Culture,",4.6,439.0,Coursera,,
Introduction to the Internet of Things and Embedded Systems,Computer Science,Software Development,"Internet Of Things (IOT),Microcontroller,Embedded System Design,Wireshark,",4.7,12783.0,Coursera,,
Foundations of Public Health Practice: Behaviour & Behaviour Change,Health,Public Health,,4.8,85.0,Coursera,,
Investment Banking: M&A and Initial Public Offerings,Business,Finance,,4.7,15.0,Coursera,,
Inspiring Leadership through Emotional Intelligence,Business,Leadership and Management,"Mindfulness,Leadership,Emotional Intelligence,Coaching,",4.7,1488.0,Coursera,,
Saving Money for the Future,Personal Development,Personal Development,"saving money,setting financial goals,paying for college,planning for retirement,retirement savings,",4.6,18.0,Coursera,,
"Lending, Crowdfunding, and Modern Investing",Business,Business Essentials,,4.6,518.0,Coursera,,
Entrepreneurship II: Preparing for Launch,Business,Entrepreneurship,,4.8,632.0,Coursera,,
Introduction to GIS Mapping,Physical Science and Engineering,Environmental Science and Sustainability,"Geographic Information System (GIS),Cartography,Esri,Mapping,Spatial Analysis,",4.9,1954.0,Coursera,,
Data Visualization and Communication with Tableau,Data Science,Data Analysis,"Data Analysis,Tableau Software,Data Visualization (DataViz),Visualization (Computer Graphics),",4.7,3154.0,Coursera,,
Combining Scrum with Other Agile Methodologies,Computer Science,Design and Product,,4.7,310.0,Coursera,,
Chinese for HSK 1,Language Learning,Other Languages,,4.9,2260.0,Coursera,,
Introduction to Structured Query Language (SQL),Computer Science,Mobile and Web Development,"Phpmyadmin,MySQL,Relational Database,SQL,",4.8,5017.0,Coursera,,
Creative Writing: The Craft of Character,Arts and Humanities,Music and Art,,4.5,1808.0,Coursera,,
SQL for Data Science with R,Data Science,Data Analysis,"Data Science,Select (Sql),Relational Databases (RDBMS),R Programming,Data Analysis,",4.2,79.0,Coursera,,
Evaluations of AI Applications in Healthcare,Data Science,Machine Learning,,4.5,144.0,Coursera,,
Building Batch Data Pipelines on GCP 日本語版,Information Technology,Cloud Computing,,4.4,28.0,Coursera,,
Infrastructure and Application Modernization with Google Cloud,Business,Business Strategy,,4.7,1403.0,Coursera,,
3D Model Creation with Autodesk Fusion 360,Physical Science and Engineering,Mechanical Engineering,,4.8,746.0,Coursera,,
IoT Devices,Computer Science,Mobile and Web Development,"Internet,Internet Of Things (IOT),Wireless,Front And Back Ends,",4.7,118.0,Coursera,,
Pro Tools Basics,Arts and Humanities,Music and Art,"Music,Music production,MIDI,Pro Tools,Music recording,",4.7,570.0,Coursera,,
GIS Data Acquisition and Map Design,Physical Science and Engineering,Environmental Science and Sustainability,"Geographic Information System (GIS),Cartography,Esri,Mapping,Spatial Analysis,",4.9,609.0,Coursera,,
Challenges of Leading Technical Teams,Personal Development,Personal Development,"Engaging teams,Applying vision,Communication,Asking Questions,Recruiting,",,,Coursera,,
Smart Contracts,Computer Science,Software Development,"Cryptocurrency,Blockchain,Solidity,Smart Contract,Remix IDE,",4.6,2204.0,Coursera,,
Writing and Editing: Structure and Organization,Personal Development,Personal Development,"Persuasion,Creativity,Writing,Time management,Editing,",4.8,476.0,Coursera,,
Linux Basics: The Command Line Interface - 6,Computer Science,Software Development,"Computer Programming,Linux,Command-Line Interface,",4.8,12.0,Coursera,,
Consulting Presentations and Storytelling,Business,Business Strategy,"Management Consulting,Presentation,PowerPoint,Consulting,executive presence,",4.9,37.0,Coursera,,
Spanish Vocabulary Project,Language Learning,Other Languages,,4.8,166.0,Coursera,,
Music Business Foundations,Arts and Humanities,Music and Art,"Music business,Revenue streams,Teambuilding,Copyright,Contracts,",4.9,2473.0,Coursera,,
Introduction to Food and Our Environment,Health,Nutrition,"How to identify sustainably caught (or farmed) fish and seafood,How to choose more sustainably raised meat and chicken when shopping at the supermarket (if you eat these foods),How to navigate the egg section (understanding terms like free range and pasture raised),How to reduce food waste,How you can alter your consumption of protein to optimize your health and the health of the environment,",4.7,101.0,Coursera,,
CAPSTONE: Your Leadership Challenge,Business,Leadership and Management,,4.7,66.0,Coursera,,
"Everyday Excel, Part 3 (Projects)",Computer Science,Algorithms,"Data Management,Spreadsheet,Microsoft Excel,Real-world projects,computing,",4.7,233.0,Coursera,,
Razonamiento artificial,Computer Science,Algorithms,,4.2,91.0,Coursera,,
Portfolio Selection and Risk Management,Business,Finance,"Risk Management,Portfolio Construction,Risk Analysis,Portfolio Optimization,",4.6,567.0,Coursera,,
Medical Terminology II,Health,Basic Science,,4.9,51.0,Coursera,,
Custom and Distributed Training with TensorFlow,Data Science,Machine Learning,"Distribution Strategies,Custom Training Loops,Basic Tensor Functionality,GradientTape for Optimization,",4.8,348.0,Coursera,,
Advanced Data Science Capstone,Data Science,Machine Learning,,4.6,375.0,Coursera,,
Reinforcement Learning in Finance,Data Science,Machine Learning,"option pricing and risk management,simple model for market dynamics,Q-learning using financial problems,optimal trading,Portfolio Optimization,",3.6,123.0,Coursera,,
Business English: Networking,Language Learning,Learning English,"Email Writing,Business Communication,Communication,English Language,",4.8,3107.0,Coursera,,
AI Workflow: AI in Production,Data Science,Machine Learning,"Data Science,Information Engineering,Artificial Intelligence (AI),Machine Learning,Python Programming,",4.5,41.0,Coursera,,
Web3 and Blockchain Leadership for Transformation,Business,Leadership and Management,,,,Coursera,,
Fundamentals of Immunology: Death by Friendly Fire,Health,Basic Science,,4.8,305.0,Coursera,,
Coaching Conversations,Business,Leadership and Management,,4.7,272.0,Coursera,,
Machine Learning: an overview,Information Technology,Data Management,,4.5,23.0,Coursera,,
Trading Basics,Business,Finance,"Financial Ratio,Cost,Financial Statement,Trading,",3.9,1669.0,Coursera,,
Seeing Through Photographs,Arts and Humanities,Music and Art,"Photography,Art,History,Museums,Art History,",4.8,4221.0,Coursera,,
Computational Social Science Methods,Data Science,Data Analysis,,4.7,306.0,Coursera,,
Advanced Algorithms and Complexity,Computer Science,Algorithms,"Python Programming,Linear Programming (LP),Np-Completeness,Dynamic Programming,",4.6,658.0,Coursera,,
Launching into Machine Learning,Data Science,Machine Learning,"Tensorflow,Bigquery,Machine Learning,Data Cleansing,",4.6,4234.0,Coursera,,
"Modern Robotics, Course 3:  Robot Dynamics",Physical Science and Engineering,Mechanical Engineering,,4.7,146.0,Coursera,,
An Introduction to Interactive Programming in Python (Part 2),Computer Science,Software Development,"Python Syntax And Semantics,Logic Programming,Python Programming,Object-Oriented Programming (OOP),",4.9,1159.0,Coursera,,
Algorithmic Thinking (Part 2),Computer Science,Software Development,"Algorithms,Python Programming,Algorithmic Efficiency,Dynamic Programming,",4.7,207.0,Coursera,,
Reproducible Research,Data Science,Data Analysis,"Knitr,Data Analysis,R Programming,Markup Language,",4.6,4139.0,Coursera,,
Key Concepts in Organizational DE&I,Business,Leadership and Management,,4.7,21.0,Coursera,,
Introduction to Microsoft Azure Cloud Services,Information Technology,Cloud Computing,"Microsoft Azure,Cloud Computing,",4.6,1533.0,Coursera,,
Mathematics for Engineers: The Capstone Course,Math and Logic,Math and Logic,,4.9,11.0,Coursera,,
市场营销概论 (中文版）,Business,Business Strategy,,4.8,232.0,Coursera,,
Procurement & Sourcing Introduction,Business,Leadership and Management,,4.7,1094.0,Coursera,,
Web and Mobile Testing with Selenium,Computer Science,Software Development,,3.6,12.0,Coursera,,
Introduction to HTML5,Computer Science,Mobile and Web Development,"Web Design,Web Accessibility,HTML,Html5,",4.7,26753.0,Coursera,,
Fundamental Neuroscience for Neuroimaging,Health,Basic Science,,4.7,2007.0,Coursera,,
C Programming: Modular Programming and Memory Management - 3,Computer Science,Software Development,"Computer Programming,C Programming,",4.6,31.0,Coursera,,
C for Everyone: Structured Programming,Computer Science,Software Development,,4.6,650.0,Coursera,,
Supervised Machine Learning: Regression,Data Science,Machine Learning,"Regression Analysis,Supervised Learning,Linear Regression,Ridge Regression,Machine Learning (ML) Algorithms,",4.7,374.0,Coursera,,
Digital Signal Processing 2: Filtering,Physical Science and Engineering,Electrical Engineering,,4.7,157.0,Coursera,,
Planning a Patient Safety or Quality Improvement Project (Patient Safety III),Health,Healthcare Management,"Project Management,Design Thinking,Quality Improvement,",4.7,143.0,Coursera,,
Investment Strategies and Portfolio Analysis,Business,Finance,,4.2,258.0,Coursera,,
Key Success Factors in Supply Chain Finance,Business,Finance,"Marketing Supply Chain Finance Services,Designing a Supply Chain Finance Program,",4.7,67.0,Coursera,,
Learn Mandarin Chinese: Capstone Project,Language Learning,Other Languages,,4.7,270.0,Coursera,,
"Spanish Vocabulary: Sports, Travel, and the Home",Language Learning,Other Languages,,4.7,266.0,Coursera,,
Advanced Deep Learning Methods for Healthcare,Data Science,Machine Learning,"Graphs,Unsupervised Learning,Autoencoder,Deep Learning,",,,Coursera,,
Ethical Leadership Through Giving Voice to Values,Business,Leadership and Management,"Leadership,Business Ethics,Ethical Leadership,",4.7,438.0,Coursera,,
Game Design and Development 2: 2D Platformer,Computer Science,Software Development,"Video Game Development,Unity,Game Design,technology,Game Making,",4.7,88.0,Coursera,,
Battery State-of-Health (SOH) Estimation,Physical Science and Engineering,Electrical Engineering,,4.7,139.0,Coursera,,
沃顿商务基础毕业项目 (中文版),Business,Business Essentials,,,,Coursera,,
Entrepreneurship I: Laying the Foundation,Business,Entrepreneurship,,4.8,1024.0,Coursera,,
Memoir and Personal Essay: Managing Your Relationship with the Reader,Arts and Humanities,Music and Art,,4.3,229.0,Coursera,,
Gestión de marca y producto,Business,Marketing,"Product Management,Marketing,Brand Management,Touchpoint,",4.8,698.0,Coursera,,
Careers in Sustainability,Physical Science and Engineering,Environmental Science and Sustainability,"Spreadsheet,Data Analysis,Sustainability,Presentation,",4.2,19.0,Coursera,,
Principles of fMRI 1,Data Science,Data Analysis,"Statistics,Statistical Analysis,Statistical Model,Preprocessor,",4.6,782.0,Coursera,,
Enterprise Database Migration,Information Technology,Cloud Computing,,4.6,16.0,Coursera,,
Survey Data Collection and Analytics Project (Capstone),Health,Psychology,,,,Coursera,,
Professional Selling: Step 3 - Become a High-Performer,Business,Marketing,"List methods for gaining committment from a prospect,Prepare a detailed sales call plan,Prepare for and address prospect concerns,Present and quantify solutions to a prospect,Explain the process and benefits of following up with a proscpect after a sales call,",,,Coursera,,
"AI Workflow: Machine Learning, Visual Recognition and NLP",Data Science,Machine Learning,"Data Science,Information Engineering,Artificial Intelligence (AI),Machine Learning,Python Programming,",4.4,67.0,Coursera,,
Finding Hidden Messages in DNA (Bioinformatics I),Health,Health Informatics,"Bioinformatics,Bioinformatics Algorithms,Algorithms,Python Programming,",4.3,955.0,Coursera,,
Speaking and Presenting: Poise,Personal Development,Personal Development,"Communication,Poise,Advocacy,Rhythm,",4.6,99.0,Coursera,,
Value-Based Care: Reimbursement Models,Health,Public Health,"Health Education,value-based care,Patient Care,Public Health,Health Care,",4.5,38.0,Coursera,,
"Questions, Present Progressive and Future Tenses",Language Learning,Learning English,,4.9,565.0,Coursera,,
More C++ Programming and Unreal,Computer Science,Software Development,,4.4,26.0,Coursera,,
UX (User Experience) Capstone,Computer Science,Design and Product,"User Research,Adobe Photoshop,User Experience (UX),User Experience Design (UXD),",4.7,50.0,Coursera,,
"Medical Emergencies: Airway, Breathing, and Circulation",Health,Patient Care,,4.8,718.0,Coursera,,
"GIS, Mapping, and Spatial Analysis Capstone",Physical Science and Engineering,Environmental Science and Sustainability,"Geographic Information System (GIS),Cartography,Esri,Mapping,Spatial Analysis,",4.9,266.0,Coursera,,
Accounting for Business Decision Making: Strategy Assessment and Control,Business,Business Essentials,,4.0,105.0,Coursera,,
Building a Toolkit for Your Sales Process,Business,Business Essentials,,4.7,154.0,Coursera,,
Introduction to Integrative Therapies and Healing Practices,Health,Patient Care,"wellbeing,Evidence-Based Practices,patient-centered care,complementary therapies,integrative nursing,",4.7,412.0,Coursera,,
Introduction to Cybersecurity Essentials,Information Technology,Security,"Information Security (INFOSEC),Cyberattacks,Application Security,Cryptography,security,",4.9,286.0,Coursera,,
Privacy Law and HIPAA,Business,Business Essentials,"Permanent Placement,Unfair Labor Practices,Legal Liability,Budget Estimation,",4.5,94.0,Coursera,,
Introducción a la Contabilidad Financiera,Business,Finance,"Financial Accounting,Accounting,Evaluation,Business Analytics,",4.8,1172.0,Coursera,,
Health and Safety of a Home-Based Childcare Center,Social Sciences,Education,"Hiring,safety,Mental Health,Emergency Management,Nutrition,",,,Coursera,,
Introduction to Ableton Live,Arts and Humanities,Music and Art,"Audio Recording,Music Making,File Management,Ableton,MIDI programming,",4.8,1085.0,Coursera,,
The Arduino Platform and C Programming,Computer Science,Software Development,"Arduino,C Programming,Debugging,",4.7,6934.0,Coursera,,
Positive Psychology: Resilience Skills,Health,Psychology,"Gratitude,Plan,Positive Psychology,Communication,Mindfulness,",4.9,1962.0,Coursera,,
Hands-on Introduction to Linux Commands and Shell Scripting,Computer Science,Software Development,"Shell Script,Bash (Unix Shell),Linux,",4.6,674.0,Coursera,,
Procurement Negotiation,Business,Leadership and Management,,4.7,151.0,Coursera,,
Financial Accounting: Foundations,Business,Finance,"Financial Accounting,Accounting,Accrual,Financial Statement,",4.7,4256.0,Coursera,,
Social Media and Social Content Strategy,Business,Marketing,"Choose social media platforms and tools,Set up a social media experience for a business,Share and promote social content,Build and sustain a social media community,Plan a social media advertising strategy,",4.5,31.0,Coursera,,
Business Strategy in Practice (Project-centered Course),Business,Business Strategy,"Strategic Analysis,Strategic Management,Business Strategy,Competitiveness,",4.6,168.0,Coursera,,
Qualitative Research Design,Health,Health Informatics,,4.8,86.0,Coursera,,
Machine Learning With Big Data,Data Science,Machine Learning,"Machine Learning Concepts,Knime,Machine Learning,Apache Spark,",4.6,2427.0,Coursera,,
U.S. Federal Taxation Capstone,Business,Business Essentials,,4.8,28.0,Coursera,,
Data Structures and Performance,Computer Science,Algorithms,"Trees (Data Structures),Data Structure,Linked List,Binary Tree,",4.8,2189.0,Coursera,,
Essentials of Management and Strategic Planning,Business,Leadership and Management,"Training And Development,Strategic Planning,Setting Objectives,Leadership Style,",4.7,66.0,Coursera,,
Natural Language Processing in Microsoft Azure,Data Science,Machine Learning,"Artificial Intelligence (AI),Microsoft Azure,Natural Language Processing,",4.7,59.0,Coursera,,
Interacting with the System and Managing Memory,Computer Science,Software Development,,4.4,154.0,Coursera,,
Bioinformatic Methods I,Health,Health Informatics,"Genetic Analysis,Bioinformatics Analysis,Evolution,Comparative Genomics,",4.7,1634.0,Coursera,,
The Fundamentals of Revenue Management: The Cornerstone of Revenue Strategy,Business,Business Strategy,"Pricing,Revenue Management,Forecasting,Segmentation Analysis,",4.6,979.0,Coursera,,
The Newborn Assessment,Health,Public Health,,4.9,258.0,Coursera,,
Medical Technology and Evaluation,Business,Finance,,4.5,275.0,Coursera,,
Present with Purpose: Create/Deliver Effective Presentations,Personal Development,Personal Development,"Creative Skills,Presentation Skills,Soft skills,Communication,Powerpoint Skills,",4.7,37.0,Coursera,,
Foundations of Public Health Practice: Health Protection,Health,Public Health,,4.9,87.0,Coursera,,
Service-Oriented Architecture,Computer Science,Software Development,"Web Service,Microservices,Representational State Transfer (REST),Service-Oriented Architecture,",4.5,532.0,Coursera,,
Sample-based Learning Methods,Data Science,Machine Learning,"Artificial Intelligence (AI),Machine Learning,Reinforcement Learning,Function Approximation,Intelligent Systems,",4.8,1165.0,Coursera,,
"Diversity, Equity, and Inclusion Applications for Executives",Business,Leadership and Management,"Business Psychology,Organization Development,Business Strategy,Leadership And Management,Leadership Development,",,,Coursera,,
Guided Imagery,Health,Research,"wellbeing,symptom management,healthcare,Stress Management,Pain Management,",4.8,185.0,Coursera,,
International Hospitality & Healthcare Services Marketing,Business,Marketing,"Variable Pricing,Marketing,Hospital Management,Hotel Management,",4.7,463.0,Coursera,,
Inferential Statistical Analysis with Python,Data Science,Data Analysis,"Confidence Interval,Python Programming,Statistical Inference,Statistical Hypothesis Testing,",4.6,849.0,Coursera,,
Business English: Finance and Economics,Language Learning,Learning English,"Win-Win Game,Business Communication,Finance,Leadership,Negotiation,",4.7,584.0,Coursera,,
Leadership Communication for Maximum Impact: Storytelling,Business,Leadership and Management,"Communication,Leadership,Innovation,Crisis Management,",4.5,1060.0,Coursera,,
Digital Fashion Mindset,Business,Business Strategy,"Digital Transformation in Fashion,Digitalization in Fashion,Digital Collaboration,Sustainable Fashion Production,On-Demand Fashion Design,",4.6,52.0,Coursera,,
Value-Based Care: Population Health,Health,Healthcare Management,"Health Education,value-based healthcare,Public Health,Health Care,Population Health,",4.7,40.0,Coursera,,
Pain Management: Easing Pain in Palliative Care,Health,Patient Care,,4.8,163.0,Coursera,,
Methods and Statistics in Social Science - Final Research Project,Health,Psychology,,4.4,59.0,Coursera,,
Strategic Leadership and Management Capstone,Business,Leadership and Management,"Strategic Management,Leadership,Management,Business Strategy,",4.8,234.0,Coursera,,
UX Design Fundamentals,Arts and Humanities,Music and Art,"Adobe XD,Adobe Illustrator,InVision,Marvel,Adobe Indesign,",4.8,1972.0,Coursera,,
Public Health in Humanitarian Crises 1,Social Sciences,Governance and Society,"Nutrition,International Law,Humanitarian,Public Health,",4.8,515.0,Coursera,,
"Spring MVC, Spring Boot  and Rest Controllers",Computer Science,Software Development,"Spring Framework,Restful services,Java Programming,Spring Boot,",4.2,123.0,Coursera,,
Machine Learning for Accounting with Python,Data Science,Machine Learning,"Text Analysis,Basic Time Series Analysis,Machine Learning Model Evaluation and Optimization,Python Programming,Machine Learning Modeling,",4.6,37.0,Coursera,,
Pharmaceutical and Medical Device Innovations,Business,Finance,,4.5,689.0,Coursera,,
Psychosocial and Spiritual Aspects of Palliative Care,Health,Patient Care,,4.9,83.0,Coursera,,
UX Design: From Concept to Prototype,Computer Science,Design and Product,,4.8,256.0,Coursera,,
U.S. Bond Investing Basics,Business,Finance,"Interest Rate,municipal bonds,Corporate Bond,bond analysis,Credit Rating,",4.6,33.0,Coursera,,
Fundamentals of Red Hat Enterprise Linux,Information Technology,Support and Operations,,4.8,746.0,Coursera,,
The Fundamentals of Computing Capstone Exam,Computer Science,Software Development,"Binary Tree,Algorithm Design,Python Programming,Graphs,Computer Programming,",4.8,113.0,Coursera,,
Preparing for the AZ-900 Microsoft Azure Fundamentals Exam,Information Technology,Cloud Computing,"Test Preparation,Microsoft Azure,",4.7,299.0,Coursera,,
Data Analytics in Accounting Capstone,Data Science,Data Analysis,"Data Analysis,Python Programming,Machine Learning,Data Visualization (DataViz),",,,Coursera,,
The Future of Payment Technologies,Business,Finance,"processing payments,Payment Processing,payment technology,Value Propositions,Payment Systems,",4.7,1425.0,Coursera,,
Automation Techniques in RPA,Computer Science,Software Development,"Screen Scraping,email automation,Data Scraping,Workbook Automation,Excel Automation,",4.6,22.0,Coursera,,
The Digital Marketing Revolution,Business,Marketing,,4.7,1417.0,Coursera,,
Hypothesis-Driven Development,Computer Science,Design and Product,"Usability Testing,Continuous Delivery,hypothesis-driven development,Lean Startup,",4.7,933.0,Coursera,,
Music Production Capstone,Arts and Humanities,Music and Art,"Music,Music production,music editing,Music mixing,",4.8,105.0,Coursera,,
"Immunology: Autoimmunity, Allergy, and Transplants",Health,Basic Science,"Tumour immunity,Autoimmunity,Allergy/asthma,Infectious Diseases,Immunology,",,,Coursera,,
Chinese for HSK 2,Language Learning,Other Languages,,4.6,810.0,Coursera,,
Linear Regression in R for Public Health,Health,Public Health,"Correlation And Dependence,Linear Regression,R Programming,",4.8,456.0,Coursera,,
R Programming,Data Science,Data Analysis,"Data Analysis,Debugging,R Programming,Rstudio,",4.5,22012.0,Coursera,,
Applying Data Analytics in Accounting,Business,Business Strategy,"Natural Language Processing,robotic process automation,Analytics,Data Analysis,Accounting Analytics,",4.9,19.0,Coursera,,
Motion Planning for Self-Driving Cars,Computer Science,Software Development,,4.8,441.0,Coursera,,
Electric Power Systems,Physical Science and Engineering,Electrical Engineering,,4.7,7146.0,Coursera,,
Comparative Health Systems,Health,Public Health,"organizational strategy,Health system analysis,World Health Organization analysis,Organizational Behavior,",4.6,69.0,Coursera,,
What is news?,Arts and Humanities,Music and Art,,4.7,1093.0,Coursera,,
Enterprise System Management and Security,Information Technology,Security,"Subnetwork,Cybersecurity,Information Security (INFOSEC),Enterprise System,",4.7,588.0,Coursera,,
Google Calendar en Español,Information Technology,Cloud Computing,,4.7,23.0,Coursera,,
Introduction to battery-management systems,Physical Science and Engineering,Electrical Engineering,"Understand the requirements of a battery-management system,Understand how lithium-ion battery cells work,",4.7,1935.0,Coursera,,
"Cloud Computing Law: Law Enforcement, Competition, & Tax",Social Sciences,Law,"Competition Law,Cloud Services,Law Enforcement Access,Tax,Cloud Computing,",4.7,11.0,Coursera,,
"Pressure, Force, Motion, and Humidity Sensors",Physical Science and Engineering,Electrical Engineering,"Analog hardware,Pressure and force sensors,Sensor architecture,PSoc Programming,Circuit Design,",4.7,220.0,Coursera,,
Strategic Planning and Execution,Business,Business Strategy,"Strategy Implementation,Strategy Formulation,Business Strategy,Business hypothesis testing,",4.7,640.0,Coursera,,
"C++ For C Programmers, Part B",Computer Science,Software Development,"Graph Theory,C++11,Standard Template Library,C++,",4.5,301.0,Coursera,,
Drug Development,Health,Research,"Clinical Research,Drug Development,Clinical Trial Design,Clinical Development,",4.7,2125.0,Coursera,,
CAM and Design Manufacturing for Mechanical Engineers with Autodesk Fusion 360,Physical Science and Engineering,Mechanical Engineering,"Computer-Aided Design (CAD),Computer-Aided Manufacturing,Design for manufacturing,CAM,Mechanical Engineering,",4.8,555.0,Coursera,,
The Construction Industry: The Way Forward,Business,Leadership and Management,,4.7,229.0,Coursera,,
The Structured Query Language (SQL),Data Science,Data Analysis,"Data Science,Database (DBMS),Database Application,SQL (Structured Query Language),database administration,",4.7,409.0,Coursera,,
Leading Teams: Developing as a Leader,Business,Leadership and Management,"self-awareness,Ethical decision-making,Defining Leadership,Trust in relationships,Leadership Development,",4.8,5427.0,Coursera,,
"Be a Leader, Develop a Leader",Business,Leadership and Management,,4.7,45.0,Coursera,,
Python for Genomic Data Science,Data Science,Data Analysis,"Bioinformatics,Biopython,Python Programming,Genomics,",4.3,1580.0,Coursera,,
Interactivity with JavaScript,Computer Science,Mobile and Web Development,"Document Object Model (DOM),JavaScript,Web Development,",4.7,7039.0,Coursera,,
International Business Environment,Business,Business Essentials,,4.8,352.0,Coursera,,
Data Science Fundamentals for Data Analysts,Data Science,Probability and Statistics,"Data Science,Data Analysis,Machine Learning,",4.2,40.0,Coursera,,
Low Poly Art For Video Games,Arts and Humanities,Music and Art,,4.2,39.0,Coursera,,
Sustainability Challenges for the Planet and Employers,Physical Science and Engineering,Environmental Science and Sustainability,"Business Communication,Professional Development,Problem Solving,Sustainability,",,,Coursera,,
Data Science Capstone,Data Science,Data Analysis,"Data Science,Machine Learning,R Programming,Natural Language Processing,",4.5,1210.0,Coursera,,
Algorithmic Thinking (Part 1),Computer Science,Software Development,"Graph Theory,Algorithms,Python Programming,Graph Algorithms,",4.6,356.0,Coursera,,
Science and Engineering of Climate Change,Physical Science and Engineering,Environmental Science and Sustainability,,4.8,139.0,Coursera,,
Effective Problem-Solving and Decision-Making,Business,Business Essentials,"Decision Theory,analysis,Decision-Making,Problem Solving,Critical Thinking,",4.5,5682.0,Coursera,,
"Capstone MOOC for ""Android App Development""",Computer Science,Mobile and Web Development,,4.2,48.0,Coursera,,
Data Visualization in R with ggplot2,Data Science,Data Analysis,,4.9,98.0,Coursera,,
Programación y presupuesto del proyecto,Business,Leadership and Management,"Microsoft Project,Cost,Management,Project Planning,",4.8,1541.0,Coursera,,
Habilidades gerenciales: Proyecto final,Personal Development,Personal Development,,4.8,252.0,Coursera,,
Introduction to NoSQL Databases,Information Technology,Data Management,"Mongodb,NoSQL,Cloud Database,Cloudant,Cassandra,",4.6,161.0,Coursera,,
Google Chat,Information Technology,Cloud Computing,"Communication,Spreadsheet Software,Collaboration,",,,Coursera,,
Future Development in Supply Chain Finance and Blockchain Technology,Business,Finance,"Financial Innovation,Blockchain Implementation in Supply Chain Finance,APIs for Trade Finance,Managing Accounts Receivable and Accounts Payable with Blockchain,",4.4,90.0,Coursera,,
Quantitative Research,Business,Marketing,"Sales And Operations Planning,Market Research,Sample Mean And Covariance,basic statistics,sampling statistics,",4.4,278.0,Coursera,,
3-Axis Machining with Autodesk Fusion 360,Physical Science and Engineering,Mechanical Engineering,"Manufacturing Process Management,Computer-Aided Design (CAD),Computer-Aided Manufacturing,Autodesk Fusion 360,Mechanical Engineering,",4.9,183.0,Coursera,,
Natural Gas,Physical Science and Engineering,Electrical Engineering,,4.7,2216.0,Coursera,,
Infonomics I: Business Information Economics and Data Monetization,Business,Business Essentials,"strategy,Accounting,Data Analysis,Big Data,Innovation,",4.6,89.0,Coursera,,
Introduction to Mechanical Engineering Design and Manufacturing with Fusion 360,Physical Science and Engineering,Mechanical Engineering,"Autodesk,Manufacturing Process Management,Engineering,Fusion 360,Mechanical Engineering,",4.8,3562.0,Coursera,,
"Emergency Care: Pregnancy, Infants, and Children",Health,Patient Care,"infant,ingestion,listening,emergency,",4.8,273.0,Coursera,,
Probabilistic Graphical Models 2: Inference,Data Science,Machine Learning,"Inference,Gibbs Sampling,Markov Chain Monte Carlo (MCMC),Belief Propagation,",4.6,479.0,Coursera,,
"Applied Plotting, Charting & Data Representation in Python",Data Science,Data Analysis,"Python Programming,Data Virtualization,Data Visualization (DataViz),Matplotlib,",4.5,6148.0,Coursera,,
Songwriting: Writing the Lyrics,Arts and Humanities,Music and Art,"Music,Music recording,Poetry,Songwriting,",4.8,822.0,Coursera,,
Six Sigma Tools for Analyze,Business,Business Essentials,"Statistics,Binomial Distribution,Data Analysis,Causality,",4.7,1681.0,Coursera,,
Python Data Visualization,Computer Science,Software Development,,4.6,533.0,Coursera,,
Health Impacts of Chemicals in Consumer Products,Health,Public Health,"Motivation,Performance,disease,Flow Network,",,,Coursera,,
"App Deployment, Debugging, and Performance",Computer Science,Software Development,"Application Deployment,Debugging,Google Cloud,Cloud Computing,Execution Environments,",4.6,1141.0,Coursera,,
Six Sigma Tools for Improve and Control,Business,Business Essentials,,4.7,1056.0,Coursera,,
Decentralized Finance (DeFi) Opportunities and Risks,Business,Finance,"Understanding smart contract risk,Different approaches to custody,Ethereum 2.0 approaches to scaling,Mechanics and risks of decentralized exchange,Assessing regulatory risk,",4.9,219.0,Coursera,,
Business Analytics for Decision Making,Data Science,Data Analysis,"Data Analysis,Simulation,Business Analytics,Mathematical Optimization,",4.6,1762.0,Coursera,,
Additive Manufacturing,Business,Business Strategy,,4.6,46.0,Coursera,,
What is Palliative Care?,Health,Patient Care,,4.8,264.0,Coursera,,
"Build, Train, and Deploy ML Pipelines using BERT",Data Science,Machine Learning,"ML Pipelines and MLOps,Model Training and Deployment with BERT,Model Debugging and Evaluation,Feature engineering and feature store,Artifact and lineage tracking,",4.5,127.0,Coursera,,
Data Visualization with R,Data Science,Data Analysis,"Data Science,Data Analysis,Data Visualization (DataViz),R Programming,",4.6,146.0,Coursera,,
Road to the CISO – Culminating Project Course,Information Technology,Security,"Cyber-Security Regulation,Cybersecurity Staffing,Risk Management,Contingency Plan,Cybersecurity Governance,",5.0,15.0,Coursera,,
Organizational Leadership Capstone,Business,Leadership and Management,,4.7,86.0,Coursera,,
Think Again IV: How to Avoid Fallacies,Arts and Humanities,Philosophy,,4.7,290.0,Coursera,,
"Data Collection: Online, Telephone and Face-to-face",Health,Psychology,,4.6,316.0,Coursera,,
Conflict Management Project,Personal Development,Personal Development,,4.7,99.0,Coursera,,
Value-Based Care: Managing Processes to Improve Outcomes,Health,Patient Care,"Health Education,value-based healthcare,Patient Care,Public Health,Office Processes,",4.7,36.0,Coursera,,
Developing Innovative Ideas for Product Leaders,Business,Leadership and Management,"Market Analysis,Ideation,Entrepreneurship,Innovation,Competitive Analysis,",4.4,92.0,Coursera,,
Operational Risk Management: Frameworks & Strategies,Business,Finance,"Understand Operational Risk Key Risk Indicators (KRIs),Understand Operational Risk Scenario Analysis,Calculate Operational Risk Capital,",4.6,103.0,Coursera,,
Branding and Customer Experience,Business,Marketing,"Employment,Leadership,Management,Customer Experience,",4.6,421.0,Coursera,,
Guitar Performance Techniques,Arts and Humanities,Music and Art,"Music,Ear Training,Performance Techniques,Guitar chords,Guitar,",4.5,44.0,Coursera,,
Business English: Marketing and Sales,Language Learning,Learning English,,4.7,652.0,Coursera,,
财务会计概论（中文版）,Business,Business Strategy,,4.9,81.0,Coursera,,
"Capstone: Retrieving, Processing, and Visualizing Data with Python",Data Science,Data Analysis,"Data Analysis,Python Programming,Database (DBMS),Data Visualization (DataViz),",4.7,13055.0,Coursera,,
Demand Analytics,Business,Business Essentials,"Model Selection Validation Improvement,Regression Analysis,Demand Planning and Forecasting,Data Visualization (DataViz),Marketing Analytics,",4.5,243.0,Coursera,,
Getting a Consulting Job,Business,Business Strategy,"Management Consulting,Case interview,interviewing,Consulting,Project Management,",4.7,47.0,Coursera,,
Hôtel “De l'étoile” - a hotel in crisis?,Business,Business Strategy,,4.6,88.0,Coursera,,
Windows Server Management and Security,Information Technology,Security,,4.7,595.0,Coursera,,
Introduction to Parallel Programming with CUDA,Computer Science,Software Development,"Cuda,Algorithms,C/C++,GPU,Nvidia,",,,Coursera,,
Digital Leadership and Digital Strategy Execution,Business,Marketing,"Strategic Thinking,Strategy Execution,Digital Leadership,Communicating Results,Customer Experience (CX) Design,",4.5,42.0,Coursera,,
Client Needs and Software Requirements,Computer Science,Design and Product,"Agile Software Development,User Story,Software Requirements,Use Case,",4.8,3026.0,Coursera,,
Portfolio and Risk Management,Business,Finance,"Portfolio Theories,Risk Management,Value At Risk (VAR),Portfolio Optimization,",4.7,2288.0,Coursera,,
Creative Writing: The Craft of Setting and Description,Arts and Humanities,Music and Art,,4.7,1305.0,Coursera,,
Digital Thread: Components,Physical Science and Engineering,Mechanical Engineering,,4.6,783.0,Coursera,,
Google Cloud Big Data and Machine Learning Fundamentals 日本語版,Data Science,Machine Learning,"Tensorflow,Bigquery,Google Cloud Platform,Cloud Computing,",4.5,230.0,Coursera,,
Text Retrieval and Search Engines,Data Science,Data Analysis,"Information Retrieval (IR),Document Retrieval,Machine Learning,Recommender Systems,",4.5,930.0,Coursera,,
Using Machine Learning in Trading and Finance,Data Science,Machine Learning,"Algorithmic Trading,Python Programming,Machine Learning,",4.0,325.0,Coursera,,
Global Trends for Business and Society,Social Sciences,Governance and Society,"Global Financial Crisis,Trend Analysis,Economy,Trading,Strategic Management,",4.8,872.0,Coursera,,
Leading the Life You Want,Business,Leadership and Management,,4.6,425.0,Coursera,,
Machine Learning in the Enterprise,Data Science,Machine Learning,"Tensorflow,Machine Learning,Cloud Computing,",4.6,1432.0,Coursera,,
The Search for Great Ideas: Harnessing creativity to empower innovation.,Business,Entrepreneurship,,4.5,236.0,Coursera,,
Text Mining and Analytics,Data Science,Data Analysis,"Data Clustering Algorithms,Text Mining,Probabilistic Models,Sentiment Analysis,",4.5,702.0,Coursera,,
"Designing, Running, and Analyzing Experiments",Computer Science,Design and Product,"Experiment,Experimental Design,Statistical Model,R Programming,Statistics,",3.6,573.0,Coursera,,
Flight mechanics - Propulsive balance and energy,Physical Science and Engineering,Physics and Astronomy,,4.8,20.0,Coursera,,
Blockchain and Cryptocurrency Explained,Business,Finance,"Cryptocurrency,decentralization algorithms,consensus algorithms,Blockchain,blockchain as a business solution,",4.7,801.0,Coursera,,
Device-based Models with TensorFlow Lite,Computer Science,Software Development,"TensorFlow Lite,Mathematical Optimization,Machine Learning,Tensorflow,Object Detection,",4.7,575.0,Coursera,,
AI for Medical Prognosis,Data Science,Machine Learning,"Deep Learning,Machine Learning,time-to-event modeling,Random Forest,model tuning,",4.7,729.0,Coursera,,
Organisational design: Know your organisation,Business,Leadership and Management,"Value Chain,Organisational leadership,Organisational alignment,Change planning,",4.9,1358.0,Coursera,,
Surveillance Systems: The Building Blocks,Health,Public Health,"Data Collection,Epidemiology,surveillance,Disease Surveillance,",4.7,444.0,Coursera,,
Clinical Trials Management and Advanced Operations,Health,Public Health,"Ethics,Reproducibility,Meta-Analysis,Compliance,Evidence Synthesis,",4.7,17.0,Coursera,,
Creating a Portfolio,Business,Finance,,4.4,297.0,Coursera,,
C++ Basics: Selection and Iteration,Computer Science,Software Development,"Iteration,Variables,C++,Computer Science,Conditionals,",4.6,578.0,Coursera,,
Decentralized Finance (DeFi) Deep Dive,Business,Finance,"Set Protocol’s tokenization method,Mechanics of Compound and Aave,dYdX’s derivatives implementation,Proficiency with MakerDAO,Constant function Automated Market Makers,",4.9,230.0,Coursera,,
Unsupervised Machine Learning,Data Science,Machine Learning,"Dimensionality Reduction,Unsupervised Learning,Cluster Analysis,K Means Clustering,Principal Component Analysis (PCA),",4.7,181.0,Coursera,,
Strategy Implementation,Business,Business Strategy,"Strategic Management,Strategy Implementation,Performance Management,Strategic Planning,",4.6,874.0,Coursera,,
Modeling Risk and Realities,Business,Business Essentials,"Modeling,Risk,Microsoft Excel,Simulation,",4.6,2159.0,Coursera,,
Immunology: Innate Immune System,Health,Basic Science,"Immunology,Tumour immunity,Autoimmunity,Infectious Diseases,",,,Coursera,,
Introduction to Graph Theory,Computer Science,Algorithms,,4.5,917.0,Coursera,,
Interaction Design Capstone Project,Computer Science,Design and Product,"Usability Testing,User Research,User Experience (UX),User Interface,",4.5,158.0,Coursera,,
Advanced Linear Models for Data Science 2: Statistical Linear Models,Data Science,Probability and Statistics,,4.5,86.0,Coursera,,
Story and Narrative Development for Video Games,Arts and Humanities,Music and Art,"Interactive Storytelling,Video Game Development,Video Game Design,Game Design,",4.7,1144.0,Coursera,,
Securing and Integrating Components of your Application,Computer Science,Software Development,"Application Programming Interfaces (API),Cloud Functions,Identity Management (IDM),Cloud Endpoints,Publish–Subscribe Pattern,",4.6,1311.0,Coursera,,
Algorithms on Strings,Computer Science,Algorithms,"Suffix Tree,Suffix Array,Knuth–Morris–Pratt (KMP) Algorithm,Algorithms On Strings,",4.5,1022.0,Coursera,,
Strategic Thinking,Personal Development,Personal Development,,,,Coursera,,
Ideal Gases,Physical Science and Engineering,Mechanical Engineering,"Mechanical Engineering,Chemistry,Thermodynamics,Gases,",4.5,135.0,Coursera,,
TOEFL Test-Taking Strategies,Language Learning,Learning English,,4.7,95.0,Coursera,,
Developing Your Musicianship,Arts and Humanities,Music and Art,"Aurally identify chords,Piano,Read lead sheets,Aurally identify musical intervals,Read music notation,",4.8,1239.0,Coursera,,
C++ Class Development,Computer Science,Software Development,,4.9,12.0,Coursera,,
Bioinformatics Capstone: Big Data in Biology,Health,Health Informatics,,3.8,24.0,Coursera,,
Business Intelligence and Competitive Analysis,Business,Business Essentials,"Management Consulting,Benchmarking,Data Analysis,Business Intelligence,Competitive Analysis,",4.4,189.0,Coursera,,
What Is Contemporary Art?,Arts and Humanities,Music and Art,"Creativity,Art,History,Museums,Art History,",4.7,1741.0,Coursera,,
Influencing People,Business,Business Essentials,"Leadership,Management,Social Skills,Influencer Marketing,",4.8,3779.0,Coursera,,
Creativity And Entrepreneurship,Business,Leadership and Management,"Rapid Prototyping,Hone observation skills,Presentation Skills,Teambuilding,",4.7,323.0,Coursera,,
Object-Oriented Design,Computer Science,Software Development,"Object-Oriented Design,Object-Oriented Analysis And Design,Unified Modeling Language (UML),",4.7,2152.0,Coursera,,
Advanced Manufacturing Process Analysis,Physical Science and Engineering,Mechanical Engineering,,4.6,1148.0,Coursera,,
Palliative Care Capstone Projects,Health,Patient Care,,4.8,29.0,Coursera,,
"Modern Robotics, Course 6:  Capstone Project, Mobile Manipulation",Physical Science and Engineering,Mechanical Engineering,,4.9,50.0,Coursera,,
C Programming: Language Foundations - 2,Computer Science,Software Development,"Computer Programming,C Programming,",4.6,45.0,Coursera,,
Artificial Intelligence on Microsoft Azure,Information Technology,Cloud Computing,"Artificial Intelligence (AI),Microsoft Azure,",4.6,241.0,Coursera,,
Data Visualization in Excel,Business,Business Essentials,"Microsoft Excel,Data Visualization (DataViz),",4.9,856.0,Coursera,,
Web Design for Everybody Capstone,Computer Science,Mobile and Web Development,"Web Design,HTML,JavaScript,Cascading Style Sheets (CSS),",4.8,1520.0,Coursera,,
Think Again II: How to Reason Deductively,Arts and Humanities,Philosophy,,4.3,361.0,Coursera,,
How To Land the Job You Want (Capstone Project),Business,Business Strategy,,,,Coursera,,
Mastering Data Analysis in Excel,Data Science,Data Analysis,"Binary Classification,Data Analysis,Microsoft Excel,Linear Regression,",4.2,3883.0,Coursera,,
Consulting Approach to Problem Solving,Business,Business Strategy,"Management Consulting,Problem Solving,Data Analysis,Consulting,Lean Six Sigma,",4.8,28.0,Coursera,,
Linux Kernel Programming and Introduction to Yocto Project,Computer Science,Software Development,"Shell Script,C Programming,Linux,Embedded Systems,",,,Coursera,,
Battery State-of-Charge (SOC) Estimation,Physical Science and Engineering,Electrical Engineering,,4.7,222.0,Coursera,,
Vowels of American English Pronunciation,Language Learning,Learning English,,4.9,185.0,Coursera,,
Adjectives and Adjective Clauses,Language Learning,Learning English,"Apposition,Grammar,English Language,Adjective,",4.8,1174.0,Coursera,,
Interactivity with JavaScript and jQuery,Computer Science,Mobile and Web Development,,4.8,39.0,Coursera,,
"Country Level Economics: Policies, Institutions, and Macroeconomic Performance",Business,Finance,,4.5,713.0,Coursera,,
Transacting on the Blockchain,Business,Business Strategy,,4.8,880.0,Coursera,,
Trading Algorithms,Business,Finance,"Trading Strategy,Post-Earnings-Announcement Drift (PEAD),F1 Score,Trading,",4.6,1047.0,Coursera,,
Supply Chain Finance Market and Fintech Ecosystem,Business,Finance,"Marketing Supply Chain Finance Services,Risk Management of Supply Chain Finance,",4.5,64.0,Coursera,,
Perfect Tenses and Modals,Language Learning,Learning English,"English Grammar,Grammar,Perfect Tenses,Writing,",4.8,3694.0,Coursera,,
Supporting Parents of a Newborn Baby,Health,Patient Care,,4.9,168.0,Coursera,,
The Analyze Phase for the 6 σ Black Belt,Business,Business Essentials,,4.0,15.0,Coursera,,
"UX Research at Scale: Surveys, Analytics, Online Testing",Computer Science,Design and Product,,4.4,170.0,Coursera,,
Communication in the 21st Century Workplace,Business,Business Essentials,"Business Communication,Communication,Communications Management,",4.5,3046.0,Coursera,,
International and Cross-Cultural Negotiation,Business,Leadership and Management,,4.7,515.0,Coursera,,
The Economics of Health Care Delivery,Health,Healthcare Management,,4.8,595.0,Coursera,,
Principles of UX/UI Design,Computer Science,Mobile and Web Development,"Web Design,Front-End Web Development,User Experience (UX),Accessibility,",4.7,231.0,Coursera,,
Electronic Music Performance Techniques,Arts and Humanities,Music and Art,"Electronic Digital Instrument,Live Looping,Music,Performance Technique,Music Arrangement,",4.2,26.0,Coursera,,
Basic Statistics,Data Science,Probability and Statistics,"Statistics,Confidence Interval,Statistical Hypothesis Testing,R Programming,",4.6,4285.0,Coursera,,
Visual Perception,Computer Science,Algorithms,"Image Segmentation,Artificial Neural Network,apperance matching,Tracking,Computer Vision,",4.8,12.0,Coursera,,
Capstone - Launch Your Own Business!,Business,Entrepreneurship,,4.9,110.0,Coursera,,
Fashion Design,Business,Business Strategy,"Trend Analysis,ethical design and production,Collaboration,Innovation,design technique,",4.6,158.0,Coursera,,
Software Security,Computer Science,Computer Security and Networks,"Fuzz Testing,Buffer Overflow,Sql Injection,Penetration Test,",4.6,1599.0,Coursera,,
Java Class Library,Computer Science,Software Development,"Recursively Enumerable Set,Iterator,Linearity,Arrays,",4.7,113.0,Coursera,,
"C++ For C Programmers, Part A",Computer Science,Software Development,"Graph Theory,C++11,C++,Graph Algorithms,",4.4,2218.0,Coursera,,
Usable Security,Computer Science,Computer Security and Networks,"Cybersecurity,Usability,Privacy,User Interface,",4.6,3246.0,Coursera,,
Prepare for the EMT Certification Test,Health,Patient Care,,4.6,87.0,Coursera,,
Assessing Cultural Climate,Business,Leadership and Management,,4.8,24.0,Coursera,,
Cloud Computing Foundations,Information Technology,Cloud Computing,"Github,Devops,Cloud Computing,",4.5,193.0,Coursera,,
Google Drive en Español,Information Technology,Cloud Computing,,4.7,27.0,Coursera,,
Interfacing with the Arduino,Physical Science and Engineering,Electrical Engineering,,4.7,3821.0,Coursera,,
Building Products at Global Scale,Computer Science,Software Development,,,,Coursera,,
Advanced Clinical Data Science,Data Science,Data Analysis,,4.8,18.0,Coursera,,
Fundamentals of Immunology: Innate Immunity and B-Cell Function,Health,Basic Science,,4.7,1670.0,Coursera,,
Business English for Cross-cultural Communication,Language Learning,Learning English,,4.7,373.0,Coursera,,
Account Management & Sales Force Design,Business,Leadership and Management,,4.5,223.0,Coursera,,
Reviews & Metrics for Software Improvements,Computer Science,Design and Product,"Software Metric,Agile Software Development,Software Project Management,Software Metrics,",4.7,1590.0,Coursera,,
Building No-Code Apps with AppSheet: Automation,Information Technology,Cloud Computing,,,,Coursera,,
Alternative Approaches to Valuation and Investment,Business,Finance,,4.7,288.0,Coursera,,
Programming Fundamentals,Computer Science,Algorithms,"Algorithms,Programming Language Concepts,Problem Solving,C Programming,",4.7,6564.0,Coursera,,
Business Applications of Hypothesis Testing and Confidence Interval Estimation,Data Science,Data Analysis,"Data Analysis,Microsoft Excel,Statistical Hypothesis Testing,",4.8,1264.0,Coursera,,
Online education: The foundations of online teaching,Social Sciences,Education,"Pedagogy,Online Learning Community,Teaching,Learning,Instructional Design,",4.7,147.0,Coursera,,
Advanced Computer Vision with TensorFlow,Data Science,Machine Learning,"Salience,Image Segmentation,Model Interpretability,Class Activation Maps,TensorFlow Object Detection API,",4.8,407.0,Coursera,,
Inspiring and Motivating Individuals,Business,Leadership and Management,"goal setting,Communication,Leadership,Leadership Development,",4.8,5222.0,Coursera,,
Evaluation of Digital Health Interventions,Health,Public Health,,4.7,16.0,Coursera,,
Professional Skills for International Business,Business,Business Essentials,"Delegation,Personal Branding,Leadership,Management,",4.7,877.0,Coursera,,
Resolución de problemas por búsqueda,Computer Science,Algorithms,,4.5,19.0,Coursera,,
Introduction to Market Research,Business,Marketing,"Familiarise with the essentials of market research,Identify and formulate the research needs,Understand the research process,Reflect on the development of the research proposal,",,,Coursera,,
Social Entrepreneurship,Business,Entrepreneurship,,4.7,379.0,Coursera,,
C Programming: Advanced Data Types - 5,Computer Science,Software Development,"Computer Programming,C Programming,",4.4,16.0,Coursera,,
Pricing Strategy in Practice,Business,Marketing,"Competition (Economics),Conjoint Analysis,Pricing Strategies,Executive Presentation,Pricing Economics,",4.7,155.0,Coursera,,
Object-Oriented C++: Inheritance and Encapsulation,Computer Science,Software Development,"Object-Oriented Programming (OOP),Polymorphism,C++,Inheritance,Computer Science,",4.8,117.0,Coursera,,
Applied Social Network Analysis in Python,Data Science,Data Analysis,"Graph Theory,Network Analysis,Python Programming,Social Network Analysis,",4.6,2657.0,Coursera,,
Collaborative Foresight: How to Game the Future,Business,Business Essentials,"Creativity,Strategic Planning,Future Forecasting,Gaming,Collaboration,",4.9,202.0,Coursera,,
Introduction to Software Product Management,Computer Science,Design and Product,"Agile Software Development,Software Product Management,Software Project Management,",4.6,7331.0,Coursera,,
Pattern Discovery in Data Mining,Data Science,Data Analysis,"Streams,Sequential Pattern Mining,Data Mining Algorithms,Data Mining,",4.3,314.0,Coursera,,
Introduction to Statistics & Data Analysis in Public Health,Health,Public Health,"Run basic analyses in R,R Programming,Understand common data distributions and types of variables,Formulate a scientific hypothesis,",4.7,1327.0,Coursera,,
Developing Cloud Apps with Node.js and React,Computer Science,Software Development,"Web Development,back-end development,Server-side JavaScript,express,Computer Science,",4.0,211.0,Coursera,,
Global Financial Markets and Instruments,Business,Finance,"Bond Valuation,Financial Markets,Finance,Investment,",4.5,2017.0,Coursera,,
Setting Expectations & Assessing Performance Issues,Business,Leadership and Management,,4.7,562.0,Coursera,,
Managing Cloud-native Applications with Kubernetes,Information Technology,Cloud Computing,"Cloud Platforms,Cloud Applications,Kubernetes,Cloud Computing,",4.7,22.0,Coursera,,
Character Design for Video Games,Arts and Humanities,Music and Art,,4.7,921.0,Coursera,,
AWS Fundamentals: Migrating to the Cloud,Information Technology,Cloud Computing,,4.4,27.0,Coursera,,
Spanish Vocabulary: Cultural Experience,Language Learning,Other Languages,,4.6,536.0,Coursera,,
"Recruiting, Hiring, and Onboarding Employees",Business,Business Essentials,"Onboarding,Recruiting,Human Resources (HR),Recruitment,",4.7,4033.0,Coursera,,
Number Theory and Cryptography,Computer Science,Algorithms,"Number Theory,Cryptography,Modular Exponentiation,",4.5,542.0,Coursera,,
Analysis for Business Systems,Information Technology,Data Management,"Business analysis skills and knowledge,Management,Project management skills and knowledge,",4.8,486.0,Coursera,,
Forecasting Skills: See the Future Before it Happens,Business,Business Essentials,"Foresight,Creativity,Strategic Thinking,Scenario Development,Innovation,",4.9,410.0,Coursera,,
Managing Machine Learning Projects with Google Cloud,Data Science,Machine Learning,,4.6,3589.0,Coursera,,
Exploring and Producing Data for Business Decision Making,Business,Business Essentials,"Data Analysis,Microsoft Excel,Statistical Analysis,Normal Distribution,",4.8,972.0,Coursera,,
"Application of AI, InsurTech, and Real Estate Technology",Business,Finance,,4.6,477.0,Coursera,,
Simulation Skills: This is Your Brain on the Future,Business,Business Essentials,"Foresight,Creativity,Strategic Planning,Simulation,Innovation,",4.8,329.0,Coursera,,
Automating Image Processing,Physical Science and Engineering,Electrical Engineering,"Image Processing,Object Detection,Matlab,video processing,",,,Coursera,,
Plant Bioinformatics,Health,Health Informatics,,4.8,215.0,Coursera,,
Teach English Now! Technology Enriched Teaching,Language Learning,Learning English,"Teaching,English Language,Lesson Plan,Plan,",4.9,1396.0,Coursera,,
AI Workflow: Business Priorities and Data Ingestion,Data Science,Machine Learning,"Data Science,Information Engineering,Artificial Intelligence (AI),Machine Learning,Python Programming,",4.3,147.0,Coursera,,
"Random Models, Nested and Split-plot Designs",Data Science,Probability and Statistics,,4.6,29.0,Coursera,,
Analytical Solutions to Common Healthcare Problems,Health,Health Informatics,,4.5,23.0,Coursera,,
Introduction to Relational Databases (RDBMS),Information Technology,Data Management,"Database (DB) Design,Database Architecture,Postgresql,MySQL,Relational Database Management System (RDBMS),",4.6,342.0,Coursera,,
Algorithms on Graphs,Computer Science,Algorithms,"Graph Theory,Graphs,Graph Algorithms,",4.7,2189.0,Coursera,,
AI in Healthcare Capstone,Health,Health Informatics,,4.7,118.0,Coursera,,
More Introduction to Financial Accounting,Business,Finance,"Financial Accounting,Financial Statement,Accounting,Generally Accepted Accounting Principles,Accounting Terminology,",4.8,496.0,Coursera,,
Building Resilient Streaming Analytics Systems on GCP 日本語版,Information Technology,Cloud Computing,,4.8,18.0,Coursera,,
"Introduction to Trading, Machine Learning & GCP",Data Science,Machine Learning,"Finance,Trading,Investment,Machine Learning applied to Finance,",4.0,780.0,Coursera,,
Physics 102 - Electric Charges and Fields,Physical Science and Engineering,Physics and Astronomy,"Electronic Circuits,Physics,Force Fields,Problem Solving,Electrical Engineering,",4.6,37.0,Coursera,,
"Greedy Algorithms, Minimum Spanning Trees, and Dynamic Programming",Computer Science,Algorithms,"Spanning Tree,Algorithms,Dynamic Programming,Greedy Algorithm,",4.8,1219.0,Coursera,,
Problem Solving with Excel,Data Science,Data Analysis,"Data Analysis,Microsoft Excel,Pivot Table,Data Cleansing,",4.7,5163.0,Coursera,,
FinTech Foundations and Overview,Business,Finance,,4.7,460.0,Coursera,,
"Database Architecture, Scale, and NoSQL with Elasticsearch",Computer Science,Software Development,,4.3,83.0,Coursera,,
Google SEO Capstone Project,Business,Marketing,,4.8,402.0,Coursera,,
企业金融概论（中文版）,Business,Business Strategy,,4.6,49.0,Coursera,,
Oracle SQL Proficiency,Computer Science,Software Development,,4.5,85.0,Coursera,,
Mathematics for Computer Science,Math and Logic,Math and Logic,,4.1,198.0,Coursera,,
English for Effective Business Speaking,Language Learning,Learning English,,4.6,635.0,Coursera,,
Estrategia de precios,Business,Marketing,"Marketing,Pricing Strategies,Business Strategy,Pricing,Strategic Management,",4.8,338.0,Coursera,,
From Brand to Image: Creating High Impact Campaigns That Tell Brand Stories,Business,Marketing,,4.7,221.0,Coursera,,
Cultural intelligence: Become a global citizen,Business,Leadership and Management,,4.7,131.0,Coursera,,
Introduction to Intellectual Property,Social Sciences,Law,"Brand Management,Asset Management,Value Proposition,Intellectual Property,",4.8,824.0,Coursera,,
Guidance to Keep Newborn Babies Safe and Healthy,Health,Public Health,,4.8,200.0,Coursera,,
Teach English Now! Theories of Second Language Acquisition,Social Sciences,Education,,4.9,6381.0,Coursera,,
The GRC Approach to Managing Cybersecurity,Information Technology,Security,"Cybersecurity planning,Cybersecurity performance measurement,Risk identification,Risk treatment,",4.8,209.0,Coursera,,
"GIS Data Formats, Design and Quality",Physical Science and Engineering,Environmental Science and Sustainability,"Spatial Analysis,Analytics,Workflow,Data Management,",4.8,1971.0,Coursera,,
Successful Interviewing,Language Learning,Learning English,,4.6,160.0,Coursera,,
Increasing Real Estate Management Profits: Harnessing Data Analytics,Data Science,Data Analysis,"Data Analysis,Tableau Software,MySQL,SQL,",4.7,239.0,Coursera,,
"Ready, Set, Future! Introduction to Futures Thinking",Business,Business Essentials,"Foresight,Creativity,Strategic Thinking,Innovation,Leadership,",4.8,1021.0,Coursera,,
More C# Programming and Unity,Computer Science,Software Development,,4.8,555.0,Coursera,,
Design of High-Performance Optical Systems,Physical Science and Engineering,Electrical Engineering,,4.7,45.0,Coursera,,
The 3D Printing Revolution,Business,Entrepreneurship,"Materials,Product Development,New Product Development,Human–Computer Interaction,",4.7,1573.0,Coursera,,
Corporate Finance Essentials,Business,Finance,"Corporate Finance,Financial Risk,Evaluation,Investment,",4.8,2335.0,Coursera,,
Web Design: Wireframes to Prototypes,Arts and Humanities,Music and Art,"Sketch,Adobe XD,Adobe Illustrator,HTML/CSS,Balsamiq,",4.8,760.0,Coursera,,
Innovation Strategy: Developing Your Fintech strategy,Business,Business Strategy,,4.6,260.0,Coursera,,
The Critical Role of IT Support Staff in Healthcare,Health,Health Informatics,,4.7,477.0,Coursera,,
Introduction to Blockchain for Financial Services,Computer Science,Computer Security and Networks,"Collaborative Working Environment,Blockchain (Database),Open Collaboration,Access Structure,",4.7,614.0,Coursera,,
Microsoft Azure Cosmos DB,Information Technology,Data Management,"Microsoft Azure,Data Management,Relational Data,Non-relational Data,",4.4,59.0,Coursera,,
Health Care Delivery in Healthcare Organizations,Health,Healthcare Management,"Pharmacy Healthcare Organization Operations,Public Health and Wellness Healthcare Organization Operations,Medical Healthcare Organization Operations,Healthcare Administration,Dental Healthcare Organization Operations,",4.7,108.0,Coursera,,
Wharton Business and Financial Modeling Capstone,Business,Business Essentials,"Summary Statistics,Financial Modeling,Diversification (Finance),Investment,",4.6,460.0,Coursera,,
Big Data Integration and Processing,Data Science,Data Analysis,"Big Data,Mongodb,Splunk,Apache Spark,",4.4,2375.0,Coursera,,
The Language and Tools of Financial Analysis,Business,Finance,"Ratio Analysis,Financial Analysis,Financial Ratio,Balance Sheet,",4.7,1298.0,Coursera,,
AWS Fundamentals: Addressing Security Risk,Information Technology,Cloud Computing,"aws,Information Privacy,Cloud Management,security,Cloud Applications,",4.4,3027.0,Coursera,,
"Creative Design, Prototyping, and Testing",Business,Marketing,"Product Development,Prototyping,Product Management,product design,User Experience (UX),",4.1,44.0,Coursera,,
Modernizing Data Lakes and Data Warehouses with Google Cloud,Information Technology,Cloud Computing,,4.7,2687.0,Coursera,,
Proyecto Final: Diseño y Gestión de Proyectos de Desarrollo,Social Sciences,Governance and Society,"Gestion de Proyectos de Desarrollo,Gestión de riesgos,Análisis e identificación de riesgos,Priorización de riesgos,Planificación estratégica,",4.9,14.0,Coursera,,
Challenges of Leading Individuals in the Tech Industry,Personal Development,Personal Development,"Creating a culture,Sustaining Engagement,Delegation,Transparency,Building Teams,",,,Coursera,,
Introduction to Computer Programming,Computer Science,Software Development,,4.1,789.0,Coursera,,
Salesforce Reporting,Business,Business Essentials,"Data Management,Cloud Integration,Data Security,Automation,Cloud Computing,",4.6,27.0,Coursera,,
Unordered Data Structures,Computer Science,Software Development,,4.7,520.0,Coursera,,
Working with the Media,Business,Marketing,"Press Release,Public Relations,Branding,Influencers,",4.5,21.0,Coursera,,
Mitigating Security Vulnerabilities on Google Cloud,Information Technology,Cloud Computing,,4.7,696.0,Coursera,,
Decision-Making and Scenarios,Business,Business Essentials,"Cash Flow,Financial Statement,Balance Sheet,Investment,",4.6,1684.0,Coursera,,
Building Web Applications in PHP,Computer Science,Mobile and Web Development,"Hypertext Preprocessor (PHP),HTML,Cascading Style Sheets (CSS),",4.7,4076.0,Coursera,,
Firm Level Economics: Markets and Allocations,Business,Finance,"Externality,Economics,Game Theory,Market (Economics),",4.9,1017.0,Coursera,,
Research Methodologies,Business,Marketing,"Collect primary and secondary data,Use qualitative and quantitative research methodologies,Adopt different sampling approaches,Evaluate different data collection approaches,",4.5,22.0,Coursera,,
"C++ Object Basics: Functions, Recursion, and Objects",Computer Science,Software Development,"Functions,Recursion,Objects,C++,Computer Science,",4.8,102.0,Coursera,,
Cybersecurity for Data Science,Information Technology,Security,"Communication,Risk Analysis,Problem Solving,",3.9,12.0,Coursera,,
Reliable Google Cloud Infrastructure: Design and Process,Information Technology,Cloud Computing,"Disaster Recovery,Site Reliability Engineering,Google Cloud Platform,Cloud Computing,",4.7,7124.0,Coursera,,
Acing the Product Management Interview,Computer Science,Design and Product,"Estimation Interview,Data Analysis Interview,Strategy Interview,Behavioral Interview,Product Design Interview,",4.7,94.0,Coursera,,
Sensors and Sensor Circuit Design,Physical Science and Engineering,Electrical Engineering,,4.6,1064.0,Coursera,,
Principles of fMRI 2,Data Science,Data Analysis,,4.7,225.0,Coursera,,
Leadership Principles for Software Engineers,Computer Science,Software Development,"People Management,Business Strategy,Cloud Engineering,Software Engineering,Program Management,",4.5,17.0,Coursera,,
Google Cloud Big Data and Machine Learning Fundamentals,Data Science,Machine Learning,"Tensorflow,Bigquery,Google Cloud Platform,Cloud Computing,",4.6,15528.0,Coursera,,
Google Calendar,Information Technology,Cloud Computing,,4.8,190.0,Coursera,,
"Integrated Marketing Communications: Advertising, Public Relations, Digital Marketing and more",Business,Marketing,"Advertising,Integrated Marketing Communications,Marketing Communications,Marketing,",4.7,2200.0,Coursera,,
Technologies and platforms for Artificial Intelligence,Computer Science,Algorithms,,,,Coursera,,
Implementing a Patient Safety or Quality Improvement Project (Patient Safety V),Health,Healthcare Management,"Risk Management,Project Sustainment,Plan Implementation,",4.8,66.0,Coursera,,
Google Sheets en Español,Information Technology,Cloud Computing,,4.6,13.0,Coursera,,
Design and Conduct of Clinical Trials,Health,Public Health,"Clinical Trial Design,Randomization,Ethics,Masking,",4.8,52.0,Coursera,,
Equivalent Circuit Cell Model Simulation,Physical Science and Engineering,Electrical Engineering,,4.7,489.0,Coursera,,
Corporate Finance II: Financing Investments and Managing Risk,Business,Finance,"Risk Management,Corporate Finance,Mergers And Acquisitions (M&A),Debt,",4.8,815.0,Coursera,,
Data Analysis and Presentation Skills: the PwC Approach Final Project,Data Science,Data Analysis,,4.7,237.0,Coursera,,
Quantitative Methods,Physical Science and Engineering,Research Methods,,4.7,2166.0,Coursera,,
Gmail en Español,Information Technology,Cloud Computing,"File Shortcut,Email,Signature,Confidentiality,",4.8,120.0,Coursera,,
Biases and Portfolio Selection,Business,Finance,"Behavioral Finance,Cognitive Bias,Investment,Behavioral Economics,",4.6,266.0,Coursera,,
Blockchain Transformations of Financial Services,Computer Science,Computer Security and Networks,,4.7,166.0,Coursera,,
First Order Optical System Design,Physical Science and Engineering,Electrical Engineering,,4.3,289.0,Coursera,,
Business Process Management in Healthcare Organizations,Health,Healthcare Management,"Pharmacy Healthcare Organization Operations,Public Health and Wellness Healthcare Organization Operations,Medical Healthcare Organization Operations,Healthcare Administration,Dental Healthcare Organization Operations,",4.6,145.0,Coursera,,
Simulation Analysis for Mechanical Engineers with Autodesk Fusion 360,Physical Science and Engineering,Mechanical Engineering,"Autodesk,Simulation,Fusion 360,Engineering Design,Mechanical Engineering,",4.8,718.0,Coursera,,
TOEFL Reading and Listening Sections Skills Mastery,Language Learning,Learning English,,4.4,306.0,Coursera,,
Health Care Innovation,Health,Healthcare Management,,4.6,267.0,Coursera,,
Completing the Accounting Cycle,Business,Business Essentials,,4.7,69.0,Coursera,,
Dealing With Missing Data,Data Science,Data Analysis,,3.8,125.0,Coursera,,
Game Design and Development 1: 2D Shooter,Computer Science,Software Development,"Video Game Development,Unity,Game Design,technology,Game Making,",4.7,378.0,Coursera,,
Trademark Law,Social Sciences,Law,"Marketing,Brand Management,Strategic Planning,Value Proposition,",4.8,199.0,Coursera,,
Data Pipelines with TensorFlow Data Services,Computer Science,Software Development,"Artificial Neural Network,Tensorflow,Extraction, Transformation And Loading (ETL),Data Pipelines,TensorFlow Datasets,",4.4,465.0,Coursera,,
Blockchain Basics,Computer Science,Software Development,"Ethereum,Cryptography,Blockchains,Bitcoin,",4.6,7274.0,Coursera,,
Essential Linear Algebra for Data Science,Math and Logic,Math and Logic,"Derrivatives,Integrals,Algebra,Matrix Algebra,Numerical Analysis,",4.6,86.0,Coursera,,
Digital Manufacturing & Design,Physical Science and Engineering,Mechanical Engineering,"Artificial Intelligence (AI),Digital Design,Manufacturing Engineer,Industry 4.0,",4.7,3418.0,Coursera,,
Linux and Bash for Data Engineering,Information Technology,Data Management,"Bash (Unix Shell),Database (DBMS),Data Management,Linux,",4.6,55.0,Coursera,,
Risk governance: Manage the risks,Business,Leadership and Management,,4.8,324.0,Coursera,,
The Technology of Music Production,Arts and Humanities,Music and Art,"Audio Production,Audio Recording,Music,Sound Design,Audio Editing,",4.8,986.0,Coursera,,
Business Strategy,Business,Business Strategy,"Strategic Management,Business Model,Strategic Thinking,Business Strategy,",4.8,1803.0,Coursera,,
Predictive Modeling and Transforming Clinical Practice,Health,Health Informatics,,,,Coursera,,
Data Engineering and Machine Learning using Spark,Information Technology,Data Management,,3.9,89.0,Coursera,,
Financial Management Capstone,Business,Finance,"Financial Management,Risk Management,Financial Mismanagement,Financial Aid Management,",4.7,111.0,Coursera,,
IELTS Reading Section Skills Mastery,Language Learning,Learning English,,4.6,246.0,Coursera,,
Creative Artifacts,Computer Science,Design and Product,"Organizational Transformation,Artificial Intelligence (AI),Design Thinking,Applied Creativity,Computational Creativity,",4.7,13.0,Coursera,,
The Foundations of Cybersecurity,Information Technology,Security,"Security vulnerabilities and treatments,Threats to cybersecurity,Cybersecurity terminology,cybersecurity program elements,",4.8,537.0,Coursera,,
"Cameras, Exposure, and Photography",Arts and Humanities,Music and Art,"Confidence,History,Creativity,Photography,",4.8,4959.0,Coursera,,
Introduction to Concurrent Programming with GPUs,Computer Science,Software Development,"Cuda,Python Programming,Thread (Computing),C++,",,,Coursera,,
Content Strategy for Professionals: Ensuring Your Content's Impact,Business,Marketing,,4.6,169.0,Coursera,,
Machine Learning: Clustering & Retrieval,Data Science,Data Analysis,"Data Clustering Algorithms,K-Means Clustering,Machine Learning,K-D Tree,",4.7,2318.0,Coursera,,
Creativity Toolkit II: Creative Collaboration,Business,Entrepreneurship,"Social Skills,People Management,Working with Others,Storytelling,Knowledge of Human Behavior,",4.7,342.0,Coursera,,
Foundational Sustainability Skills & Competencies,Physical Science and Engineering,Environmental Science and Sustainability,"Sustainable Business,Communication,Sustainability,Project Planning,",,,Coursera,,
Distributed Computing with Spark SQL,Data Science,Data Analysis,"Data Science,Apache Spark,Delta Lake,SQL,",4.5,586.0,Coursera,,
Quantum Mechanics,Physical Science and Engineering,Mechanical Engineering,"Mechanical Engineering,Chemistry,Quantum Mechanics,",4.5,664.0,Coursera,,
Photography Capstone Project,Arts and Humanities,Music and Art,"Art,Project,Photography,Writing,",4.8,514.0,Coursera,,
Strategic Sourcing,Business,Leadership and Management,,4.7,195.0,Coursera,,
Survival Analysis in R for Public Health,Health,Public Health,"Understand common ways to choose what predictors go into a regression model,Run and interpret Kaplan-Meier curves in R,Construct a Cox regression model in R,",4.5,289.0,Coursera,,
Blockchain Platforms,Computer Science,Software Development,"Hyperledger,Microsoft Azure,Blockchain Platforms,Grid+,Augur,",4.6,1004.0,Coursera,,
Trauma Emergencies and Care,Health,Patient Care,"Dentures,Foams,Toe,Decontamination,",4.8,413.0,Coursera,,
Supplier Management,Business,Leadership and Management,,4.7,169.0,Coursera,,
Communicating In Groups and Teams,Personal Development,Personal Development,"Using active listening with teams,Getting and giving group feedback,Reacting productively to conflicts,Facilitating group meetings,Maximizing productive team cultures,",,,Coursera,,
Clinical Natural Language Processing,Data Science,Data Analysis,,3.5,20.0,Coursera,,
Adapt your leadership style,Business,Leadership and Management,"Communication,Staff Management,Leadership Development,",4.8,774.0,Coursera,,
The Social and Technical Context of Health Informatics,Health,Health Informatics,"health,Digital Health,Health Informatics,Decision Analysis,Informatics,",4.2,403.0,Coursera,,
The Finance of Climate Change,Business,Finance,"Understand how climate change risk exposure affects corporate decisions and value,Map the financial risks and opportunities of climate change,Understand the instruments investment funds and solutions to finance clean technologies and clean energy,Assess how climate change impacts financial intermediaries and systemic risks,",4.6,50.0,Coursera,,
Securing Linux Systems,Computer Science,Software Development,"Cybersecurity,Information Technology,Linux,",4.5,52.0,Coursera,,
Graphic Design,Business,Business Essentials,"Graphics,Typography,Presentation,Graphic Design,",4.8,2927.0,Coursera,,
Motors and Motor Control Circuits,Physical Science and Engineering,Electrical Engineering,,4.7,1321.0,Coursera,,
Guitar Scales and Chord Progressions,Arts and Humanities,Music and Art,"Tablature,Music notation,Guitar scales,Guitar chords,Guitar,",4.7,369.0,Coursera,,
Communicating Business Analytics Results,Data Science,Data Analysis,,4.5,493.0,Coursera,,
运营管理概论（中文版）,Business,Business Strategy,,4.7,44.0,Coursera,,
Transitions in Care from Survivorship to Hospice,Health,Patient Care,"Survivorship,Spiritual Distress,Hospice,",4.5,12.0,Coursera,,
The Marketing Plan,Business,Marketing,"Marketing Plan,Market Analysis,Planning,Marketing Strategy,",4.6,415.0,Coursera,,
Preventative Healthcare for the Newborn Baby,Health,Patient Care,,4.8,562.0,Coursera,,
Health Data Science Foundation,Data Science,Machine Learning,"Graphs,Unsupervised Learning,Autoencoder,Deep Learning,",,,Coursera,,
Supply Chain Planning,Business,Business Strategy,"Demand Planning,Data Analysis,Supply Chain,constrained forecast,supply planning,",4.4,41.0,Coursera,,
"Compensation, Expenses and Quotas",Business,Leadership and Management,,4.5,31.0,Coursera,,
Writing and Editing: Drafting,Personal Development,Personal Development,"Persuasion,Creativity,Writing,Time management,Editing,",4.8,298.0,Coursera,,
Real-Time Cyber Threat Detection and Mitigation,Computer Science,Computer Security and Networks,,4.7,582.0,Coursera,,
Accounting Analysis I: Measurement and Disclosure of Assets,Business,Business Essentials,,4.8,164.0,Coursera,,
Sales Pitch and Closing,Business,Business Essentials,,4.7,247.0,Coursera,,
New Models of Business in Society,Business,Leadership and Management,"Business Model,Management,Stakeholder Theory,Environmental Economics,Entrepreneurship,",4.7,3943.0,Coursera,,
Leadership Through Social Influence,Business,Leadership and Management,"Communication,Negotiation,Leadership,Communications Management,",4.7,1233.0,Coursera,,
Google Sheets,Information Technology,Cloud Computing,,4.8,206.0,Coursera,,
Palliative Care Always Capstone Course,Health,Patient Care,"Advance Care Planning,patient-centered care,Palliative Care,Psychosocial Support,",4.6,10.0,Coursera,,
Physics 102  - Magnetic Fields and Faraday's Law,Physical Science and Engineering,Physics and Astronomy,"Electronic Circuits,Physics,Force Fields,Problem Solving,Electrical Engineering,",,,Coursera,,
Introduction to FPGA Design for Embedded Systems,Physical Science and Engineering,Electrical Engineering,"Primality Test,Verilog,Digital Design,Static Timing Analysis,",4.6,1074.0,Coursera,,
Business Writing,Business,Business Essentials,"Grammar,Communication,Business Writing,Writing,",4.8,4286.0,Coursera,,
How Computers Work,Computer Science,Computer Security and Networks,,4.6,497.0,Coursera,,
Publishing Visualizations in R with Shiny and flexdashboard,Data Science,Data Analysis,,4.9,51.0,Coursera,,
"Planning, Auditing and Maintaining Enterprise Systems",Information Technology,Security,,4.7,201.0,Coursera,,
TensorFlow on Google Cloud,Data Science,Machine Learning,"Machine Learning,Python Programming,Build Input Data Pipeline,Tensorflow,keras,",4.4,2716.0,Coursera,,
Browser-based Models with TensorFlow.js,Computer Science,Software Development,"Convolutional Neural Network,Machine Learning,Tensorflow,Object Detection,TensorFlow.js,",4.7,910.0,Coursera,,
Introduction to Abnormal Psychology,Health,Psychology,,4.9,226.0,Coursera,,
Systems Biology and Biotechnology Capstone,Physical Science and Engineering,Research Methods,,4.5,11.0,Coursera,,
3D Printing Applications,Business,Entrepreneurship,,4.6,645.0,Coursera,,
FinTech and the Transformation in Financial Services,Business,Leadership and Management,"Open Banking,Financial Technology,Crowdfunding,Peer-To-Peer Lending,",4.3,1104.0,Coursera,,
Bioinformatic Methods II,Health,Health Informatics,,4.7,464.0,Coursera,,
"Dense Gases, Liquids and Solids",Physical Science and Engineering,Mechanical Engineering,"Gases,Solids,Thermodynamics,Liquids,Mechanical Engineering,",4.5,110.0,Coursera,,
Social Computing,Social Sciences,Governance and Society,,4.4,813.0,Coursera,,
Private Cloud Management on IBM Power Systems,Information Technology,Cloud Computing,"IBM PowerVC,infrastructure as a service,Openstack,Cloud Computing,IBM Cloud,",4.9,50.0,Coursera,,
The Data Scientist’s Toolbox,Data Science,Data Analysis,"Data Science,Github,R Programming,Rstudio,",4.6,33604.0,Coursera,,
3D Printing Capstone,Business,Entrepreneurship,,4.4,28.0,Coursera,,
Superbosses: Managing Talent & Leadership,Business,Leadership and Management,"People Development,Influencing,Leadership And Management,Leadership Development,Growth Strategies,",4.9,46.0,Coursera,,
Python Project for AI & Application Development,Computer Science,Software Development,"Artificial Intelligence (AI),Web Application,Python Programming,Application development,Flask,",4.3,319.0,Coursera,,
Creativity Toolkit I: Changing Perspectives,Business,Entrepreneurship,"Emotional Intelligence,Personal Productivity,Adaptibility,Problem Solving,Knowledge of Human Behavior,",4.8,544.0,Coursera,,
Network Security,Information Technology,Security,"Cyberattacks,Network Security,Threat,",4.8,31.0,Coursera,,
Design Principles: an Introduction,Computer Science,Design and Product,"A/B Testing,User Experience (UX),User Experience Design (UXD),User Interface,",4.6,1303.0,Coursera,,
Corporate Finance Essentials II,Business,Finance,"Bonds,Corporate Finance,Dividend Policy,Stocks,Market Efficiency,",4.8,74.0,Coursera,,
What is Social?,Business,Marketing,"Social Marketing,Social Network,Social Media Marketing,Social Media,",4.6,4051.0,Coursera,,
Digital Marketing Analytics in Practice,Data Science,Data Analysis,"Analytics,Digital Marketing,Marketing Analytics,Marketing Performance,",4.5,3247.0,Coursera,,
Accounting Data Analytics with Python,Data Science,Data Analysis,"Python Programming,Data Visualization (DataViz),Linear Regression,SQL,Data Preparation,",4.3,78.0,Coursera,,
Vector Calculus for Engineers,Math and Logic,Math and Logic,,4.8,1269.0,Coursera,,
Control Flow in RPA,Computer Science,Software Development,"Error Handling Approach & Activities,Control Flow Activities,Loops in Studio,Sequences,Flowcharts and Decision Making,",4.8,12.0,Coursera,,
Cloud Machine Learning Engineering and MLOps,Information Technology,Cloud Computing,,4.5,57.0,Coursera,,
Data Visualization Capstone,Data Science,Data Analysis,,5.0,25.0,Coursera,,
Human-Centered Design: an Introduction,Computer Science,Design and Product,"Rapid Prototyping,Storyboarding,Heuristic Evaluation,Paper Prototyping,",4.7,2699.0,Coursera,,
Introduction to Biology: Biodiversity,Physical Science and Engineering,Environmental Science and Sustainability,,,,Coursera,,
"Foundations of Diversity, Equity, and Inclusion",Business,Business Essentials,"Emotional Intelligence,Social Justice,Business Psychology,Cross-Cultural Communication,Critical Thinking,",,,Coursera,,
Structure: Building the Frame for Business Growth,Business,Entrepreneurship,,4.8,139.0,Coursera,,
Digital Fashion Reality,Business,Business Strategy,"Metaverse,Blockchain,Fashion Avatar Creation,Digitalization in Fashion,Phygitalization (Combining Physical + Digital),",4.5,25.0,Coursera,,
"Shortest Paths Revisited, NP-Complete Problems and What To Do About Them",Computer Science,Algorithms,"Data Structure,Algorithms,Np-Completeness,Dynamic Programming,",4.8,788.0,Coursera,,
Construction Cost Estimating and Cost Control,Business,Business Strategy,"Cash Flow,Cost,Cost Control,Cost Estimate,",4.7,1803.0,Coursera,,
Sesenta años de inteligencia artificial,Computer Science,Algorithms,,4.8,360.0,Coursera,,
Securing Investment Returns in the Long Run,Business,Finance,"Investment Management,Sustainability,Finance,Socially Responsible Investing,",4.8,1135.0,Coursera,,
Introduction to Networking and Storage,Information Technology,Networking,"Cloud Storage,Network Troubleshooting,Network Architecture,Networking Hardware,Wireless Networks,",4.7,208.0,Coursera,,
Supply Market Analysis,Business,Leadership and Management,,4.8,95.0,Coursera,,
"Clinical Trials Analysis, Monitoring, and Presentation",Health,Public Health,"Data Analysis,Communication,Sample Size Determination,Monitoring,Research Methods,",4.7,13.0,Coursera,,
Corporate Finance I: Measuring and Promoting Value Creation,Business,Finance,"Corporate Finance,Project,Finance,Mergers And Acquisitions (M&A),",4.7,1077.0,Coursera,,
"DevOps on AWS: Code, Build, and Test",Computer Science,Software Development,"Devops,Test Automation,AWS cloud,",4.6,152.0,Coursera,,
Cluster Analysis in Data Mining,Data Science,Data Analysis,"Cluster Analysis,Data Clustering Algorithms,K-Means Clustering,Hierarchical Clustering,",4.5,400.0,Coursera,,
Entrepreneurship 3: Growth Strategies,Business,Entrepreneurship,"Strategic Management,Growth Strategies,Marketing,Entrepreneurship,",4.8,1368.0,Coursera,,
Mediation and Conflict Resolution,Business,Leadership and Management,,4.7,394.0,Coursera,,
Writing and Editing: Revising,Personal Development,Personal Development,"Persuasion,Creativity,Writing,Time management,Editing,",4.8,314.0,Coursera,,
Game Design and Development 5: Capstone Project,Computer Science,Software Development,"Video Game Development,Unity,Game Design,technology,Game Making,",4.8,28.0,Coursera,,
Introduction to Data Analysis Using Excel,Data Science,Data Analysis,"Lookup Table,Data Analysis,Microsoft Excel,Pivot Table,",4.7,9892.0,Coursera,,
Build Your Professional ePortfolio in English,Language Learning,Learning English,,4.7,1542.0,Coursera,,
Prediction and Control with Function Approximation,Data Science,Machine Learning,"Artificial Intelligence (AI),Machine Learning,Reinforcement Learning,Function Approximation,Intelligent Systems,",4.8,763.0,Coursera,,
Inferential and Predictive Statistics for Business,Business,Business Essentials,"Statistical Inference,Statistical Analysis,Statistical Hypothesis Testing,",4.8,831.0,Coursera,,
Six Sigma Tools for Define and Measure,Business,Business Essentials,,4.6,2246.0,Coursera,,
Genome Assembly Programming Challenge,Computer Science,Algorithms,"Data Structure,Algorithms,Algorithm Design,String (Computer Science),",4.5,311.0,Coursera,,
The Business of Social,Business,Marketing,"Social Marketing,Social Media Marketing,Social Media,A/B Testing,",4.7,781.0,Coursera,,
Managing Big Data in Clusters and Cloud Storage,Data Science,Data Analysis,"Data Management,Distributed File Systems,Cloud Storage,Big Data,SQL,",4.7,285.0,Coursera,,
"Sampling People, Networks and Records",Health,Psychology,,4.4,95.0,Coursera,,
Advanced Competitive Strategy,Business,Business Strategy,"Pricing,Strategic Management,Marketing,Competitiveness,",4.7,849.0,Coursera,,
Digital Thread: Implementation,Physical Science and Engineering,Mechanical Engineering,,4.7,451.0,Coursera,,
Enterprise and Infrastructure Security,Computer Science,Computer Security and Networks,,4.7,554.0,Coursera,,
Guitar Chord Voicings: Playing Up The Neck,Arts and Humanities,Music and Art,"playing guitar,Music,Music notation,Guitar chords,Guitar,",4.7,50.0,Coursera,,
Professional Selling: Step 2 - Prepare Like a High-Performer,Business,Marketing,"Utilize methods for talking with and engaging leads,Strategize to gain qualified leads and referrals,Establish needs and problems that needs solutions for a prospect,Differentiate the traits that make up a good prospect from those of a bad prospect,Track conversion ratios,",,,Coursera,,
Robotics: Capstone,Physical Science and Engineering,Mechanical Engineering,"Python Programming,Robotics,Raspberry Pi,Matlab,",4.6,108.0,Coursera,,
"Planning: Principled, Proposing, Proofing, and Practicing to a Success Plan",Business,Entrepreneurship,,4.6,149.0,Coursera,,
Project Valuation and the Capital Budgeting Process,Business,Leadership and Management,"Project Valuation: NPV IRR and Payback Period,Creating a Compelling Project Business Case,Discounted Cash Flow Analysis,Project Selection Techniques,",5.0,20.0,Coursera,,
Scrum Master Certification: Scaling Agile and the Team-of-Teams,Computer Science,Software Development,,4.5,310.0,Coursera,,
The fundamentals of hotel distribution,Business,Business Strategy,"Hospitality Management,Revenue Management,Hospitality Management Studies,Hotel Management,",4.7,1258.0,Coursera,,
Intercultural Communication and Conflict Resolution,Business,Business Essentials,,4.5,523.0,Coursera,,
Effective Communication Capstone Project,Business,Business Essentials,"Communication Design,Presentation,Communication,Public Speaking,Business Writing,",4.7,123.0,Coursera,,
Cybersecurity Capstone:  Breach Response Case Studies,Information Technology,Security,"security analyst,Cybersecurity,cyber attack,Computer Security Incident Management,Breach (Security Exploit),",4.8,1197.0,Coursera,,
Pixel Art for Video Games,Arts and Humanities,Music and Art,,4.5,206.0,Coursera,,
Accounting Analytics,Business,Finance,"Accounting,Analytics,Earnings Management,Finance,",4.5,2894.0,Coursera,,
Python and Machine-Learning for Asset Management with Alternative Data Sets,Business,Finance,"Advanced vizualisation,Basics of consuption-based alternative data,Text mining methodologies,Web-scritpting tools,",4.4,221.0,Coursera,,
Evaluating Designs with Users,Computer Science,Design and Product,"User Research,human computer interaction,User Experience (UX),User Experience Design (UXD),",4.8,258.0,Coursera,,
Geospatial and Environmental Analysis,Physical Science and Engineering,Environmental Science and Sustainability,,4.8,1165.0,Coursera,,
Agile Analytics,Computer Science,Design and Product,"Software Development,Product Management,Agile Software Development,",4.7,422.0,Coursera,,
Business English: Meetings,Language Learning,Learning English,"Professional,English Language,Meeting,Writing,",4.8,919.0,Coursera,,
Immunology: Immune Failures and Cancer Immunology,Health,Basic Science,"Immunology,Tumour immunity,Autoimmunity,Infectious Diseases,",,,Coursera,,
Conflict Resolution Skills,Business,Business Essentials,"Active Listening,Communication,Management,Collaboration,",4.4,938.0,Coursera,,
The Strategist's Challenge,Business,Leadership and Management,"strategy,Swot Analysis,Value Proposition,Competitiveness,",4.8,38.0,Coursera,,
Gmail,Information Technology,Cloud Computing,,4.8,705.0,Coursera,,
"Basic Data Descriptors, Statistical Distributions, and Application to Business Decisions",Data Science,Data Analysis,"Statistics,Statistical Analysis,Normal Distribution,Poisson Distribution,",4.7,2387.0,Coursera,,
Clinical Trials Data Management and Quality Assurance,Health,Public Health,"Data Management,Statistical Analysis,Clinical Data Management,Data Collection,Monitoring,",4.7,25.0,Coursera,,
Advertising and E-commerce on TikTok,Business,Marketing,"Marketing Plan,Market Analysis,Social Media Marketing,E-Commerce,",,,Coursera,,
Introduction to Biology: Evolution,Physical Science and Engineering,Environmental Science and Sustainability,,4.9,14.0,Coursera,,
IELTS Writing Section Skills Mastery,Language Learning,Learning English,,4.7,785.0,Coursera,,
Fundamentals of Data Visualization,Data Science,Data Analysis,"Evaluation Design,Visualizing data with Altair,User-Centered Design (Create basic visualizations that match data and user needs),Task Analysis (Define elements of a data analysis and/or communication problem),",4.8,17.0,Coursera,,
"Introduction to Software, Programming, and Databases",Computer Science,Software Development,"Software Development Process,database management,IT Fundamentals,Software Application Development,Computer Programming,",4.8,136.0,Coursera,,
Developing Interpersonal Skills,Personal Development,Personal Development,"Listening Skills,People Management,Soft skills,Communication,Organizational Conflict,",4.8,74.0,Coursera,,
Blockchain Business Models,Business,Finance,"Cryptocurrency,Blockchains,Business Model,Disruptive Innovation,Innovation,",4.7,340.0,Coursera,,
Business English: Capstone Project,Language Learning,Learning English,,4.8,142.0,Coursera,,
Web Design: Strategy and Information Architecture,Arts and Humanities,Music and Art,"Adobe Illustrator,Adobe Indesign,Treejack,",4.8,1124.0,Coursera,,
Herramientas de gestión de proyectos de desarrollo,Social Sciences,Governance and Society,"Control de proyecto,Gestión de proyectos,Sostenibilidad,Gestión de Recursos Humanos,Manejo del tiempo,",4.9,41.0,Coursera,,
Inventory Analytics,Business,Business Essentials,"Inventory Control,Data Analysis,Sales And Operations Planning,Supply Chain,",4.5,193.0,Coursera,,
Probabilistic Graphical Models 3: Learning,Data Science,Machine Learning,"Algorithms,Expectation–Maximization (EM) Algorithm,Graphical Model,Markov Random Field,",4.6,297.0,Coursera,,
Patient Safety and Quality Improvement: Developing a Systems View (Patient Safety I),Health,Healthcare Management,"Patient Care,Systems Thinking,Quality Improvement,",4.8,1335.0,Coursera,,
C Programming: Pointers and Memory Management - 4,Computer Science,Software Development,"Computer Programming,C Programming,",4.7,27.0,Coursera,,
Accounting for Mergers and Acquisitions: Foundations,Business,Finance,,,,Coursera,,
Non-Equilibrium Applications of Statistical Thermodynamics,Physical Science and Engineering,Mechanical Engineering,"Gases,Solids,Thermodynamics,Liquids,Mechanical Engineering,",4.4,82.0,Coursera,,
Google Meet and Google Chat en Español,Information Technology,Cloud Computing,"Streams,Retain,Email,Upload,",4.8,12.0,Coursera,,
Administración para obtener resultados,Business,Leadership and Management,,4.9,457.0,Coursera,,
Strategic Innovation: Building and Sustaining Innovative Organizations,Business,Marketing,"Business Model,Innovation,Business Value,Innovation Management,",4.8,1105.0,Coursera,,
Modeling and Design for Mechanical Engineers with Autodesk Fusion 360,Physical Science and Engineering,Mechanical Engineering,"Autodesk,Computer-Aided Design (CAD),Fusion 360,Mechanical Engineering,Modeling,",4.8,1076.0,Coursera,,
Building and Managing Superior Skills,Personal Development,Personal Development,"Self-Assessment,Skills Management,Self-Coaching,Competence (Human Resources),Competitiveness,",4.5,111.0,Coursera,,
Agile Leader Training,Business,Leadership and Management,,4.7,263.0,Coursera,,
Java for Android,Computer Science,Mobile and Web Development,"Logic Programming,Android Studio,Java Programming,Object-Oriented Programming (OOP),",4.5,2998.0,Coursera,,
IS/IT Governance,Information Technology,Support and Operations,"Management,IT Skills and Knowledge,Finance and accounting skills and knowledge,",4.7,576.0,Coursera,,
Leading and Developing Top Talent,Business,Leadership and Management,"Attract and retain a diverse team of employees,Increase collaboration by implementing strategies for team performance,Understand the purpose and importance of developing a team culture,Promote effective communication for both individuals and group members,Ensure accountability to diversity and inclusion efforts for a sense of belonging,",,,Coursera,,
Advanced Topics and Future Trends in Database Technologies,Information Technology,Data Management,"Database (DBMS),Data Warehousing,NoSQL,Big Data,database administration,",4.8,16.0,Coursera,,
Data Manipulation in RPA,Computer Science,Software Development,"Data Manipulation,Uipath,List,Dictionary,rpa,",4.8,37.0,Coursera,,
Digitalisation in Aeronautics,Physical Science and Engineering,Mechanical Engineering,,4.7,138.0,Coursera,,
Essentials of Corporate Finance Capstone,Business,Finance,,4.7,114.0,Coursera,,
The Nuts and Bolts of Public Relations,Business,Marketing,"Press Release,Public Relations,Branding,Influencers,",4.1,12.0,Coursera,,
Digital Media and Marketing Strategies,Business,Marketing,"Digital Marketing,Social Media,Content Marketing,search marketing,Brand Communication,",4.6,2944.0,Coursera,,
UiPath Orchestrator and Capstone Projects,Computer Science,Software Development,"Asset,UiPath Orchestrator,Orchestrator user interface,Queues,",4.9,24.0,Coursera,,
Agile Organization,Business,Leadership and Management,,4.7,155.0,Coursera,,
Speaking and Presenting: Tact,Personal Development,Personal Development,"empathy,Respect,Verbal Dexterity,Good Judgment,",4.7,21.0,Coursera,,
"Using JavaScript, JQuery, and JSON in Django",Computer Science,Mobile and Web Development,"Document Object Model (DOM),Jquery,Many-to-many data modeling,Json,JavaScript,",4.8,255.0,Coursera,,
Leadership Through Marketing,Business,Leadership and Management,"Advertising,Data Analysis,Analytics,Marketing,",4.6,437.0,Coursera,,
Fundamentals of Macroscopic and Microscopic Thermodynamics,Physical Science and Engineering,Mechanical Engineering,"Mechanical Engineering,Chemistry,Fluid Mechanics,Quantum Mechanics,",4.3,234.0,Coursera,,
Investments II: Lessons and Applications for Investors,Business,Finance,"Stock,Financial Markets,Investment Strategy,Investment,",4.8,811.0,Coursera,,
Data Visualization,Data Science,Data Analysis,"Data Visualization Software,Tableau Software,Data Virtualization,Data Visualization (DataViz),",4.5,1337.0,Coursera,,
UI Automation and Selectors,Computer Science,Software Development,"Input Actions Automation,Selectors,Recording in Studio,User Interface Automation,rpa,",4.8,20.0,Coursera,,
Project Management: Life cycle and project planning,Business,Leadership and Management,"Project Planning,Schedule (Project Management),Project Management Triangle,Scope (Project Management),Project Management,",4.9,35.0,Coursera,,
Deep Learning Methods for Healthcare,Data Science,Machine Learning,"Graphs,Unsupervised Learning,Autoencoder,Deep Learning,",,,Coursera,,
Marketing in a Digital World,Business,Marketing,"Digital Marketing,Marketing,Pricing Strategies,Marketing Mix,Product Strategies,",4.7,16749.0,Coursera,,
Database Design and Basic SQL in PostgreSQL,Computer Science,Software Development,,4.8,704.0,Coursera,,
"Python Functions, Files, and Dictionaries",Computer Science,Software Development,,4.8,4980.0,Coursera,,
"Modern Robotics, Course 1:  Foundations of Robot Motion",Physical Science and Engineering,Mechanical Engineering,,4.7,867.0,Coursera,,
Capstone: Creating A Sustainability Proposal,Business,Leadership and Management,,4.9,37.0,Coursera,,
Uncommon Sense Teaching: Teaching Online,Social Sciences,Education,"teaching online,Online Education,online teacher,web-based training,Learning,",5.0,20.0,Coursera,,
Digital Signal Processing 4: Applications,Physical Science and Engineering,Electrical Engineering,,4.7,56.0,Coursera,,
"Programming Foundations with JavaScript, HTML and CSS",Computer Science,Mobile and Web Development,"HTML,JavaScript,Cascading Style Sheets (CSS),Html5,",4.6,14270.0,Coursera,,
Advanced Trading Algorithms,Business,Finance,,4.6,505.0,Coursera,,
Corporate Financial Decision-Making for Value Creation,Business,Finance,,4.7,430.0,Coursera,,
Acupressure,Health,Patient Care,"integrative healthcare,wellbeing,patient-centered care,improved symptom management,evidence-based practice,",4.6,11.0,Coursera,,
Python Data Analysis,Computer Science,Software Development,,4.7,862.0,Coursera,,
Introduction to Digital Marketing,Business,Marketing,"engagement,80/20 Rule of Social Media,Storytelling,Keyword Selection,Review Management,",4.7,53.0,Coursera,,
Fundamentals of Immunology: T Cells and Signaling,Health,Basic Science,,4.8,466.0,Coursera,,
Blockchain Opportunity Analysis for Global Commerce,Business,Business Strategy,,,,Coursera,,
Getting and Cleaning Data,Data Science,Data Analysis,"Data Manipulation,Regular Expression (REGEX),R Programming,Data Cleansing,",4.5,8010.0,Coursera,,
Finance for Non-Financial Professionals,Business,Finance,"Accounting,Financial Ratio,Financial Statement,Finance,",4.6,4341.0,Coursera,,
Data Analysis Using Python,Data Science,Data Analysis,"Data Science,Python Libraries,Python Programming,Data Analysis,Data Visualization (DataViz),",4.6,314.0,Coursera,,
Financial Risk Management with R,Business,Finance,"Risk Analysis,R Programming,Risk Management,Financial Risk,Portfolio (Finance),",4.4,228.0,Coursera,,
An Introduction to Interactive Programming in Python (Part 1),Computer Science,Software Development,"Programming Principles,Python Syntax And Semantics,Computer Programming,Python Programming,",4.8,3208.0,Coursera,,
Market and Competition in Pricing Strategy,Business,Marketing,"Competitor Pricing Models,Pricing Strategies,Pricing to Competition,Price Discrimination,Market Segmentation,",4.9,216.0,Coursera,,
"Android App Components - Intents, Activities, and Broadcast Receivers",Computer Science,Mobile and Web Development,"Computer Programming,Android Studio,Android Software Development,Concurrent Computing,",4.2,775.0,Coursera,,
Procurement Basics,Business,Leadership and Management,,4.7,374.0,Coursera,,
Fundamentals of Marketing Strategy,Business,Marketing,,4.5,31.0,Coursera,,
Computer Simulations,Data Science,Machine Learning,,4.5,74.0,Coursera,,
Leading Through Effective Communication,Personal Development,Personal Development,"Sharing your vision as a leader,Building future leaders,Sending a message with relatability,Making safe spaces to communicate,Assembling a successful team,",,,Coursera,,
Managing Social and Human Capital,Business,Leadership and Management,"Decision-Making,Change Management,Human Resources (HR),",4.6,2425.0,Coursera,,
Community Change in Public Health,Health,Public Health,,4.7,160.0,Coursera,,
Big Data Analysis with Scala and Spark,Computer Science,Algorithms,"Scala Programming,Big Data,Apache Spark,SQL,",4.6,2575.0,Coursera,,
Energy: The Enterprise,Physical Science and Engineering,Electrical Engineering,,4.7,1010.0,Coursera,,
Capstone: Create your own professional journalistic portfolio,Arts and Humanities,Music and Art,,4.7,81.0,Coursera,,
Mastering Programming with MATLAB,Computer Science,Software Development,,4.8,337.0,Coursera,,
Accounting Analysis II: Accounting for Liabilities and Equity,Business,Business Essentials,,4.7,87.0,Coursera,,
Spring Data Repositories,Computer Science,Software Development,"Spring Support for JPA,JPA,Restful services,Spring Data Repositories,Spring Data,",3.8,26.0,Coursera,,
Data Analysis with R,Data Science,Data Analysis,"Data Science,Statistical Analysis,R Programming,Data Analysis,Data Visualization (DataViz),",4.7,196.0,Coursera,,
Preparing for DP-900: Microsoft Azure Data Fundamentals Exam,Information Technology,Data Management,"Test Preparation,Microsoft Azure,",4.7,63.0,Coursera,,
The Music of American English Pronunciation,Language Learning,Learning English,,4.9,135.0,Coursera,,
Qualitative Research Methods,Social Sciences,Governance and Society,,4.6,1226.0,Coursera,,
Advanced Business Analytics Capstone,Data Science,Data Analysis,,4.3,63.0,Coursera,,
Fundamentals of Immunology: Dueling with the Dark Side,Health,Public Health,"Viral,Virus,Immune Deficiency,Viral Strategies,Cancer,",4.8,92.0,Coursera,,
Comportamiento adaptativo,Computer Science,Algorithms,,4.5,16.0,Coursera,,
Digital Competition in Financial Services,Business,Business Strategy,"Financial Services,Digital Strategy,Financial Technology,Business Ecosystem,",4.6,930.0,Coursera,,
The Art & Science of Product Management,Computer Science,Design and Product,"Lead Designers,Lead Engineers,Technical PM Interview,Technical Literacy,AI/ML,",4.4,123.0,Coursera,,
TOEFL Speaking and Writing Sections Skills Mastery,Language Learning,Learning English,,4.4,124.0,Coursera,,
Construction Finance,Business,Business Strategy,"Financial Modeling,Project,Finance,Real Estate,",4.8,960.0,Coursera,,
SEL Capstone,Social Sciences,Education,"SEL in Curriculum,Emotional Engagement,Social Emotional Learning,Evaluation,Teaching and Learning,",4.7,43.0,Coursera,,
Adaptability and Resiliency,Business,Business Essentials,"Personal Advertisement,Planning,Adaptability,Resilience,",4.7,256.0,Coursera,,
Introduction to C# Programming and Unity,Computer Science,Software Development,"Video Game Development,C Sharp (C#) (Programming Language),Unity (User Interface),Game Programming,",4.7,2194.0,Coursera,,
Experimental Design Basics,Data Science,Probability and Statistics,"statistical Methods for Process and Product improvement,design of experiments,experiment design,designing experiments,",4.6,213.0,Coursera,,
Spring - Cloud Overview,Computer Science,Software Development,"Netflix OSS,Service Discovery,Microservices,Spring Cloud,Load Balancing,",4.3,34.0,Coursera,,
Herbal Medicine,Health,Patient Care,"herbal preparations,integrative care,symptom management,botanical safety,evidence-based practice,",4.9,718.0,Coursera,,
"Autoridad, dirección y liderazgo",Business,Leadership and Management,"Delegation,Leadership,Coaching,Supervision,",4.8,2710.0,Coursera,,
"Uncommon Sense Teaching: Part 2, Building Community and Habits of Learning",Social Sciences,Education,"Lesson Plan,strategies in teaching,social emotional,neurodiversity,",4.9,81.0,Coursera,,
International Business Capstone,Business,Business Essentials,,4.7,100.0,Coursera,,
How Google does Machine Learning,Data Science,Machine Learning,"Application Programming Interfaces (API),Inclusive ML,Machine Learning,Google Cloud Platform,Bigquery,",4.6,7135.0,Coursera,,
C Programming: Using Linux Tools and Libraries - 7,Computer Science,Software Development,"Computer Programming,C Programming,Linux,",,,Coursera,,
Customer-Centric IT Strategy,Business,Business Essentials,,4.6,608.0,Coursera,,
Work Smarter with Microsoft PowerPoint,Information Technology,Cloud Computing,"Microsoft PowerPoint,Presentation,",4.7,293.0,Coursera,,
Algorithms for DNA Sequencing,Data Science,Data Analysis,"Bioinformatics Algorithms,Algorithms,Python Programming,Algorithms On Strings,",4.7,842.0,Coursera,,
Financial Reporting Capstone,Business,Business Essentials,,4.1,30.0,Coursera,,
The Teacher's Social and Emotional Learning,Social Sciences,Education,,4.7,569.0,Coursera,,
Visual Analytics with Tableau,Data Science,Data Analysis,"Visual Analytics,Map,Tableau Software,Data Visualization (DataViz),",4.6,1752.0,Coursera,,
Leading Teams,Business,Leadership and Management,"Leadership Dynamics,Leadership,Management,Team Management,",4.8,2049.0,Coursera,,
Leadership Through Design Innovation,Business,Leadership and Management,,4.3,302.0,Coursera,,
Microsoft Azure SQL,Information Technology,Data Management,"Data Management,Database (DBMS),NoSQL,Microsoft Azure,SQL,",4.7,144.0,Coursera,,
Relational Database Support for Data Warehouses,Data Science,Data Analysis,"Data Warehousing,Materialized View,Data Warehouse,SQL,",4.6,582.0,Coursera,,
Architecting with Google Kubernetes Engine: Foundations,Computer Science,Software Development,,4.7,2355.0,Coursera,,
Outbreaks and Epidemics,Health,Public Health,"Statistics,Epidemiology,Public Health,Outbreak investigation,",4.8,686.0,Coursera,,
Foundations of Public Health Practice: The Public Health Toolkit,Health,Public Health,,4.6,56.0,Coursera,,
Fundamentals of Machine Learning in Finance,Data Science,Machine Learning,,3.8,321.0,Coursera,,
Establishing Product-Market Fit,Business,Marketing,"Product Development,Ideation,Product Management,product design,User Experience (UX),",4.4,27.0,Coursera,,
Taxation of Business Entities II: Pass-Through Entities,Business,Business Essentials,,4.7,67.0,Coursera,,
Cyber Security in Manufacturing,Physical Science and Engineering,Mechanical Engineering,,4.7,540.0,Coursera,,
"Raising Capital: Credit Tech, Coin Offerings, and Crowdfunding",Business,Finance,"Cryptocurrency,Credit Score,crowd-sourced lending,Logistic Regression,raising capital,",4.7,250.0,Coursera,,
Flight mechanics - Lift and trajectory,Physical Science and Engineering,Physics and Astronomy,,4.8,24.0,Coursera,,
Mandarin Chinese 2: Chinese for Beginners,Language Learning,Other Languages,,4.8,414.0,Coursera,,
"Python for Command-and-control, Exfiltration and Impact",Information Technology,Security,,4.6,16.0,Coursera,,
Financial Management for Product Leaders,Business,Finance,"Corporate Finance,Entrepreneurial Finance,Product Management,Venture Capital,Finance,",4.7,36.0,Coursera,,
Managing Data Analysis,Business,Leadership and Management,"Data Analysis,Communication,Interpretation,Exploratory Data Analysis,",4.6,3284.0,Coursera,,
Trees and Graphs: Basics,Computer Science,Algorithms,"Analysis of Algorithms,Algorithm Design,Python Programming,Data Structure Design,Graphs Algorithms,",4.8,65.0,Coursera,,
Digital Channel Planning and E-Commerce Strategy,Business,Marketing,"Search Engine Marketing (SEM) Strategy,Display and Video Advertising Strategy,Social Media and Email Marketing Strategy,E-Commerce Strategy,Digital Channel Planning,",4.6,63.0,Coursera,,
Child Care as a Business,Social Sciences,Education,,,,Coursera,,
Business Case Analysis,Language Learning,Learning English,,4.6,24.0,Coursera,,
Introduction to Big Data with Spark and Hadoop,Information Technology,Data Management,"Apache Hadoop,SparkSQL,SparkML,Big Data,Apache Spark,",4.3,203.0,Coursera,,
"Introduction to the Nonprofit Sector, Nonprofit Organizations, Nonprofit Leadership and Governance",Business,Leadership and Management,,4.4,180.0,Coursera,,
AI Workflow: Enterprise Model Deployment,Data Science,Machine Learning,"Data Science,Information Engineering,Artificial Intelligence (AI),Machine Learning,Python Programming,",4.2,48.0,Coursera,,
Introduction to C++ Programming and Unreal,Computer Science,Software Development,,4.6,109.0,Coursera,,
Agile Project Management,Business,Leadership and Management,"Engineering management,Agile Management,Servant Leadership,Strategic Management,Project Management,",4.7,58.0,Coursera,,
Demand management: Breaking down today’s commercial silos,Business,Business Strategy,"Revenue Management,Forecasting,Demand Management,Asset Management,",4.8,337.0,Coursera,,
Oracle SQL Basics,Computer Science,Software Development,,4.6,168.0,Coursera,,
Business English: Planning & Negotiating,Language Learning,Learning English,"Business Communication,Negotiation,Planning,Language,",4.8,528.0,Coursera,,
Introduction to Accounting Data Analytics and Visualization,Data Science,Data Analysis,"Data Analysis,Predictive Analytics,Data Visualization (DataViz),Data Architecture,Coding,",4.8,409.0,Coursera,,
Business English: Management and Leadership,Language Learning,Learning English,"English Language,Writing,Management,Communication,Emailing,Meeting,",4.8,1338.0,Coursera,,
Retail Marketing Strategy,Business,Marketing,,4.9,176.0,Coursera,,
Strategic Innovation: Managing Innovation Initiatives,Business,Marketing,"Management,Innovation,Disruptive Innovation,Innovation Management,",4.7,602.0,Coursera,,
Google Docs en Español,Information Technology,Cloud Computing,,4.6,23.0,Coursera,,
Climate Aware Investing,Business,Finance,"Understand how to measuring climate risk in equity portfolio,Understand how to designing a low-carbon tracking-index portfolio (on Excel),Implement climate-aware investment decisions,Learn how to managing climate risk in equity portfolios,",4.7,32.0,Coursera,,
Engineering Maintainable Android Apps,Computer Science,Mobile and Web Development,"Software Testing,Unit Testing,Android Software Development,Junit,",4.5,278.0,Coursera,,
Finanzas para directivos,Business,Finance,,4.9,347.0,Coursera,,
Linux Fundamentals,Computer Science,Software Development,,4.6,542.0,Coursera,,
The Business of Product Management II,Computer Science,Design and Product,"Monetization Strategy,A/B/n testing,Customer Retention,KPIs OKRs North Stars,OODA Loops,",4.7,184.0,Coursera,,
Urgent Optimism: How to Turn Foresight into Action,Business,Leadership and Management,"Foresight,Creativity,Strategic Planning,Innovation,Leadership,",4.8,198.0,Coursera,,
Agile Leadership Capstone,Business,Leadership and Management,,4.9,130.0,Coursera,,
Health for All Through Primary Health Care,Health,Patient Care,,4.7,253.0,Coursera,,
Fashion as Design,Arts and Humanities,Music and Art,"Art History,Art,History,Creativity,",4.8,2753.0,Coursera,,
Privacy Law and Data Protection,Business,Business Essentials,"Information Privacy,Risk Management,Data Management,Privacy Compliance,",4.8,641.0,Coursera,,
Delivering Quality Work with Agility,Personal Development,Personal Development,"Agility,Quality,Soft skills,Communication,Time management,",4.7,25.0,Coursera,,
Camera Control,Arts and Humanities,Music and Art,,4.8,1749.0,Coursera,,
Fundamentals of Equities,Business,Finance,"Sectors,Mutual Funds,Fundamental Analysis,Stocks,Business Cycle,",4.4,217.0,Coursera,,
Renewable Energy Futures,Physical Science and Engineering,Environmental Science and Sustainability,"Renewable Energy,Energy storage,Hydrogen,Electric Vehicles,Climate Change,",4.8,120.0,Coursera,,
Research Report: Delivering Insights,Business,Marketing,"Digital Marketing,Market Impact,Data Analysis,market insights,Marketing Intelligence,",4.6,152.0,Coursera,,
Web Applications and Command-Line Tools for Data Engineering,Information Technology,Data Management,"Web Application,Python Programming,Jupyter notebooks,Cloud-Hosted Notebooks,Command-Line Interface,",4.0,16.0,Coursera,,
Functional Program Design in Scala,Computer Science,Software Development,"Laziness,Type Class,Functional Programming,Referential Transparency,Reactive Programming,",4.5,3121.0,Coursera,,
Excel Skills for Business: Intermediate II,Business,Business Essentials,"Lookup Table,Microsoft Excel Vba,Data Validation,Microsoft Excel Macro,",4.8,7652.0,Coursera,,
Concurrency in Go,Computer Science,Software Development,,4.7,690.0,Coursera,,
Genome Sequencing (Bioinformatics II),Health,Health Informatics,"Algorithms,Python Programming,Whole Genome Sequencing,Dynamic Programming,",4.6,300.0,Coursera,,
Speaking to persuade: Motivating audiences with solid arguments and moving language,Personal Development,Personal Development,,4.8,295.0,Coursera,,
Industrial Internet of Things (IIoT),Business,Business Strategy,,4.5,75.0,Coursera,,
Leading Organizational Change,Business,Leadership and Management,"4.	Develop communication processes during change management planning,2.	Develop a successful change management team and define roles and responsibilities,5. Evaluate the results and outcomes of change through KPI analysis,1.	Understand the meaning of organizational change management and what leaders need to understand regarding the reasons for change,3.	Create a Change Management Communication Framework,",,,Coursera,,
Introduction to Blockchain for Global Commerce,Business,Business Essentials,,,,Coursera,,
Inferential Statistics,Data Science,Probability and Statistics,"Statistical Inference,Statistical Hypothesis Testing,R Programming,",4.8,2552.0,Coursera,,
Bayesian Statistics: Time Series Analysis,Data Science,Probability and Statistics,"Bayesian Statistics,Forecasting,Dynamic Linear Modeling,Time Series,R Programming,",,,Coursera,,
Spanish Vocabulary: Meeting People,Language Learning,Other Languages,,4.6,3089.0,Coursera,,
Innovations in Investment Technology: Artificial Intelligence,Business,Finance,"robo advising,investment technology,Artificial Intelligence (AI),investing technology,diversified portfolio,",4.7,310.0,Coursera,,
Futures Thinking,Personal Development,Personal Development,"Imagining the future with a frame,Regaining power over the future,Harnessing imagination in scenarios,Asking the right questions,",,,Coursera,,
Dynamical Modeling Methods for Systems Biology,Health,Health Informatics,,4.7,206.0,Coursera,,
Microsoft Azure Services and Lifecycles,Information Technology,Cloud Computing,"Application Design,Microsoft Azure,Cloud Computing,Cloud Governance Strategy,",4.8,230.0,Coursera,,
"Musicianship: Tensions, Harmonic Function, and Modal Interchange",Arts and Humanities,Music and Art,"Piano,Music,Performance,Music composition,Music theory,",4.9,391.0,Coursera,,
Introduction to Personal Finance,Personal Development,Personal Development,"Financial Planning (Business),Credit Score,Taxes,goal setting,Budget,",4.6,125.0,Coursera,,
Pricing Strategy,Business,Marketing,"Pricing,Psychology,Price Discrimination,Pricing Strategies,",4.6,953.0,Coursera,,
IoT Communications,Computer Science,Mobile and Web Development,"Internet,Internet Of Things (IOT),Wireless,Front And Back Ends,",4.5,23.0,Coursera,,
Managing as a Coach,Business,Leadership and Management,"Active Listening,Communication,Management,Coaching,",4.7,1426.0,Coursera,,
Engagement & Nurture Marketing Strategies,Business,Marketing,"Social Marketing,Social Media,Marketing Strategy,Writing,",4.8,1152.0,Coursera,,
Django Features and Libraries,Computer Science,Mobile and Web Development,"User authentication,Sessions and cookies,One-to-Many models,Data Validation,Django (Web Framework),",4.8,331.0,Coursera,,
Advanced Linear Models for Data Science 1: Least Squares,Data Science,Probability and Statistics,"Statistics,Linear Regression,R Programming,Linear Algebra,",4.4,177.0,Coursera,,
Integrated Analysis in Systems Biology,Health,Health Informatics,,4.6,82.0,Coursera,,
Connecting with Sales Prospects,Business,Leadership and Management,,4.8,310.0,Coursera,,
"C++ Basic Structures: Vectors, Pointers, Strings, and Files",Computer Science,Software Development,"vectors,Files,Strings,C++,Computer Science,",4.6,141.0,Coursera,,
"Business Intelligence Concepts, Tools, and Applications",Data Science,Data Analysis,"Business Intelligence,Data Analysis,Data Visualization (DataViz),Microstrategy,",4.5,610.0,Coursera,,
"Blockchain, Cryptoassets, and Decentralized Finance",Computer Science,Computer Security and Networks,"Object Binding,Alcatel Business Communications,Centurylink,Base Address,",4.7,340.0,Coursera,,
C# Class Development,Computer Science,Software Development,"Crt0,For Loop,Console Applications,Foreach Loop,",4.9,27.0,Coursera,,
3D Reconstruction - Single Viewpoint,Computer Science,Algorithms,"Photometric Stereo,Depth from Focus and Defocus,Structed Light Methods,Reflectance Models,Radiometry,",4.9,18.0,Coursera,,
Managing Employee Compensation,Business,Business Essentials,"Human Resources (HR),Incentive,Compensation And Benefits,",4.7,1713.0,Coursera,,
Flight mechanics - The basis,Physical Science and Engineering,Physics and Astronomy,,4.6,247.0,Coursera,,
"Visionary leadership, identity & motivation: Become a meaning maker",Business,Leadership and Management,"Motivation,Communication,Leadership,Brand Management,",4.8,699.0,Coursera,,
Linear Regression for Business Statistics,Data Science,Data Analysis,"Log–Log Plot,Interaction (Statistics),Linear Regression,Regression Analysis,",4.8,1309.0,Coursera,,
Business Statistics and Analysis Capstone,Data Science,Data Analysis,"Predictive Analytics,Data Analysis,Microsoft Excel,Regression Analysis,",4.8,404.0,Coursera,,
Intro to Digital Manufacturing with Autodesk Fusion 360,Physical Science and Engineering,Mechanical Engineering,"Computer-Aided Design (CAD),Mechanical Design,Manufacturing Processes,Sustainable Design,",4.6,3332.0,Coursera,,
Python and Pandas for Data Engineering,Data Science,Data Analysis,"Vim,Python Programming,Pandas,Visual Studio Code,Data Structure,",4.5,116.0,Coursera,,
Writing a Personal Essay,Arts and Humanities,Music and Art,,4.5,80.0,Coursera,,
Building No-Code Apps with AppSheet: Implementation,Information Technology,Cloud Computing,"App behaviors and automation,Application and data access control,App authoring and collaboration,External service integration,App version management,",,,Coursera,,
Essential Google Cloud Infrastructure: Foundation,Information Technology,Cloud Computing,"Google Compute Engine,Virtual Machine,Network Architecture,Google Cloud Platform,",4.7,16462.0,Coursera,,
Probabilistic Deep Learning with TensorFlow 2,Data Science,Machine Learning,"Probabilistic Neural Network,Deep Learning,Generative Model,Tensorflow,Probabilistic Programming Language (PRPL),",4.7,92.0,Coursera,,
Bayesian Statistics: Techniques and Models,Data Science,Probability and Statistics,"Gibbs Sampling,Bayesian Statistics,Bayesian Inference,R Programming,",4.8,456.0,Coursera,,
Introduction to Research for Essay Writing,Arts and Humanities,Music and Art,,4.7,979.0,Coursera,,
"Teach English Now! Second Language Listening, Speaking, and Pronunciation",Language Learning,Learning English,"Teaching,English Language,Lesson Plan,Speech,",4.9,1735.0,Coursera,,
"Facebook, Instagram, and Snapchat Marketing",Business,Marketing,"Set up advertising on Snapchat,Uncover campaign insights using native Facebook and Snapchat analytics tools,Use Snapchat Ad Manager to set up and optimize SnapAds,Set up advertising on Facebook and Instagram,Use Facebook Ads Manager to create and optimize ad campaigns,",4.1,32.0,Coursera,,
Gathering and Developing the News,Arts and Humanities,Music and Art,,4.7,479.0,Coursera,,
Intermediate PostgreSQL,Computer Science,Software Development,,4.8,229.0,Coursera,,
Introduction to Imagemaking,Arts and Humanities,Music and Art,"Adobe Indesign,Art,Creativity,Graphics,",4.5,2699.0,Coursera,,
Linux Cloud and DevOps,Computer Science,Software Development,"Virtual Machine,Version Control,Hypervisor,Use Case,",4.4,67.0,Coursera,,
Digital Signal Processing 3: Analog vs Digital,Physical Science and Engineering,Electrical Engineering,,4.8,67.0,Coursera,,
Emotional and Social Intelligence,Business,Business Essentials,,4.7,884.0,Coursera,,
Big Data Modeling and Management Systems,Data Science,Data Analysis,"Data Model,Big Data,Data Modeling,Data Management,",4.4,2961.0,Coursera,,
Mathematical Thinking in Computer Science,Computer Science,Algorithms,"Mathematical Induction,Proof Theory,Discrete Mathematics,Mathematical Logic,",4.4,2122.0,Coursera,,
Team Management for the 6 σ Black Belt,Business,Leadership and Management,,4.7,107.0,Coursera,,
AWS Fundamentals: Building Serverless Applications,Information Technology,Cloud Computing,"AWS Lambda,Amazon Lex,Amazon API Gateway,serverless architecture,Amazon Dynamodb,",4.7,2905.0,Coursera,,
Health Information Technology Fundamentals,Health,Healthcare Management,,4.8,267.0,Coursera,,
Computer Vision in Microsoft Azure,Information Technology,Cloud Computing,"Artificial Intelligence (AI),Computer Vision,Microsoft Azure,",4.6,59.0,Coursera,,
"Comunicaciones integradas de marketing: Publicidad, Relaciones Públicas, Marketing Digital y más",Business,Marketing,"Marketing,Social Media Marketing,Marketing Mix,Public Relations,Promotional Mix,",4.8,664.0,Coursera,,
React Native,Computer Science,Mobile and Web Development,"React (Javascript Library),React,Application development,Mobile Development,",4.8,78.0,Coursera,,
Game Design Document: Define the Art & Concepts,Arts and Humanities,Music and Art,,4.7,233.0,Coursera,,
Analysis of Business Problems,Business,Marketing,,4.7,135.0,Coursera,,
Understanding Prostate Cancer,Health,Patient Care,,4.8,584.0,Coursera,,
Combining and Analyzing Complex Data,Data Science,Data Analysis,,4.2,56.0,Coursera,,
Influence,Business,Leadership and Management,,4.7,302.0,Coursera,,
Teach English Now! Lesson Design and Assessment,Social Sciences,Education,,4.9,4243.0,Coursera,,
The AI Ladder: A Framework for Deploying AI in your Enterprise,Business,Leadership and Management,"Artificial Intelligence (AI),Management,Analytics,Innovation,Leadership,",4.7,272.0,Coursera,,
Healthcare Delivery Providers,Business,Finance,,4.7,204.0,Coursera,,
Salesforce Integration,Business,Business Essentials,"Data Management,Cloud Integration,Data Security,Automation,Cloud Computing,",4.2,17.0,Coursera,,
Negotiation  Fundamentals,Business,Leadership and Management,,4.7,1355.0,Coursera,,
Orden y manejo del tiempo,Business,Leadership and Management,,4.8,985.0,Coursera,,
Managing Linux Systems,Computer Science,Software Development,,4.5,102.0,Coursera,,
Geospatial Analysis Project,Data Science,Data Analysis,"Geographic Information System (GIS),Data Analysis,Project,Map Analysis,Project Management,",4.8,252.0,Coursera,,
Parallel programming,Computer Science,Software Development,"Data Structure,Parallel Computing,Data Parallelism,Parallel Algorithm,",4.4,1825.0,Coursera,,
Budgeting and Scheduling Projects,Business,Leadership and Management,"Schedule,Project Management,Budget,Budget Estimation,",4.7,8887.0,Coursera,,
"Pointers, Arrays, and Recursion",Computer Science,Software Development,,4.4,323.0,Coursera,,
Professional Selling: Step 1 - Think Like a High-Performer,Business,Marketing,"Build enhanced communications skills required in sales interactions,Know how to build and gaine genuine trust of customers that leads to lasting business relationships,Understand the fundamentals of the sales process,Understand how high performing sales people approach sales,Understand how customers think and progress through their decision process to make purchasing decisions,",,,Coursera,,
Python Data Representations,Computer Science,Software Development,"Tuple,Python Programming,Debugging,List & Label,",4.7,1100.0,Coursera,,
"Consumption, Marketing and Culture",Business,Marketing,,,,Coursera,,
Business Growth Strategy,Business,Business Strategy,"Mergers And Acquisitions (M&A),innovation strategy,Strategic Thinking,Business Strategy,growth strategy,",4.7,628.0,Coursera,,
"Modern Robotics, Course 5:  Robot Manipulation and Wheeled Mobile Robots",Physical Science and Engineering,Mechanical Engineering,,4.7,73.0,Coursera,,
Optimization Methods in Asset Management,Business,Finance,"Capital Asset Pricing Model (CAPM),risk measurements,Value at Risk (VaR),Exchange Traded Funds (ETFs),transaction costs-modeling,",4.4,18.0,Coursera,,
Anatomy: Human Neuroanatomy,Health,Basic Science,,4.9,831.0,Coursera,,
The Factors that Influence the Effectiveness of Boards and the Governance Process,Business,Leadership and Management,,4.6,46.0,Coursera,,
Content Strategy for Professionals: Capstone Project,Business,Marketing,,4.6,56.0,Coursera,,
Converter Circuits,Physical Science and Engineering,Electrical Engineering,,4.8,1295.0,Coursera,,
Introduction to the Biology of Cancer,Health,Basic Science,"Cancer,Biology,Cancer Biology,Cancer Genetics,",4.8,6932.0,Coursera,,
Modernizing Data Lakes and Data Warehouses with GCP 日本語版,Information Technology,Cloud Computing,,4.3,46.0,Coursera,,
Google Slides,Information Technology,Cloud Computing,,4.8,109.0,Coursera,,
Cooking for Busy Healthy People,Health,Nutrition,"Building a balanced meal,Cooking vegetables in ways that will delight,Shopping for and storing produce with sustainability in mind,Applying moderation and variety to your meals,Creating sensible and delightful desserts,",4.6,79.0,Coursera,,
What is Corruption: Anti-Corruption and Compliance,Business,Business Essentials,"Risk Management,Operations Management,Corruption,Strategic Planning,",4.9,454.0,Coursera,,
AI Applications in People Management,Data Science,Machine Learning,,4.8,33.0,Coursera,,
"Dynamic Programming, Greedy Algorithms",Computer Science,Algorithms,"Analysis of Algorithms,Algorithm Design,Python Programming,Data Structure Design,Intractability,",4.4,49.0,Coursera,,
Storytelling in Branding and Content Marketing,Arts and Humanities,History,,4.3,245.0,Coursera,,
Logistic Regression in R for Public Health,Health,Public Health,"Logistic Regression,R Programming,",4.8,330.0,Coursera,,
Anatomy: Musculoskeletal and Integumentary Systems,Health,Basic Science,,4.8,2082.0,Coursera,,
IT Infrastructure and Emerging Trends,Information Technology,Security,"Management,IT Skills and Knowledge,",4.8,395.0,Coursera,,
FPGA Softcore Processors and IP Acquisition,Physical Science and Engineering,Electrical Engineering,"Software Design for Softcore Processors,Softcore Processor Design,Programmable Logic Design,Simulation for Verification,Intellectual Property Integration,",4.0,68.0,Coursera,,
Effectively delivering the news to your audience,Arts and Humanities,Music and Art,,4.8,292.0,Coursera,,
Research Proposal: Initiating Research,Business,Marketing,"Market Research,Research Methods,Product Research,Marketing Intelligence,",4.6,814.0,Coursera,,
Newborn Capstone,Health,Healthcare Management,,4.7,74.0,Coursera,,
People and Soft Skills Assessment,Personal Development,Personal Development,"Social Skills,Professional Development,People Skills,Soft skills,Effective Communication,",4.8,28.0,Coursera,,
Networking in Google Cloud: Defining and Implementing Networks,Information Technology,Networking,,4.8,1520.0,Coursera,,
Building Batch Data Pipelines on Google Cloud,Information Technology,Cloud Computing,,4.5,1608.0,Coursera,,
The Improve Phase for the 6 σ Black Belt,Business,Business Essentials,,4.2,11.0,Coursera,,
Spring - Ecosystem and Core,Computer Science,Software Development,"Spring Framework,Spring Configuration Techniques,Inversion Of Control,Dependency Injection,Junit,",3.6,228.0,Coursera,,
Python Project for Data Engineering,Information Technology,Data Management,"Information Engineering,Python Programming,Jupyter notebooks,Web Scraping,Extract Transform Load (ETL),",4.6,375.0,Coursera,,
Introduction to Java,Computer Science,Software Development,"Java Database Connectivity (JDBC),Java Class Library,Java Programming,Object-Oriented Programming (OOP),Computer Programming,",4.6,1463.0,Coursera,,
Introduction to Digital Transformation Part 1,Business,Business Strategy,"Data-Informed Decision-Making,Technology Strategy,Business Transformation,Digital Strategy,Business Solutions,",4.6,68.0,Coursera,,
The Pronunciation of American English Project,Language Learning,Learning English,,4.7,91.0,Coursera,,
Introduction to Operations Management,Business,Leadership and Management,"Process Management,Operations Management,Six Sigma,Inventory,",4.4,2537.0,Coursera,,
Prototyping and Design,Computer Science,Design and Product,,4.6,369.0,Coursera,,
Java Programming: Principles of Software Design,Computer Science,Software Development,"Programming Principles,Interfaces,Software Design,Java Programming,",4.6,1456.0,Coursera,,
Diagnosing Health Behaviors for Global Health Programs,Health,Public Health,,4.7,85.0,Coursera,,
Mathematical Biostatistics Boot Camp 1,Math and Logic,Math and Logic,"Statistics,Confidence Interval,Statistical Hypothesis Testing,Biostatistics,",4.4,468.0,Coursera,,
Ideas from the History of Graphic Design,Arts and Humanities,History,"Art History,History,Graphic Arts,Graphic Design,",4.7,2348.0,Coursera,,
"JavaScript, jQuery, and JSON",Computer Science,Mobile and Web Development,"Hypertext Preprocessor (PHP),Jquery,JavaScript,",4.6,780.0,Coursera,,
Introduction to Digital health,Health,Public Health,,4.5,141.0,Coursera,,
Algebra and Differential Calculus for Data Science,Math and Logic,Math and Logic,"Integrals,Derivatives,Algebra,Matrix Algebra,Numerical Analysis,",4.4,114.0,Coursera,,
Analyzing Big Data with SQL,Data Science,Data Analysis,"Apache Hive,Apache Impala,Data Analysis,Big Data,SQL,",4.9,511.0,Coursera,,
Essentials of Entrepreneurship: Thinking & Action,Business,Entrepreneurship,"Strategic Management,Management,Marketing,Entrepreneurship,",4.6,2753.0,Coursera,,
Microsoft Azure Management Tools and Security Solutions,Information Technology,Cloud Computing,"Cloud Computing Security,Artificial Intelligence (AI),Microsoft Azure,Internet Of Things (IOT),",4.7,368.0,Coursera,,
Fundamentals of Accounting Capstone,Business,Business Essentials,,4.3,12.0,Coursera,,
Blockchain in Financial Services: Strategic Action Plan,Computer Science,Computer Security and Networks,,4.4,58.0,Coursera,,
Accounting Analysis II: Measurement and Disclosure of Liabilities,Business,Business Essentials,,4.6,106.0,Coursera,,
Social Network Analysis,Data Science,Data Analysis,,4.7,199.0,Coursera,,
Gender Analytics Capstone Project,Business,Business Essentials,"Gender Based Analysis,Analytics,Design Thinking,Change Management,Innovation,",,,Coursera,,
"Android App Components - Services, Local IPC, and Content Providers",Computer Science,Mobile and Web Development,,4.3,392.0,Coursera,,
Writing in First Person Point of View,Arts and Humanities,Music and Art,"English Language,Creative Writing,Storytelling,memoir,",4.7,109.0,Coursera,,
Bioconductor for Genomic Data Science,Data Science,Data Analysis,"Bioinformatics,Bioconductor,Genomics,R Programming,",3.9,340.0,Coursera,,
Renewable Energy Technology Fundamentals,Physical Science and Engineering,Environmental Science and Sustainability,"Renewable Energy,Energy storage,Solar Energy,Wind Energy,Renewable Energy Techologies,",4.8,308.0,Coursera,,
Managing Human Capital in Retail,Business,Leadership and Management,,4.7,42.0,Coursera,,
Matrix Algebra for Engineers,Math and Logic,Math and Logic,,4.9,3957.0,Coursera,,
"Managing ADHD, Autism, Learning Disabilities, and Concussion in School",Health,Patient Care,,4.8,1056.0,Coursera,,
Bayesian Statistics: Capstone Project,Data Science,Data Analysis,,,,Coursera,,
Creatividad computacional,Computer Science,Algorithms,,,,Coursera,,
Gender Analytics for Innovation,Business,Business Essentials,"Business Analytics,Intersectional Analysis,Gender Based Analysis,Leadership Development,Innovation,",4.8,219.0,Coursera,,
Digitalisation in the Aerospace Industry,Physical Science and Engineering,Mechanical Engineering,,4.6,202.0,Coursera,,
ESG and Social Activism,Business,Business Strategy,,4.8,68.0,Coursera,,
Multi-Axis CNC Toolpaths,Physical Science and Engineering,Mechanical Engineering,"Computer-aided manufaturing,Engineering,Manufacturing process,Autodesk Fusion 360,Mechanical Engineering,",4.9,101.0,Coursera,,
Advanced Business Strategy,Business,Business Strategy,"Strategic Management,Strategic Thinking,Business Strategy,business competition,",4.8,1018.0,Coursera,,
"Teacher SEL: Programs, Possibilities, and Contexts",Social Sciences,Education,,4.7,131.0,Coursera,,
Optimizing a Website for Google Search,Business,Marketing,"Keyword Research,Marketing,Content Marketing,Mathematical Optimization,",4.7,1506.0,Coursera,,
Consulting Tools and Tips,Business,Business Strategy,"Management Consulting,Benchmarking,Business Strategy,Consulting,Industry Analysis,",4.8,26.0,Coursera,,
The Raspberry Pi Platform and Python Programming for the Raspberry Pi,Computer Science,Software Development,"Computer Programming,Python Programming,Internet Of Things (IOT),Raspberry Pi,",4.7,2689.0,Coursera,,
Renewable Power and Electricity Systems,Physical Science and Engineering,Environmental Science and Sustainability,"Electricity systems,Wind Power,Renewable Energy,Solar Energy,Sustainable Energy,",4.7,133.0,Coursera,,
Operations Systems Excellence,Business,Business Essentials,,4.4,11.0,Coursera,,
Inspiring Peak Performance on Technical Teams,Computer Science,Software Development,"People Management,Business Strategy,Cloud Engineering,Software Engineering,Program Management,",,,Coursera,,
Building Database Applications in PHP,Computer Science,Mobile and Web Development,"Hypertext Preprocessor (PHP),Create, Read, Update And Delete,MySQL,",4.9,1031.0,Coursera,,
Robotics: Perception,Physical Science and Engineering,Mechanical Engineering,"Computer Vision,Estimation,Random Sample Consensus (Ransac),Geometry,",4.3,638.0,Coursera,,
Project Management: Control using the Earned Value and Risk,Business,Leadership and Management,"Planning,Cost Control,Project Risk Management,Earned Value Management (EVMT),Project Management,",4.9,35.0,Coursera,,
Speaking to Inspire: Ceremonial and Motivational Speeches,Personal Development,Personal Development,,4.8,137.0,Coursera,,
Security Operations,Information Technology,Security,"Asset,Cryptography,Data Security,security,",4.2,14.0,Coursera,,
Expanding SEL,Social Sciences,Education,,4.8,112.0,Coursera,,
Python Programming Essentials,Computer Science,Software Development,"Codeskulptor,Python Syntax And Semantics,Python Programming,Debugging,",4.8,3340.0,Coursera,,
Advanced Deployment Scenarios with TensorFlow,Computer Science,Software Development,"TensorFlow Serving,Machine Learning,federated learning,TensorFlow Hub,TensorBoard,",4.8,443.0,Coursera,,
Communicating Your Best Self,Personal Development,Personal Development,"Using video meetings to communicate,Using email to communicate,Communicating with others in person,",,,Coursera,,
Data and Health Indicators in Public Health Practice,Health,Public Health,,4.7,1146.0,Coursera,,
Qualitative Data Analysis with MAXQDA Software,Health,Health Informatics,,4.6,29.0,Coursera,,
Introduction to Digital Transformation Part 2,Business,Business Strategy,"Business Transformation,Cloud Platforms,Digital Strategy,Data Integrity,",4.7,32.0,Coursera,,
Culture-Driven Team Building Capstone,Business,Leadership and Management,,4.8,23.0,Coursera,,
Drug Commercialization,Health,Healthcare Management,,4.7,1153.0,Coursera,,
European Business Law: Doing Business in Europe,Business,Business Essentials,,4.8,505.0,Coursera,,
Linear Regression and Modeling,Data Science,Data Analysis,"Statistics,Linear Regression,R Programming,Regression Analysis,",4.8,1643.0,Coursera,,
Principles of Public Relations,Business,Marketing,"Press Release,Public Relations,Branding,Influencers,",4.7,240.0,Coursera,,
Healthy and Sustainable Foods,Health,Public Health,"Environmental Impact Assessment,Sustainability,Environmental Health,Diets,",,,Coursera,,
"Foundations of Sports Analytics: Data, Representation, and Models in Sports",Data Science,Data Analysis,,4.4,133.0,Coursera,,
Introduction to Automated Analysis,Computer Science,Software Development,"Software Testing,Formal Verification,Test Automation,",4.2,58.0,Coursera,,
Developing Your Musicianship: Final Project,Arts and Humanities,Music and Art,"Music notation,Music composition,Piano,",4.9,108.0,Coursera,,
Assessment for Data Analysis and Visualization Foundations,Data Science,Data Analysis,,4.4,119.0,Coursera,,
MBSE: Model-Based Systems Engineering,Physical Science and Engineering,Mechanical Engineering,,4.4,726.0,Coursera,,
Giving Sense to Your Leadership Experience,Business,Leadership and Management,"Communication,Leadership,Human Resources (HR),",4.6,469.0,Coursera,,
Current Gen 3D Game Prop Production,Arts and Humanities,Music and Art,,4.8,27.0,Coursera,,
Introduction to Image Processing,Physical Science and Engineering,Electrical Engineering,"Image Processing,Image Segmentation,Matlab,",4.8,68.0,Coursera,,
Decentralized Finance (DeFi) Primitives,Business,Finance,"Consensus mechanisms,digital signature,Address mechanics,Flash loans,Bonding curves,",4.9,354.0,Coursera,,
"Incident Response, BC, and DR Concepts",Information Technology,Security,"Computer Security Incident Management,Business Continuity,Disaster Recovery,",4.7,16.0,Coursera,,
Teach English Now! Capstone Project 1,Social Sciences,Education,,4.9,2029.0,Coursera,,
U.S. Health Law Fundamentals,Health,Healthcare Management,"Healthcare Management,Health Policy Analysis,Health Insurance,Affordable Care Act,",4.9,196.0,Coursera,,
Chinese for HSK 3 PART II,Language Learning,Other Languages,,4.8,241.0,Coursera,,
JavaScript Basics,Computer Science,Mobile and Web Development,,4.7,723.0,Coursera,,
Think Again I: How to Understand Arguments,Arts and Humanities,Philosophy,"Evaluation,Interpretation,Language,Linguistics,",4.6,2810.0,Coursera,,
Iniciación y Planificación de Proyectos,Business,Leadership and Management,"Project Management,Leadership,Planning,Project Planning,",4.7,4261.0,Coursera,,
Getting Started with Google Workspace,,,,,,Udacity,Beginner,
Google Cloud Digital Leader Training,,,,,,Udacity,Intermediate,
Cloud Native Fundamentals,,,,,,Udacity,Intermediate,
Linear Algebra Refresher Course,,,,,,Udacity,Intermediate,
Machine Learning for Trading,,,,,,Udacity,Intermediate,
Introduction to Computer Vision,,,,,,Udacity,Intermediate,
Full Stack Foundations,,,,,,Udacity,Intermediate,
Product Manager Interview Preparation,,,,,,Udacity,Beginner,
Data Wrangling with MongoDB,,,,,,Udacity,Intermediate,
Introduction to Python Programming,,,,,,Udacity,Beginner,
SQL for Data Analysis,,,,,,Udacity,Beginner,
Version Control with Git,,,,,,Udacity,Beginner,
Intro to Data Analysis,,,,,,Udacity,Beginner,
Intro to JavaScript,,,,,,Udacity,Beginner,
C++ For Programmers,,,,,,Udacity,Intermediate,
Intro to HTML and CSS,,,,,,Udacity,Beginner,
Microsoft Power Platform,,,,,,Udacity,Beginner,
Web Tooling & Automation,,,,,,Udacity,Intermediate,
Front End Frameworks,,,,,,Udacity,Advanced,
Responsive Web Design Fundamentals,,,,,,Udacity,Intermediate,
How to Install Android Studio,,,,,,Udacity,Beginner,
Website Performance Optimization,,,,,,Udacity,Intermediate,
iOS Networking with Swift,,,,,,Udacity,Advanced,
JavaScript Design Patterns,,,,,,Udacity,Advanced,
Responsive Images,,,,,,Udacity,Intermediate,
Xcode Debugging,,,,,,Udacity,Advanced,
JavaScript Promises,,,,,,Udacity,Advanced,
UIKit Fundamentals,,,,,,Udacity,Intermediate,
Client-Server Communication,,,,,,Udacity,Advanced,
What is Programming?,,,,,,Udacity,Beginner,
Building High Conversion Web Forms,,,,,,Udacity,Intermediate,
Software Architecture & Design,,,,,,Udacity,Intermediate,
Intro to Information Security,,,,,,Udacity,Intermediate,
Authentication & Authorization: OAuth,,,,,,Udacity,Intermediate,
Intro to iOS App Development with Swift,,,,,,Udacity,Intermediate,
Introduction to Operating Systems,,,,,,Udacity,Intermediate,
Web Accessibility,,,,,,Udacity,Advanced,
Scalable Microservices with Kubernetes,,,,,,Udacity,Intermediate,
Developing Android Apps with Kotlin,,,,,,Udacity,Intermediate,
Browser Rendering Optimization,,,,,,Udacity,Advanced,
Learn Swift Programming Syntax,,,,,,Udacity,Intermediate,
Offline Web Applications,,,,,,Udacity,Intermediate,
Kotlin for Android Developers,,,,,,Udacity,Advanced,
UX Design for Mobile Developers,,,,,,Udacity,Beginner,
Software Development Process,,,,,,Udacity,Intermediate,
Data Visualization in Tableau,,,,,,Udacity,Beginner,
Intro to Progressive Web Apps,,,,,,Udacity,Intermediate,
Writing READMEs,,,,,,Udacity,Beginner,
Software Analysis & Testing,,,,,,Udacity,Intermediate,
iOS Persistence and Core Data,,,,,,Udacity,Advanced,
Computer Networking,,,,,,Udacity,Intermediate,
Firebase Analytics: iOS,,,,,,Udacity,Intermediate,
Human-Computer Interaction,,,,,,Udacity,Intermediate,
2D Game Development with libGDX,,,,,,Udacity,Intermediate,
Intro to jQuery,,,,,,Udacity,Intermediate,
Cyber-Physical Systems Security,,,,,,Udacity,Intermediate,
Introduction to Graduate Algorithms,,,,,,Udacity,Advanced,
Dynamic Web Applications with Sinatra,,,,,,Udacity,Intermediate,
How to Make a Platformer Using libGDX,,,,,,Udacity,Intermediate,
JavaScript Testing,,,,,,Udacity,Intermediate,
Object-Oriented JavaScript,,,,,,Udacity,Intermediate,
Localization Essentials,,,,,,Udacity,Beginner,
Compilers: Theory and Practice,,,,,,Udacity,Intermediate,
HTML5 Canvas,,,,,,Udacity,Beginner,
Object Oriented Programming in Java,,,,,,Udacity,Intermediate,
Designing RESTful APIs,,,,,,Udacity,Intermediate,
GT - Refresher - Advanced OS,,,,,,Udacity,Intermediate,
Grand Central Dispatch (GCD),,,,,,Udacity,Intermediate,
Swift for Beginners,,,,,,Udacity,Beginner,
Intro to Statistics,,,,,,Udacity,Beginner,
Introduction to Virtual Reality,,,,,,Udacity,Beginner,
Objective-C for Swift Developers,,,,,,Udacity,Intermediate,
Interactive 3D Graphics,,,,,,Udacity,Intermediate,
High Performance Computer Architecture,,,,,,Udacity,Advanced,
AutoLayout,,,,,,Udacity,Intermediate,
Kotlin Bootcamp for Programmers,,,,,,Udacity,Intermediate,
Shell Workshop,,,,,,Udacity,Beginner,
Core ML: Machine Learning for iOS,,,,,,Udacity,Intermediate,
Statistics,,,,,,Udacity,Beginner,
Intro to Theoretical Computer Science,,,,,,Udacity,Intermediate,
Design of Computer Programs,,,,,,Udacity,Advanced,
Swift for Developers,,,,,,Udacity,Beginner,
Firebase in a Weekend: Android,,,,,,Udacity,Intermediate,
Software Debugging,,,,,,Udacity,Intermediate,
Deploying a Hadoop Cluster,,,,,,Udacity,Intermediate,
Server-Side Swift,,,,,,Udacity,Intermediate,
Networking for Web Developers,,,,,,Udacity,Beginner,
Database Systems Concepts & Design,,,,,,Udacity,Intermediate,
Intro to Physics,,,,,,Udacity,Beginner,
Intro to Relational Databases,,,,,,Udacity,Intermediate,
ES6 - JavaScript Improved,,,,,,Udacity,Advanced,
Mobile Design and Usability for iOS,,,,,,Udacity,Intermediate,
Intro to AJAX,,,,,,Udacity,Intermediate,
Intro to Algorithms,,,,,,Udacity,Intermediate,
The MVC Pattern in Ruby,,,,,,Udacity,Intermediate,
WeChat Mini Program Development,,,,,,Udacity,Beginner,
Asynchronous JavaScript Requests,,,,,,Udacity,Intermediate,
Embedded Systems,,,,,,Udacity,Intermediate,
High Performance Computing,,,,,,Udacity,Advanced,
HTTP & Web Servers,,,,,,Udacity,Intermediate,
Advanced Android with Kotlin,,,,,,Udacity,Intermediate,
"Computability, Complexity & Algorithms",,,,,,Udacity,Advanced,
Advanced Operating Systems,,,,,,Udacity,Advanced,
Passwordless Login Solutions for iOS,,,,,,Udacity,Intermediate,
Firebase in a Weekend: iOS,,,,,,Udacity,Intermediate,
Intro to Point & Click App Development,,,,,,Udacity,Beginner,
Deploying Applications with Heroku,,,,,,Udacity,Intermediate,
Applied Cryptography,,,,,,Udacity,Advanced,
Java Programming Basics,,,,,,Udacity,Beginner,
Intro to Backend,,,,,,Udacity,Intermediate,
Network Security,,,,,,Udacity,Intermediate,
JavaScript and the DOM,,,,,,Udacity,Intermediate,
Configuring Linux Web Servers,,,,,,Udacity,Advanced,
How to Make an iOS App,,,,,,Udacity,Advanced,
Passwordless Login Solutions for Android,,,,,,Udacity,Intermediate,
Mobile Design and Usability for Android,,,,,,Udacity,Intermediate,
Intro to Psychology,,,,,,Udacity,Beginner,
Engagement & Monetization | Mobile Games,,,,,,Udacity,Beginner,
Intro to Inferential Statistics,,,,,,Udacity,Beginner,
Data Analysis and Visualization,,,,,,Udacity,Intermediate,
Oracle Autonomous Database Administration,,,,,,Udacity,Beginner,
Oracle Cloud Infrastructure Architect Associate,,,,,,Udacity,Intermediate,
Oracle Cloud Infrastructure Architect Professional,,,,,,Udacity,Advanced,
Oracle Cloud Infrastructure Foundations,,,,,,Udacity,Beginner,
Oracle Cloud Infrastructure Operations Professional,,,,,,Udacity,Beginner,
Introduction to Digital Project Management,,,,,,Udacity,Beginner,
Rapid Prototyping,,,,,,Udacity,Intermediate,
Creating an Analytical Dataset,,,,,,Udacity,Beginner,
Problem Solving with Advanced Analytics,,,,,,Udacity,Beginner,
Classification Models,,,,,,Udacity,Intermediate,
Product Design,,,,,,Udacity,Intermediate,
Segmentation and Clustering,,,,,,Udacity,Intermediate,
Time Series Forecasting,,,,,,Udacity,Intermediate,
App Marketing,,,,,,Udacity,Intermediate,
App Monetization,,,,,,Udacity,Intermediate,
A/B Testing for Business Analysts,,,,,,Udacity,Intermediate,
How to Build a Startup,,,,,,Udacity,Intermediate,
Get Your Startup Started,,,,,,Udacity,Intermediate,
Managing Remote Teams with Upwork,,,,,,Udacity,Beginner,
Cyber-Physical Systems Design & Analysis,,,,,,Udacity,Advanced,
Differential Equations in Action,,,,,,Udacity,Intermediate,
Self-Driving Fundamentals: Featuring Apollo,,,,,,Udacity,Beginner,
AWS Machine Learning Foundations Course,,,,,,Udacity,Intermediate,
Introduction to Machine Learning using Microsoft Azure,,,,,,Udacity,Intermediate,
AI Fundamentals,,,,,,Udacity,Beginner,
Machine Learning: Unsupervised Learning,,,,,,Udacity,Intermediate,
Big Data Analytics in Healthcare,,,,,,Udacity,Intermediate,
Intel® Edge AI Fundamentals with OpenVINO™,,,,,,Udacity,Intermediate,
Artificial Intelligence,,,,,,Udacity,Intermediate,
Secure and Private AI,,,,,,Udacity,Advanced,
Model Building and Validation,,,,,,Udacity,Advanced,
Data Visualization and D3.js,,,,,,Udacity,Intermediate,
Machine Learning,,,,,,Udacity,Intermediate,
Intro to Hadoop and MapReduce,,,,,,Udacity,Intermediate,
Real-Time Analytics with Apache Storm,,,,,,Udacity,Intermediate,
A/B Testing,,,,,,Udacity,Intermediate,
Data Analysis with R,,,,,,Udacity,Intermediate,
Knowledge-Based AI: Cognitive Systems,,,,,,Udacity,Advanced,
Introduction to TensorFlow Lite,,,,,,Udacity,Intermediate,
Intro to TensorFlow for Deep Learning,,,,,,Udacity,Intermediate,
Eigenvectors and Eigenvalues,,,,,,Udacity,Beginner,
Intro to Artificial Intelligence,,,,,,Udacity,Intermediate,
Artificial Intelligence for Robotics,,,,,,Udacity,Advanced,
Intro to Deep Learning with PyTorch,,,,,,Udacity,Intermediate,
AWS DeepRacer,,,,,,Udacity,Intermediate,
Introduction to Machine Learning Course,,,,,,Udacity,Intermediate,
Craft Your Cover Letter,,,,,,Udacity,Beginner,
Refresh Your Resume,,,,,,Udacity,Beginner,
Strengthen Your LinkedIn Network & Brand,,,,,,Udacity,Beginner,
Data Science Interview Prep,,,,,,Udacity,Intermediate,
Android Interview Prep,,,,,,Udacity,Intermediate,
Machine Learning Interview Preparation,,,,,,Udacity,Intermediate,
Front-End Interview Prep,,,,,,Udacity,Intermediate,
Full-Stack Interview Prep,,,,,,Udacity,Intermediate,
Data Structures & Algorithms in Swift,,,,,,Udacity,Intermediate,
iOS Interview Prep,,,,,,Udacity,Intermediate,
VR Interview Prep,,,,,,Udacity,Intermediate,
Artificial Intelligence for Trading,,,"Financial Trading, Portfolio Risk Models, Portfolio Optimization, Alpha Research, Word2Vec, Word Embeddings, Recurrent Neural Networks, Training Neural Networks, Feedforward Neural Networks, Convolutional Neural Networks, Backpropagation, Feature Engineering, Backtesting, NLP Pipelines, PyTorch, Statistical Regression, Random Forest Models, Data Scraping, Data Ingestion, Particle Filters, Kalman Filters, Gradient Descent, AI Algorithms in Python",4.6,,Udacity,,
Continuous Integration and Deployment,,,,,,Udacity,Intermediate,
Firebase Analytics: Android,,,,,,Udacity,Intermediate,
iOS Design Patterns,,,,,,Udacity,Intermediate,
Reinforcement Learning,,,,,,Udacity,Advanced,
How to Become a Data Engineer,,,"Apache Airflow, AWS Glue, Apache Spark, Redshift, Amazon S3, Data Pipeline DAGs, Data Pipeline Creation, AWS Data Lakes, Data Transformation, Data Extraction, OLAP Cubes, Cloud Computing Fluency, ETL, Data Wrangling, Data Pipeline Maintenance, Data Warehouse Architecture, Data Lakes",4.6,,Udacity,,
Learn C++,,,"Threading, Heap Memory, Dynamic Memory Allocation, Control Flow, Concurrent Computing, Computer Memory Architecture, Classes, A* Search Algorithm, C++ Syntax, C++ Polymorphism, C++ Data Types, C++ Copy and Move Semantics, Virtual Memory, Variable Scope, Uninitialized Memory Bugs, Stack Memory",4.5,,Udacity,,
Learn to Code,,,"Control Flow in Python, Command Line Interface Basics, Text Processing in Python, Python Functions, Python Data Structures, Object-Oriented Python, HTML, CSS, Code Debugging, Python Operators, Python String Methods, Python Classes, Python Syntax, JavaScript Data Structures, Control Flow in JavaScript, Variable Scope, User Input Handling, Front-End Development Basics, API Requests",4.7,,Udacity,,
How to Become a Data Analyst,,,"Exploratory Data Analysis, Data Analysis Process, Pandas, NumPy, Data Preparation, Data Ingestion, Data Cleaning, Sample Testing, Conditional Probability, Linear Regression, Jupyter Notebooks, Quantitative Data Analysis, Data Limitations and Biases, Data Wrangling, Data Visualization Design, Data Storytelling, Standard Score, Probability Distribution, Normal Distribution, Anaconda",4.6,,Udacity,,
How to Become a Business Analyst,,,"Business KPIs, Spreadsheet Functions, Forecast Modeling in Spreadsheets, Quantitative Data Visualization, SQL JOINs, SQL Aggregations, Data Visualization in Spreadsheets, Data Validation in Spreadsheets, Data Visualization Design, Data Storytelling, Growth Metrics",4.8,,Udacity,,
How to Become a Product Manager,,,"Product Design Sprints, Stakeholder Management, Product Management Basics, Product Launch, Product Prototyping, Product Validation, Product Scaling, Product Proposals, Product KPIs, Problem Validation, Storytelling, Negotiation, Feedback Loops, User Stories, Social Capital, Project Evaluation, Competitive Analysis, Solution Sketching",4.7,,Udacity,,
Programming for Data Science with Python,,,"NumPy, Pandas, Control Flow, Python Scripting, Python Methods, Python Function Definition, Built-In Python Functions, SQL Queries, SQL JOINs, SQL Aggregations, Python Syntax, Python Package Management, Python Operators, Python IDEs, Python Exception Handling, Python Data Types, Python Data Structures",4.7,,Udacity,,
AI Programming with Python,,,"NumPy, MatPlotLib, Python Operator, Python Data Type, Pandas, AI Algorithms in Python, Control Flow, Variable Scope, User Input Handling, Loops, Lambda Expressions, Iterators, Generators, Gradient Descent, Backpropagation, Vector Visualization, Code Debugging, Classes",4.7,,Udacity,,
How to Become a Data Scientist,,,"scikit-learn, Recommendation Engine Fluency, Machine Learning Pipeline Creation, Object-Oriented Programming Basics, Classes, Coding Best Practices, Data Cleaning, SMART Experiments, Interpreting Test Results, Experiment Control, AI Algorithms in Python",4.7,,Udacity,,
Front End Web Developer,,,"Webpack, CSS, Website Performance Optimization, Flexbox, The Document Object Model, SASS, Express Web Framework, DOM Manipulation, DOM Events, Asynchronous JavaScript, HTML, Fetching Data, Application Routing, Code Debugging, JavaScript Package Management, JavaScript Data Structures, Responsive Web Design",4.6,,Udacity,,
Self-Driving Car Engineer,,,"Point Cloud Data, Non-Linear Motion Tracking, Point Clouds, Object Tracking, Object Clustering, Digital Image Keypoint Descriptors, Sensor Fusion, Radar Clutter Thresholding, Object Motion Models, Autonomous Vehicle Fluency, Kalman Filters, RANSAC Algorithm, Extended Kalman Filters, Radar, LiDAR, Basic Trigonometry, Point Cloud Library",,,Udacity,,
Machine Learning DevOps Engineer,,,"Machine Learning Ops Troubleshooting, Machine Learning Experiment Tracking, Git, Software Development Automation, Data Versioning, Model Drift, Automated Machine Learning,Model Deployment, Machine Learning Pipeline Creation, Hydra, Non-Deterministic Data Testing Linting, Data Validation, API Testing, API Requests, Unit Testing, Test Automation, Logging, DVC, MLFlow, GitHub Collaboration, Heroku, FastAPI, Python Testing, Python Exception Handling, Data Ingestion, Data Cleaning, Exploratory Data Analysis",,,Udacity,,
Learn Kotlin,,,"Android Custom Views, FireBase, RecyclerView, Android Notifications, Android Activity Lifecycle, Google Maps in Android Development, Android Development Basics, Mobile App Testing, Offline Caching, Model-View-ViewModel Architecture, Android Studio, Multi-Screen App Design, Android UI Development, Espresso Testing Framework, Location-Aware App Development",,,Udacity,,
Full Stack Web Developer,,,"Flask, Parsing Form Data, API Fluency Testing, Documentation, Development, Git, Code Reviews, Object-Relational Mapping, Continuous Integration, Continuous Deployment, Integration Testing, Application Security Basics, Application Authentication and Authorization, JWTs, Auth0, Data Security Fundamentals, Data Encryption, SQLAlchemy, unittest, psycopg2, Docker, Kubernetes, AWS CodePipeline, CodeBuild, CLI, Amazon Elastic Kubernetes, PostgreSQL, HTTP, CORS, Relational Database Transactions, Relational Database Migration, Fluency, Orchestration",4.5,,Udacity,,
How to Become a Digital Marketer,,,"Link building, SEO audits, Digital marketing metrics, Google Analytics fundamentals, Google Ads, MarTech fluency, Search text ads, Search engine optimization, Keyword lists, Marketing channels, Content calendars, Social media advertising, Search engine ad ranking, Target personas, Content marketing strategy, Marketing KPIs, Conversion tracking, A/B testing, Facebook Ads, Dynamic search ads, Competitive analysis",4.7,,Udacity,,
Become a Data Product Manager,,,"Data Pipelines, Data Pipeline Design, Data Gathering, Exploratory Data Analysis, Data Limitations and Biases, Data Infrastructure Basics, Relational Data Models, Data Storytelling, Image Transformations, Data Consumers, Product KPIs, Product Proposals, Cohort Analysis, Behavioral Market Segmentation, Multivariate Testing, Experiment Design, A/B Testing, Tableau Visualizations",,,Udacity,,
Learn SQL,,,"SQL JOINs, Window Functions, Query Performance Tuning, Queries, CRUD Commands, Aggregations, Database Normalization, Data Cleaning, Redis, MongoDB, Data Manipulation Language, RDBMS, Performance and Optimization, Query Plans, Foreign Keys, Database Indexing, Database Fundamentals, Data Schemas",4.6,,Udacity,,
Learn React,,,"React Component State, React Router, React Native Basics, React Native OS APIs, React Hooks, React Design Patterns, React Native Styling, Create React App, Basic React, Application State Management with Redux, React-Redux Bindings, Jest, JavaScript Functions, Unit Testing, Software Testing, Integration Testing, Fetching Data, CSS-in-JS, Mobile App Styling, Mobile Data Management, Application Development Best Practices, Code Debugging, Test-Driven Development, Data Lifecycle Management",4.7,,Udacity,,
Deep Learning,,,"Recurrent Neural Networks, Generative Adversarial Networks, Convolutional Neural Networks, Long-Short Term Memory Networks, Deep Learning Fluency, CycleGAN, Backpropagation, Autoencoders, Model Training, Model Evaluation, Hyperparameter Tuning, Cloud-Based Machine Learning, PyTorch, Metric Learning, Sentiment Analysis, Image Classification, Image Generation, SageMaker Model Monitor, Logs, API Gateway, Model Deployment, NumPy",4.7,,Udacity,,
How to Become a UX Designer,,,"UI Kits and Plugins, UI Design, Iterative Product Design, High Fidelity Prototypes, User Research Planning, Accessible User Experience Design, Solution Sketching, Production-Ready Assets, Product Prototyping, Product Design Principles, Low Fidelity Prototypes, Human-Centered Design, Guerilla Design Sprints, Design Systems, User Interviews, Usability Testing",4.7,,Udacity,,
Introduction to Cybersecurity,,,"Threat Intelligence, Vulnerability Management, Cybersecurity Fluency, Security Auditing, Systems Security, Security Information and Event Management, Security Assessment, Cybersecurity Controls, Cybersecurity Risk Management, Cybersecurity Business Context, Cybersecurity GRC, Cybersecurity Compliance, Cryptography, Security Architecture Fundamentals, Identity and Access Management Fundamentals, Cybersecurity Incident Response Playbooks, Patch Management",,,Udacity,,
Become a Deep Reinforcement Learning Expert,,,"Value-Based Reinforcement Learning Exploration-Exploitation Dilemma, Stochastic Policy Gradients REINFORCE Algorithm, Prioritized Experience Replay,Generalized Advantage Estimation, Markov Decision Processes, Markov Games, Monte Carlo Methods Dynamic Programming",4.6,,Udacity,,
Become a Computer Vision Expert,,,"Object Tracking, Object Detection, Image Caption Generation, Recurrent Neural Networks, Convolutional Neural Networks, Attention Mechanisms, SLAM, Object Localization, Hough Transforms. Feature Detection, Model Training, Feature Embeddings, Data Augmentation, PyTorch, 2D Image Transforms, K-Means Clustering",4.6,,Udacity,,
Become a Java Web Developer,,,"JUnit, JPA, MyBatis, Servlets, Java Annotations, Java Testing, Java Package Management, Hibernate ORM, Spring Boot, Spring Data JPA, Spring Boot Configuration, Spring Security, Spring MVC, Spring Managed Components, GraphQL, SQL Queries, SQL Scripts, Unit Testing, Functional Testing, Object-Relational Mapping, Dependency Injection, Web Services, Microservices, Application Servers, REST APIs, API Development, Model-View-Controller, Multitier Architecture, Logging, CI/CD, Git, Hashing, Selenium, Thymeleaf, Splunk, Docker, Swagger, Maven, Application Security Basics, JSON",4.5,,Udacity,,
Become a Natural Language Processing Expert,,,"Machine Translation, Word2Vec Text Summarization, Text Pre-processing, Speech Recognition, Part of Speech Tagging, NLP Models, Information Retrieval, Information Extraction, GloVe, FastText, Alexa Skill Creation, Voice User Interfaces, Question Answering Systems, Alexa Skill Deployment, Feature Extraction, Attention Mechanisms, Image Caption Generation, Viterbi Algorithm, Baum-Welch Algorithm, IBM Watson, Hidden Markov Models",4.5,,Udacity,,
Growth Product Manager,,,"Activation Metrics, Growth Metrics, Customer Acquisition Cost, Lifetime Value, Customer Churn Rate, Cost Per Acquisition, Conversion Rate, Cohort Analysis, Product Monetization Metrics, Strategy, Tactics, Product Financial Metrics, Target Personas, Growth Loops, Premium Value, Product Strategy, Product Strategy Business Context, ICE Scoring Model, Project Evaluation, Competitive Analysis, Solution Sketching, Experiment Design, A/B Testing, Experiment Metrics, UX Friction, UX Design Principles, User Personas, User Journey Maps",,,Udacity,,
Data Analysis and Visualization with Microsoft Power BI,,,"Data Visualization Design, Advanced Data Visualizations, Data Visualization, DAX, Data Transformation, Data Extraction, Power BI Report Customization, Power BI Report Design, Power BI Calculated Columns and Measures, Power Query, Business Reporting Fluency, Relational Data Models, Stakeholder Management",,,Udacity,,
Cloud Native Application Architecture,,,"Microservices Security, Kubernetes Security, Docker Security, Refactoring from a Monolith, Cloud Architecture Model Types, Cloud Observability, Cloud Computing Fluency, Cloud Computing Fluency, Cloud Communication Protocols, Argo CD, Helm, Grafana, Message Passing, gRPC, Application Tracing, Grafana, Rest APIs, STRIDE Framework, CIS Benchmarks",,,Udacity,,
Become a Cloud DevOps Engineer,,,"Amazon Web Services Basics, AWS Lambda, AWS Database Services, Amazon Elastic Compute Cloud, Amazon CloudWatch, Cloud Security in AWS, Docker, Kubernetes, Cloud Computing Fluency, Cloud Computing Business Context, Cloud Observability, Cloud Load Balancing, Cloud Security Fluency, Cloud Patch Management, CI/CD",4.6,,Udacity,,
Become a Data Architect,,,"Data Architecture Fluency, Star Schemas, Database Scalability, Data Lake Management, NoSQL, Database Normalization, Data Staging, Data Schemas, Master Data Management, Metadata Management, Data Governance Fluency, Logical ERDs, ERDs, Crow's Foot Notation, Conceptual ERDs, Data Ingestion, Data Cleaning, Big Data Fluency, Data Quality Assessment, PostGreSQL, Distributed Data Processing",,,Udacity,,
How to Become an iOS Developer,,,"Azure ML User Management, Azure ML Pipelines, Azure ML SDK, Azure ML Platform, Azure Data Services, Model Deployment with Azure, Azure Kubernetes Service, AI Business Context, REST APIs, Model Evaluation, Hyperparameter Tuning, Kubernetes, Docker, Cloud Asset Management",4.6,,Udacity,,
How to Become a Blockchain Developer,,,"Smart Contracts, Blockchain, Private Blockchain, Cryptocurrency Tokens, Privacy and Security, Bitcoin Core, Bitcoin, ZoKrates, ZK-SNARKs, Solidity, Ethereum, Decentralized Storage Protocol, Dapps, Blockchain Transactions, Blockchain Oracles, UML",4.5,,Udacity,,
Digital Project Management,,,"Waterfall project management, Project scoping, planning, risk mitigation, Project execution, Key performance indicators, Gantt charts, Sprint planning, Scrum boards, Scrum, Agile frameworks, Stakeholder identification, Stakeholder analysis, Cost-benefit analysis, Software development lifecycle",,,Udacity,,
Data Engineering with Microsoft Azure,,,"Azure Pipelines, Azure Portal, Azure Data Factory, SQL Databases in Azure, Azure Synapse Analytics, Azure Blob Storage, Apache Spark, Data Pipeline Creation, Databricks, Data Extraction, Data Lakes, OLAP Cubes, Database Fundamentals, Cloud Computing Fluency, Big Data Fluency",,,Udacity,,
Become an AWS Cloud Architect,,,"AWS Availability Zones, Cloud Security in AWS, AWS IAM, AWS Cost Explorer, AWS Autoscaling, Data Encryption in AWS, AWS Lambda, AWS Key Management Service, AWS CLI, Amazon VPC, Amazon CloudWatch, Terraform, Lucidchart, Cloud Performance Management, Cloud Availability, Cloud Computing Fluency, Infrastructure as Code, IAM Policies, Recovery Time Objective, Recovery Point Objective, Disaster Recovery Plans",4.6,,Udacity,,
How to Become a Robotics Engineer,,,"Object Localization, FastSLAM, Environment Mapping, SLAM, Monte Carlo Localization, GraphSLAM, Environment Modeling, Sample-Based Path Planning, Probabilistic Path Planning, Automated Path Planning, Particle Filters, Occupancy Grid Mapping Algorithm, Extended Kalman Filters, Breadth-First Search, Robot Operating System, TurtleBot, ROS Nodes, ROS EKF Package, Gazebo, Search Algorithms in C++, Gaussian Distribution",4.5,,Udacity,,
How to Become a Machine Learning Engineer,,,"Neural Network Basics, Deep Learning Fluency, AWS Lambda, Machine Learning Fluency, Hyperparameter Tuning, Feature Engineering, SageMaker JumpStart, Machine Learning Use Cases, Machine Learning Framework Fundamentals, AI Business Context, Model Performance Metrics, SageMaker Training Jobs, SageMaker Feature Store, Distributed Model Training with SageMaker, Data Loading with SageMaker, Cloud Resource Allocation",,,Udacity,,
Become an AI Product Manager,,,"Dataset Annotation, Model Evaluation, Model Bias Mitigation, Continuous Learning, Product Success Metrics, Product Validation, Product Scaling, Product Proposals, Product Goals, Product Development cycle, Transfer Learning, Training Neural Networks, TAI Fluency, AI Business Context, Product Prototyping, Ideation",4.4,,Udacity,,
Learn Data Structures and Algorithms,,,"Basic Algorithms, Recursive Algorithms, Sorting Algorithms, Greedy Algorithms, Hashing, Depth-First Search, Breadth-First Search, Iterators, Call Stacks, Python Data Structures, Python Trees, Python Lists, Python Arrays, Python String Methods",4.7,,Udacity,,
Agile Software Development,,,"Agile Metrics, Sprint Planning, Agile Fluency, Continuous Improvement, Agile Governance, Agile Communication, User Stories, Sprint Retrospectives, Product Release Planning, Product Iteration Planning, Product Backlogs, Big Visible, Information Radiator, Backlog Management, Technical Debt Management, Waterfall Project Management, Project Risk Mitigation, Product Roadmaps, Feature Prioritization, CI/CD",,,Udacity,,
Learn Intermediate Python,,,"Functional Programming Concepts , File I/O, Command Line Tools, Scripting, Application Servers, Web Services Flask, Fetching Data, Object Creation Design Patterns, Inheritance, Code Debugging, REST APIs, API Fluency, Object-Oriented Design Patterns, Application Dependency Management, Object-Oriented Python, Pythonic Design Patterns, Python Scripting, Python Library Fluency, Python Data Structures, Python Best Practices",,,Udacity,,
Become a Cloud Developer,,,"Amazon Web Services Basics, Amazon RDS, Amazon Elastic Compute Cloud, Cloud Security in AWS, Amazon S3, Kubernetes, Docker, Cloud Computing Fluency, Serverless Cloud Computing Architecture, Microservices Architecture Design, Serverless Development, Unit Testing, Integration Testing, Microservices Debugging",4.5,,Udacity,,
Become a Sensor Fusion Engineer,,,"Point Cloud Data, Non-Linear Motion Tracking, Point Clouds, Object Tracking, Object Clustering, Digital Image Keypoint Descriptors, Sensor Fusion, Radar Clutter Thresholding, Object Motion Models, Autonomous Vehicle Fluency, Kalman Filters, RANSAC Algorithm, Extended Kalman Filters, Radar, LiDAR, Basic Trigonometry, Point Cloud Library",4.7,,Udacity,,
AI for Business Leaders,,,"Machine Learning Fluency, Machine Learning Use Cases, Machine Learning System Architectures, Machine Learning Dataset Fundamentals, AI Business Context, Model Performance Metrics, Dataset Annotation, Ethical AI, Beta Testing, Product Storyboarding, Iterative Product Design, Product Proposals, Product Roadmaps, Overfitting Prevention",4.6,,Udacity,,
Expand Your Knowledge of Artificial Intelligence,,,"Optimization Algorithms, Minimax Search, Search Algorithms, Constraint Propagation, Constraint Satisfaction Problems, Bayesian Networks, Likelihood Function, First Order Logic, Propositional Logic, Automated Planning Problem Definition, Automated Planning Heuristics, Multi-Agent Training, Time-Series Analysis with ML",4.5,,Udacity,,
Data Streaming,,,"Kafka Rest Proxy, Kafka Connect, Kafka Basics, Confluent Kafka Python Client, Faus, Apache Spark, Apache Avro, Stream Processing, Stream Processing Use Cases, Streaming Data Stores, Data Streaming Schemas, JSON, Data Serialization, Data Deserialization, Base64, KSQL, SQL Window Functions, SQL Queries, SQL Aggregations",4.3,,Udacity,,
Become a Java Programmer,,,"Java Data Types, Collections, Syntax, Inheritance, Reflection, Modules, Generics, Exception Handling, JRE, Java Stream API, Java Arrays, Mockito, Parallel Computing, Threading, Resource Leaks, Programming Paradigms, Design Pattern Fundamentals, Structural, Creational, Behavioral Design Patterns, Unit Testing, Integration Testing, Maven, IntelliJ, JDK, Wiremock, Data Serialization, Encoding, Deserialization",,,Udacity,,
Learn Intermediate JavaScript,,,"Object-Oriented JavaScript, JavaScript Promises, Functional JavaScript, JavaScript Async/Await, Asynchronous JavaScript, Redux, JavaScript Variables, JavaScript Syntax, JavaScript Object Methods, JavaScript Methods, JavaScript Functions, JavaScript Exception Handling, IIFEs, Arrays in JavaScript, AngularJS, Variable Scope, Functional, Programming Concepts, Programming Paradigms, Immutable Data, Object Creation Design Patterns, The Document Object Model, Fetching Data",,,Udacity,,
AI for Healthcare,,,"Feature Engineering, Data Splitting, Model Performance Metrics, Signal-to-Noise Ratio, AI for 2D Medical Imaging, Medical Imaging Basics, Clinical Basics, Electrocardiographs, Medical and Healthcare Regulations and Standards, FDA Medical Device Framework, DICOM, Medical Code Sets, Exploratory Data Analysis, PyDicom",4.6,,Udacity,,
Intro to Self-Driving Cars,,,"Python Syntax, Python Data Structures, Python Arrays, C++ Syntax, C++ Libraries, C++ Functions, C++ Code Optimization, Probability Distribution, Basic Probability, Bayes' Theorem, Pythagorean Theorem, Integrals, Derivatives, Vectors, Matrix Operations, Search Algorithms, Histogram Filters, Algorithmic Problem Solving, Classes, Object-Oriented Programming Basics, Object Localization, Object Motion Models, Image Pre-Processing, Computer Vision Fluency, Image Transformations",4.6,,Udacity,,
Become a Marketing Analyst,,,"Filtering in Google Analytics, Google Analytics Metrics, Google Analytics Dashboards, Google Analytics Attribution Reports, Basic Spreadsheet Use, Forecast Modeling in Spreadsheets, Spreadsheet Functions, Pivot Tables, UTM Codes, Marketing Metrics, Market Segmentation, Conversion Rate, Quantitative Data Visualization, Data Visualization Design, Data Storytelling, Basic Descriptive Statistics, Inferential Statistics, Google Data Studio, Tableau Visualizations",4.6,,Udacity,,
Intro to Machine Learning with PyTorch,,,"Independent Component Analysis, Gaussian Mixture Models, Principal Component Analysis, Dimensionality Reduction, Naive Bayes Classifiers, Support Vector Machines, Perceptron, Model Evaluation, Hyperparameter Tuning, Decision trees, Training Neural Networks, Deep Learning Fluency, Backpropagation, scikit-learn, Pytorch, Convolutional Kernels, Spam Detection",4.7,,Udacity,,
Predictive Analytics for Business,,,"Univariate Time-Series Analysis, Analytic Frameworks, Data Cleaning, CRISP-DM, ETL, Types of Data, Linear Regression, k-means Clustering, Cluster Validation, ARIMA, A/B Testing, Interpreting Test Results, Experiment control, Tableau Visualizations",4.7,,Udacity,,
Intro to Machine Learning with TensorFlow,,,"Independent Component Analysis, Gaussian Mixture Models, Principal Component Analysis, Dimensionality Reduction, Naive Bayes Classifiers, Support Vector Machines, Perceptron, Model Evaluation, Hyperparameter Tuning, Decision trees, Training Neural Networks, Deep Learning Fluency, Backpropagation, scikit-learn, Pytorch, Convolutional Kernels, Spam Detection",4.7,,Udacity,,
Full Stack JavaScript Developer,,,"API Development, REST APIs, API Testing, API Requests, Scripting, Coding Best Practices, Express Web Framework, Web Forms, HTML, Deployment Automation, DevOps Documentation, CI/CD, Automation Testing, Unit Testing, Test Environments, Test-Driven Development, Hashing, NodeJS, JavaScript Package Management, Jasmine, Asynchronous JavaScript, AngularJS, Angular Components, Angular CLI, Node-Postgres, TypeScript Typing, TypeScript Syntax, SQL Queries, SQL JOINs, AWS Elastic Beanstalk, Amazon S3, PostgreSQL, Database Fundamentals, Data Definition, Data Schemas, JWTs",,,Udacity,,
Digital Freelancer,,,"Social Media Presence, Portfolio Websites, Freelancing Platforms, Stakeholder Management, Elevator Pitches, Invoicing, Freelance Pricing Frameworks, Project Scoping, Trello Software, Brand Design, Service Agreements, NDAs",,,Udacity,,
Ethical Hacker,,,"Digital Footprint Removal, Phishing, Cybersecurity Reconnaissance, Web Hacking, SQL Injection, Cybersecurity Pivoting, Vulnerability Scanning, Vulnerability Management, Vulnerability Assessment, CVSS, Metasploit, WPscan, OSINT Tools, Nmap, Burp Suite, CherryTree, Link Analysis, Exploratory Data Analysis",,,Udacity,,
Security Architect,,,"Access Control Matrices, Architecture Diagramming, Cybersecurity Incident Response Playbooks, Network Security Fundamentals, Cybersecurity Business Context, Cybersecurity Risk Management, Threat Modeling, Threat Profiling, DiD Framework, Zachman Framework, TOGAF Framework, Cloud Security in AWS, AWS Config",,,Udacity,,
Site Reliability Engineer,,,"Toil Reduction, Site Reliability Engineering Business Context, Service Level Objectives, Cloud availability, Prometheus, Terraform, Data Recovery, Data Replication, Deployment Automation, Disaster Recovery plans, Grafana",,,Udacity,,
Become a Machine Learning Engineer for Microsoft Azure,,,"Azure ML User Management, Azure ML Pipelines, Azure ML SDK, Azure ML Platform,Azure Data Services, Model Deployment with Azure, Kubernetes, Docker, Model Interpretation, Model Evaluation, Hyperparameter Tuning, REST APIs, Cloud Asset Management, Kubernetes Security",,,Udacity,,
Data Science for Business Leaders,,,"Data Science Strategy, Data Science Roadmaps, Building Data Science Teams, Data Science Business Context, Data Science Use Cases, Project Risk Mitigation, Project Evaluation, Data and Data Architecture Strategy, Product Management Basics, Structured Problem Solving Method",,,Udacity,,
Become a Cloud Developer using Microsoft Azure,,,"Cloud Security in Azure, Azure App Service, SQL Databases in Azure, Azure Monitor, Azure functions, Azure Resource Groups, Azure Logic Apps, Azure Event Grid, Azure Compute Service, Azure Blob Storage, Azure Automation, Cloud Migration, Microservices Architecture Basics, Microservices Architecture Design, Cloud Observability, Cloud Availability, Cloud Cost Management, Cloud Resource Allocation",,,Udacity,,
Golang,,,"Go Loops, Goroutines, Go Variables, Go Structs, Go Slices, Go Range, Go Interfaces, Go Functions, Go Conditionals, Go Arrays",,,Udacity,,
Cloud DevOps using Microsoft Azure,,,"Software Performance Testing, Functional Testing, Test Environments, Integration Testing, Test Automation, Infrastructure as Code, Azure Monitor, Azure Log Analytics, Network Security with Azure, Logging, GitOps, CI/CD, Continuous Deployment, Selenium, Apache JMeter, Terraform, Packer, Cloud Observability",,,Udacity,,
Flying Car and Autonomous Flight Engineer,,,"3D Robot Motion control, PID Controller, Object State Estimation, 2D Robot Motion control, 1D Robot Motion Control, Dead Reckoning, Sensor Fusion, Drone Flight Control, Automated Path Planning, Feature Tracking, Quadrotor Dynamics, Model Performance Metrics, Basic Probability, Statistical Sampling, Graph Theory, Least Squares, Quadrotor Hardware Components, Accelerometers, Quadrotor Control Systems, Gyroscopes, Control Systems, Sensor Calibration, GPS, Sensors, Extended Kalman Filters, Kalman Filters, Unscented Kalman Filters, Particle Filters, Mathematical Optimization",4.6,,Udacity,,
Security Engineer,,,"Vulnerability Assessment, Vulnerability Scanning, Vulnerability Patching, Security Auditing, Access Management, Multi-Factor Authentication, Mandatory Access Control, Firewall Configuration, Network Access Control Lists, OWASP Top-10, Vulnerability Exploitation, Application Security Best Practices, Static Application Security Testing, Data Encryption, Logging, Hashing",,,Udacity,,
Data Visualization,,,"Data Storytelling, Data Visualization Design, Animated Data Visualizations, Chart Types, Data Limitations and Biases, Tableau Storypoint, Tableau Interactive Dashboards, Tableau Visualizations, Tableau Data Pane, Flourish, Business KPIs, Issue Trees",4.6,,Udacity,,
Cloud Architect using Microsoft Azure,,,"Cloud Cost Policies, Cloud Cost Evaluation, Cloud Cost Optimization, Azure Security Center, Azure Resource Manager, Azure Pricing Calculator, Azure Key Vault, Azure Defender, Privileged Identity Management, Identity and Access Management Fundamentals, Disaster Recovery Plans",,,Udacity,,
Programming for Data Science with R,,,"Git, SQL Queries, SQL JOINs, SQL Aggregations, SQL Window Functions, SQL Subqueries, Control Flow in R, R Syntax, R Function Definition, R Data Structures, Data Structures, UNIX Shell, IDEs",4.8,,Udacity,,
Cloud Computing for Business Leaders,,,"Cloud ROI, Cloud Product Strategy, Cloud Solution Evaluation, Cloud Migration Strategy, Cloud Computing Fluency, Cloud Governance Strategy, Cloud Deployment Models, Cloud Cost Governance, Cloud Computing Business Context, Cloud Compliance, Cloud Security Strategy, Technology Gap Analysis, Organizational Skill Gap Analysis, Organizational Capability Building, Cloud Product Management, Cross-Functional Collaboration",,,Udacity,,
Security Analyst,,,"Threat Modeling, Vulnerability Assessment, Security Risk Classification, Security Information and Event Management, Cybersecurity Controls, Security Assessment, Cybersecurity Fluency, Intrusion Detection Systems, Network Traffic Capture, DiD Framework, Cybersecurity Incident Response Playbooks, Cybersecurity Threat Triage, Penetration Testing, Splunk, Snort IDS, Technical Communication, Patch Management, Logging",,,Udacity,,
Data Privacy,,,"Privacy Impact Assessments Data Privacy Fundamentals Data Privacy Classification, Data Privacy Governance, Data Privacy Checklists, Data Privacy Best Practices, Data Loss Prevention, Technical Cybersecurity Controls, Procedural Cybersecurity Controls, NIST Cybersecurity Framework, Data Privacy Regulations",,,Udacity,,
AI Engineer using Microsoft Azure,,,"Azure Cognitive Services, Microsoft Bot Framework, Azure Cognitive Search, Azure Conversational AI Agents, Azure Cognitive Search Queries, Azure Cognitive Search Indexers, Azure Cognitive Search Data Import, Azure Form Recognizer, Application Monitoring with Azure, Object Detection, Image Classification, Form Recognition, Facial Recognition, Face Detection, Bounding Boxes, Architecture Diagramming, Requirements Gathering",,,Udacity,,
Privacy Engineer,,,"Data Privacy Fundamentals, Privacy Risk Assessment, Privacy by Design Framework, Data Minimization, Data Anonymization, Tiers of Deletion, Redaction for Data Minimization, Obfuscation for Data Minimization, k-anonymization, Data Privacy Principles, Data Privacy Classification, Data Encryption, Right to be Forgotten, Regional Privacy Regulations, Healthcare Privacy Regulations, Financial Privacy Regulations, Electronic Communications Regulations, Data Privacy Regulations, Child Privacy Regulations, Sensitive Data Tracking, Data Lifecycle Management, Hashing",,,Udacity,,
Enterprise Security,,,"Device Hardening Strategy, Cybersecurity Policy Writing, Server Hardening Strategy, Cybersecurity Compliance, Backup Strategy, Vulnerability Management, Security Information and Event Management, Security Auditing, Zero Trust Security Model, Data Encryption, Secure Network Architecture Design, API Security, Cloud Hardening Strategy, Container Vulnerability Management, IT Asset Management",,,Udacity,,
Statistics for Data Science,,,"Sample Testing, Conditional Probability, Standard Score, Probability Distribution, Normal Distribution, Basic Probability, Linear Regression, Logistic Regression, Data Limitations and Biases",,,Udacity,,
Cybersecurity for Business Leaders,,,"Basic Cybersecurity Implementation, Threat Actors, Security Devices, Cybersecurity Risk Management, Cybersecurity Training Strategies, Social Engineering, Phishing",,,Udacity,,
Introduction to Python,,,"NumPy, Pandas, Python Scripting, Python Methods, Python Function Definition, Built-In Python Functions, Python Syntax, Python Package Management, Python Operators, Python IDEs, Python Exception Handling, Python Data Types, Python Data Structures, Python Best Practices, List Comprehension, Anaconda, Control Flow, Variable Scope, User Input Handling, Iterators, Docstrings",,,Udacity,,
Unsupervised Machine Learning,,,"Independent Component Analysis, Gaussian Mixture Models, Principal Component Analysis, Dimensionality Reduction, Single Linkage Clustering, K-Means Clustering, DBSCAN, Cluster Models, Market Segmentation",,,Udacity,,
Product Design,,,"Product Design Sprints, Product Prototyping, Solution Sketching, Product Storyboarding, Product Design Principles, Iterative Product Design, High Fidelity Prototypes, Crazy 8s, User Research Planning, User Interviews, How Might We Method, Affinity Mapping, Technical Feasibility Evaluation, Product Validation, Product Success Metrics, Product Management Basics, Product KPIs, Project Evaluation, Decision Matrix Method",,,Udacity,,
Zero Trust Security,,,"Zero Trust Pillars, Zero Trust Security Model, Zero Trust Deployment Strategy, Zero, Trust Maturity Model, Zero Trust Algorithms, Cybersecurity Risk Management, Perimeter Security",,,Udacity,,
Supervised Machine Learning,,,"Naive Bayes Classifiers, Support Vector Machines, Perceptron, Model Evaluation, Hyperparameter Tuning, Decision trees, Statistical Modeling Fundamentals, Logistic Regression, Linear Regression, scikit-learn, Convolutional Kernels, Spam Detection, Quantitative Data Visualization, Chart Types, Categorical Data Visualization",,,Udacity,,
SQL for Data Analysis,,,"SQL JOINs, SQL Aggregations, SQL Window Functions, SQL Subqueries, SQL Queries",,,Udacity,,
Introduction to Data Analysis,,,"Pandas, NumPy, Jupyter Notebooks, Anaconda, Data Analysis Process, Quantitative Data Analysis",,,Udacity,,
Data Wrangling,,,"Data Preparation, Data Ingestion, Data Cleaning, Data Wrangling, Pandas",,,Udacity,,
Product Strategy,,,"Product Proposals, Product Management Basics, Problem Validation, Product Validation, Product Requirements Documents, Product KPIs, Stakeholder Management, Storytelling, Mixed Methods Market Research, Competitive Analysis, Total Addressable Market, Return on Investment, Requirements Gathering, Minimal Viable Products, User Personas",,,Udacity,,
Data Engineering for Data Scientists,,,"Tokenization, tf-idf, Sentiment Analysis, Part of Speech Tagging, Lemmatization, Entity Recognition, Bag of Words, Machine Learning Pipeline Creation, Machine Learning Pipeline Fundamentals, scikit-learn, Hyperparameter Tuning, Feature Engineering, Feature Extraction, Data Cleaning, ETL, Data Preparation, Data Ingestion, Data Normalization, Data Pre-Processing, SQLite",,,Udacity,,
Introduction to Data Science,,,"Predictive Analytics, Exploratory Data Analysis, Data Storytelling, CRISP-DM, Blog Posts, GitHub Portfolios, AI Algorithms in Python, Statistical Modeling Fundamentals",,,Udacity,,
Introduction to SQL,,,"SQL Subqueries, SQL JOINs, SQL Window Functions, SQL Queries, SQL Aggregations, SQL Query Performance Tuning, Data Cleaning",,,Udacity,,
Experimental Design & Recommendations,,,"SMART Experiments, Interpreting Test Results, Experiment Control, Experiment Metrics, Experiment Design, Bias Detection, Recommendation Engine Fluency, Recommendation Engines, Recommendation Engine Business Context, AI Algorithms in Python, Latent Variables, Matrix Factorization",,,Udacity,,
Introduction to Data Analytics for Business,,,"Basic Spreadsheet Use, Spreadsheet Functions, Forecast Modeling in Spreadsheets, Pivot Tables, Quantitative Data Visualization, Chart Types, Categorical Data Visualization, Business KPIs, Sales Metrics, Marketing Metrics, Growth Metrics, Finance Metrics, Basic Descriptive Statistics, Inferential Statistics",,,Udacity,,
Data Visualization with Python,,,"Exploratory Data Analysis, Data Limitations and Biases, Data Visualization Design, Data Storytelling, Quantitative Data Visualization, Data Fluency, Jupyter Notebooks, Latent Variables",,,Udacity,,
Become a business intelligence analyst.,,,"Basic understanding of how to read different types of charts, for example, pie charts, line charts, and column charts,Basic skills in exploring and communicating data, such as investigating and communicating raw data to understand the columns of the data and their meaning,Basic knowledge of Microsoft Excel, including the use of basic functions such as SUM and AVERAGE",,,Udacity,,
Learn multi-cloud computing.,,,"Cloud Solution Evaluation, Cloud Governance Strategy, Cloud Cost Evaluation, Cloud Product Strategy, Cloud Operational Efficiency, Cloud Architecture Proficiency, Terraform",,,Udacity,,
Ethical AI,,,"AI Fairness, Ethical AI, AI Governance, AI Transparency, Explainable AI, Model Bias Analysis, Model Bias Mitigation",,,Udacity,,
Business Ethics: Exploring Big Data and Tax Avoidance,,,,,,Future Learn,,
Managing Big Data with R and Hadoop,,,,,,Future Learn,,
Introduction to Predictive Modelling,,,,,,Future Learn,,
Computer Science Essentials: Data Structures,,,,,,Future Learn,,
Introduction to Big Data Analytics with Hadoop,,,,,,Future Learn,,
Introduction to Digital Transformation: Understand and Manage Digital Transformation in the Workplace,,,,,,Future Learn,,
Learn about Current Digital Workplace Trends,,,,,,Future Learn,,
CRM Fundamentals and Practice: Salesforce Automation and Best Practice,,,,,,Future Learn,,
Financial Analysis for Business Decisions: Introduction to Data Analysis Tools and Capital Projects,,,,,,Future Learn,,
Data Visualisation: Data Dashboards and Storytelling with Tableau,,,,,,Future Learn,,
Understanding the GDPR,,,,,,Future Learn,,
Marketing Analytics,,,,,,Future Learn,,
Data Analytics and Python Fundamentals,,,,,,Future Learn,,
Data Wrangling and Ingestion using Python,,,,,,Future Learn,,
Python Packages: NumPy and Pandas Dataframe,,,,,,Future Learn,,
"Big Data Analytics: Opportunities, Challenges, and the Future",,,,,,Future Learn,,
Data Visualisation with Python: Bokeh and Advanced Layouts,,,,,,Future Learn,,
Data Visualisation with Python: Matplotlib and Visual Analysis,,,,,,Future Learn,,
Data Visualisation with Python: Seaborn and Scatter Plots,,,,,,Future Learn,,
Essential Mathematics for Data Science and Machine Learning: Using R,,,,,,Future Learn,,
Applied Artificial Intelligence: Natural Language Processing,,,,,,Future Learn,,
Applied Artificial Intelligence: Speech Recognition Systems,,,,,,Future Learn,,
Microsoft Future Ready: Ethics and Law in Data and Analytics,,,,,,Future Learn,,
Microsoft Future Ready: Principles of Machine Learning with Python Programming,,,,,,Future Learn,,
Microsoft Future Ready: Using Python Programming to Explore the Principles of Machine Learning,,,,,,Future Learn,,
AI and Machine Learning Algorithms Using Python,,,,,,Future Learn,,
Data Visualisation Fundamentals for Absolute Beginners,,,,,,Future Learn,,
Deep Learning on Azure with Python: Introduction to Deep Learning,,,,,,Future Learn,,
Deep Learning on Azure with Python: Introduction to Machine Learning,,,,,,Future Learn,,
Deep Learning on Azure with Python: Reinforcement Learning,,,,,,Future Learn,,
Deep Learning on Azure with Python: The Basics of Python Programming,,,,,,Future Learn,,
Essential Mathematics for Data Analysis in Microsoft Excel,,,,,,Future Learn,,
Financial Analysis for Business Decisions: How to Use Tableau and Financial Modelling,,,,,,Future Learn,,
Financial Analysis for Business Performance: Data-Driven Decision Making,,,,,,Future Learn,,
"Financial Analysis for Business Performance: Planning, Budgeting, and Forecasting",,,,,,Future Learn,,
Financial Analysis for Business Performance: Reporting and Stakeholder Management,,,,,,Future Learn,,
How to Use Microsoft Excel for Data Analysis,,,,,,Future Learn,,
Introduction to Artificial Intelligence and Machine Learning,,,,,,Future Learn,,
Introduction to Data Analysis using Excel for Absolute Beginners,,,,,,Future Learn,,
Mastering Cloud Computing for AI: How to Use Microsoft Azure,,,,,,Future Learn,,
Microsoft Future Ready: Ethics and Laws in Data and Analytics,,,,,,Future Learn,,
Collecting and Using Data for Disease Control and Global Health Decision-Making,,,,,,Future Learn,,
Introduction to Research Ethics: Working with People,,,,,,Future Learn,,
"Social Influence: Diversity, Conformity, and Conflict",,,,,,Future Learn,,
How to Develop Cultural Awareness,,,,,,Future Learn,,
"Equality, Diversity, and Inclusion: Understanding Bias and Allyship in EDI",,,,,,Future Learn,,
"EDI: Foundations of Equality, Diversity, and Inclusion",,,,,,Future Learn,,
"Equality, Diversity, and Inclusion: Identity and Belonging Concepts in EDI",,,,,,Future Learn,,
External Conduct Standards for Charities,,,,,,Future Learn,,
Governance Standards Part A: Introduction and Governance Standards 1-3,,,,,,Future Learn,,
International Leadership: Ethical Leadership and Decision-Making,,,,,,Future Learn,,
International Leadership: Politics and Philosophy in Leadership,,,,,,Future Learn,,
Cultivating Diversity through Research and Insights,,,,,,Future Learn,,
Cultural Appropriation vs Cultural Appreciation,,,,,,Future Learn,,
Research Ethics and Vulnerability:  Ethical Research in Adults with Impaired Decision-Making Capacity,,,,,,Future Learn,,
Introduction to Business Law,,,,,,Future Learn,,
IT Ethics: Professionalism and Ethics in Computing,,,,,,Future Learn,,
Inclusive Management and Leadership Skills,,,,,,Future Learn,,
Ethical Practices to Guide Innovation,,,,,,Future Learn,,
Doing Business in Conflict Zones,,,,,,Future Learn,,
Doing Good in a Conflict Zone,,,,,,Future Learn,,
"How to Measure, Reduce, and Offset your Company’s Carbon Footprint",,,,,,Future Learn,,
Social Impact in Business: How to Build a Brand that Matters,,,,,,Future Learn,,
Responsible Marketing and the Fundamentals of Corporate Social Responsibility,,,,,,Future Learn,,
Ethical Cities: Shaping the Future of Your City,,,,,,Future Learn,,
People Studying People: Research Ethics in Society,,,,,,Future Learn,,
Social Change: How Can Marketing Help?,,,,,,Future Learn,,
An Introduction to Medical Ethics: The Impact of Disability Screening,,,,,,Future Learn,,
"Interpreting for Refugees: Contexts, Practices and Ethics",,,,,,Future Learn,,
Ethical Management and Decision Making,,,,,,Future Learn,,
Social Enterprise: Business Doing Good,,,,,,Future Learn,,
Social Enterprise: Turning Ideas into Action,,,,,,Future Learn,,
Construction Ethics and Compliance,,,,,,Future Learn,,
Understanding Modern Business and Organisations,,,,,,Future Learn,,
Enterprise: Everybody’s Business,,,,,,Future Learn,,
Emergency Planning and Preparedness: An Introduction,,,,,,Future Learn,,
The Freelance Bible: How to Be a Freelancer in Any Industry,,,,,,Future Learn,,
Start Your Own Business: Your Business Idea,,,,,,Future Learn,,
Build a Growth Mindset & Career Success with Advice from Female Founders,,,,,,Future Learn,,
Career Coaching for Women: Supercharge Your Career with AllBright,,,,,,Future Learn,,
Tackling Climate Change: Sustainable Business Models for a Circular Economy,,,,,,Future Learn,,
Fashion and the Global Supply Chain,,,,,,Future Learn,,
An Introduction to Macro Environmental Analysis and Business Strategy,,,,,,Future Learn,,
Business Management and Leadership,,,,,,Future Learn,,
Business Planning to Grow Successful Companies,,,,,,Future Learn,,
Competitor Analysis: From Business Level Strategy to Organisational Structures,,,,,,Future Learn,,
Internal Analysis of a Company: From Value Chain to SWOT Analysis,,,,,,Future Learn,,
International Marketing: Selection and Market Entry Strategies,,,,,,Future Learn,,
Strategic Goals: How to Master Corporate Strategy,,,,,,Future Learn,,
Strategic Planning: Target Markets and Business Decision-Making,,,,,,Future Learn,,
How to Launch Your Own Food Product,,,,,,Future Learn,,
How to Manage Food Costing in the Catering and Restaurant Industry,,,,,,Future Learn,,
Strategic Business Planning,,,,,,Future Learn,,
Personal Trainer's Toolkit: Build a Health and Fitness Business Network,,,,,,Future Learn,,
History Branding: Using History to Strengthen Corporate Identity,,,,,,Future Learn,,
UX Design Fundamentals: Creating Business Outcomes,,,,,,Future Learn,,
Transforming Your Organisation with the UN SDGs,,,,,,Future Learn,,
Business Agility Foundations: A Framework,,,,,,Future Learn,,
Business Agility Foundations: An Agile Culture,,,,,,Future Learn,,
Business Agility Foundations: An Introduction,,,,,,Future Learn,,
Business Agility Foundations: Engaging Others,,,,,,Future Learn,,
Fundamentals of Business Strategy,,,,,,Future Learn,,
Fundamentals of International Business,,,,,,Future Learn,,
Behavioural Economics: Employee and Customer Behaviour,,,,,,Future Learn,,
Social Psychology: Employee and Customer Behaviour,,,,,,Future Learn,,
Strategic planning for professional service firms in the time of COVID-19,,,,,,Future Learn,,
Leading Strategic Innovation: How to Lead with Purpose,,,,,,Future Learn,,
Build a Leading Innovation Strategy,,,,,,Future Learn,,
EFQM Foundation Online Certificate,,,,,,Future Learn,,
"Introduction to Business Improvement: Lean Six Sigma, Kaizen, and Problem Solving",,,,,,Future Learn,,
Introduction to Organisational Development,,,,,,Future Learn,,
Drive Business Improvement with the EFQM Model,,,,,,Future Learn,,
Beauty Decoded: Strategy in the Global Beauty Business,,,,,,Future Learn,,
Methodologies for Service Design,,,,,,Future Learn,,
Strategic Brand Management with Advertising Week,,,,,,Future Learn,,
Social Enterprise: Growing a Sustainable Business,,,,,,Future Learn,,
Communication and Interpersonal Skills at Work,,,,,,Future Learn,,
Learning Online: Communicating and Collaborating,,,,,,Future Learn,,
Foundations of Writing,,,,,,Future Learn,,
Science Communication and Public Engagement,,,,,,Future Learn,,
A Beginner’s Guide to Giving and Receiving Feedback,,,,,,Future Learn,,
Workforce Planning: Research and Implementation the Basics,,,,,,Future Learn,,
Active Listening: How to Be an Effective Communicator,,,,,,Future Learn,,
Digital Copywriting Fundamentals,,,,,,Future Learn,,
Sisterhood Works: How to Build a More Meaningful Network,,,,,,Future Learn,,
Effective Communication Skills for Professionals,,,,,,Future Learn,,
Copywriting Fundamentals,,,,,,Future Learn,,
Critical and Strategic Thinking in Practice,,,,,,Future Learn,,
International Marketing: Cultural Factors,,,,,,Future Learn,,
Create a Professional Online Presence,,,,,,Future Learn,,
Presenting Your Work with Impact: Presentation Skills Training,,,,,,Future Learn,,
Groupthink: Understanding the Need for a Diverse Workplace,,,,,,Future Learn,,
Explore and Understand the Gaming Industry,,,,,,Future Learn,,
How to Create Everlasting Experiences Through Gaming,,,,,,Future Learn,,
Effective Communication Skills for Engineers,,,,,,Future Learn,,
Cognitive Psychology: Employee and Customer Behaviour,,,,,,Future Learn,,
Brand Strategy and Communication,,,,,,Future Learn,,
Creating Strategies for Influencer Marketing,,,,,,Future Learn,,
Effective Questioning for Call Handlers,,,,,,Future Learn,,
Communicating with Diverse Audiences,,,,,,Future Learn,,
Business Etiquette: Master Communication and Soft Skills,,,,,,Future Learn,,
Intercultural Communication: Dynamics of cultural identities in global interaction,,,,,,Future Learn,,
Business Etiquette,,,,,,Future Learn,,
Project Planning and Communication: Mastering Gantt Charts and Stakeholder Management,,,,,,Future Learn,,
Influencing and Communication Skills for Managers,,,,,,Future Learn,,
An Introduction to Building Information Modelling,,,,,,Future Learn,,
An Introduction to Financial Management in Construction,,,,,,Future Learn,,
Designing and Building with Healthier Materials,,,,,,Future Learn,,
Mental Health in Construction,,,,,,Future Learn,,
Sustainable Construction and Development,,,,,,Future Learn,,
Quality in Construction,,,,,,Future Learn,,
User Management in Salesforce,,,,,,Future Learn,,
CRM Fundamentals and Practice: Introduction to Salesforce,,,,,,Future Learn,,
"CRM Fundamentals and Practice: Salesforce Reports, Objects, and Data Management",,,,,,Future Learn,,
Dynamics 365: Customer Engagement for Sales,,,,,,Future Learn,,
Customer Experience Design for Customer Success: CX Impact and Strategic Insights,,,,,,Future Learn,,
Customer Experience Design for Customer Success: Designing Great Customer Experiences,,,,,,Future Learn,,
Customer Experience Design for Customer Success: Ensuring Customer Success,,,,,,Future Learn,,
Business Analytics Using Forecasting,,,,,,Future Learn,,
"Start Your Own Business: Creativity, Innovation and Research",,,,,,Future Learn,,
Why Research Matters,,,,,,Future Learn,,
A Beginner’s Guide to Data Analytics,,,,,,Future Learn,,
Introduction to Business Intelligence and Data Analytics,,,,,,Future Learn,,
Climate Intelligence: Using Climate Data to Improve Business Decision-Making,,,,,,Future Learn,,
Introduction to Data Analytics for Investment,,,,,,Future Learn,,
Evidence and Data Collection for Problem Solving,,,,,,Future Learn,,
Global Shocks: How to Manage Change in the Global Business Environment,,,,,,Future Learn,,
Introduction to Menu Engineering,,,,,,Future Learn,,
Understanding Research Methods in Business,,,,,,Future Learn,,
Microsoft Power BI: Advanced Data Analysis and Visualisation,,,,,,Future Learn,,
Statistics and Data Analysis in Excel,,,,,,Future Learn,,
Successful Data Analysis for Modern Industries,,,,,,Future Learn,,
Microsoft Excel: Advanced Data Analysis and Visualisation,,,,,,Future Learn,,
Introduction to Data Science for Business,,,,,,Future Learn,,
Introduction to Data Analytics with Python,,,,,,Future Learn,,
The Human Face of User Research: How to do User Research Online and Offline,,,,,,Future Learn,,
Data Analysis and Fundamental Statistics,,,,,,Future Learn,,
Excel for Data Analysis,,,,,,Future Learn,,
SQL for Data Analysis,,,,,,Future Learn,,
"Fashion Management: Defining Markets, Business Models & Trends",,,,,,Future Learn,,
The Power of Data in Health and Social Care,,,,,,Future Learn,,
Introduction to Process Mining with ProM,,,,,,Future Learn,,
Making Sense of Data in the Media,,,,,,Future Learn,,
Understanding Data in the Tourism Industry,,,,,,Future Learn,,
Data Visualisation: Creating charts and complex visualisations in Tableau,,,,,,Future Learn,,
Data Visualisation: Data Visualisation with Tableau Fundamentals,,,,,,Future Learn,,
Edward Jenner: 0 - An Introduction to Personal Development,,,,,,Future Learn,,
Energy Transition and Sustainable Economies,,,,,,Future Learn,,
Using Creative Problem Solving,,,,,,Future Learn,,
How to Develop Critical Thinking Skills,,,,,,Future Learn,,
International Leadership: Reflective Practice in Leadership,,,,,,Future Learn,,
A Beginner’s Guide to Critical and Creative Thinking,,,,,,Future Learn,,
Decision Making: How to Choose the Right Problem to Solve,,,,,,Future Learn,,
Emotional Intelligence and Critical Thinking for Problem Solving,,,,,,Future Learn,,
Introduction to Home Ownership and Mortgages,,,,,,Future Learn,,
Career Planning Essentials: Unlock Your Future,,,,,,Future Learn,,
Get Creative with People to Solve Problems,,,,,,Future Learn,,
Creative Problem Solving: Design Thinking in Health and Social Care,,,,,,Future Learn,,
Get Started With Digital Marketing,,,,,,Future Learn,,
Digital Skills: Digital Marketing,,,,,,Future Learn,,
Digital Skills: Social Media,,,,,,Future Learn,,
"Creative Marketing for Behaviour Change, Sustainability and Social Good",,,,,,Future Learn,,
International Marketing: Definition and Strategy,,,,,,Future Learn,,
Creating engaging content for Social Media,,,,,,Future Learn,,
Digital Marketing Analytics and Measurement: Advanced Web Analytics,,,,,,Future Learn,,
Digital Marketing Analytics and Measurement: Goals and Attribution Modelling,,,,,,Future Learn,,
Digital Marketing Analytics and Measurement: Reporting Dashboards,,,,,,Future Learn,,
Digital Marketing Analytics and Measurement: Web Analytics Planning and Tactics,,,,,,Future Learn,,
Digital Marketing Analytics and Measurement: Web Analytics in Perspective,,,,,,Future Learn,,
Introduction to Marketing: Understanding your Customers,,,,,,Future Learn,,
Online Display Advertising: Formats and Creative,,,,,,Future Learn,,
Online Display Advertising: Measuring Performance,,,,,,Future Learn,,
Online Display Advertising: Targeting Options,,,,,,Future Learn,,
Online Display Advertising: The User Journey,,,,,,Future Learn,,
Digital Marketing in Perspective,,,,,,Future Learn,,
Digital Marketing: Content Marketing,,,,,,Future Learn,,
Digital Marketing: Marketing Channel Objectives,,,,,,Future Learn,,
Digital Marketing: Personas and User Journeys,,,,,,Future Learn,,
Strategic Design for Social Media,,,,,,Future Learn,,
Brand Identity: How Branding Works and Building Your Personal Brand,,,,,,Future Learn,,
Brand Personality: How to Tell Your Story with Authenticity and Relevance,,,,,,Future Learn,,
Brand Purpose: Marketing Yourself and Building Meaningful Connections,,,,,,Future Learn,,
Facebook Marketing: Organic Reach and Paid Advertising,,,,,,Future Learn,,
Instagram Marketing: Instagram Essentials and Content Creation,,,,,,Future Learn,,
LinkedIn Marketing: LinkedIn Essentials and Content Creation,,,,,,Future Learn,,
Social Media Marketing Strategy: Objective Setting and Strategic Planning Essentials,,,,,,Future Learn,,
Fundamentals of Digital Marketing,,,,,,Future Learn,,
Digital Marketing: Storytelling in the New Communication Landscape,,,,,,Future Learn,,
Master Digital Marketing: Introduction to Marketing,,,,,,Future Learn,,
Master Digital Marketing: Marketing Fundamentals,,,,,,Future Learn,,
Master Digital Marketing: Marketing Strategy,,,,,,Future Learn,,
Master Digital Marketing: The Marketing Mix,,,,,,Future Learn,,
Create a Social Media Marketing Campaign,,,,,,Future Learn,,
How to Create Great Online Content,,,,,,Future Learn,,
Social Media Marketing with Advertising Week,,,,,,Future Learn,,
Digital Marketing for Hoteliers,,,,,,Future Learn,,
Content Marketing Strategy with Advertising Week,,,,,,Future Learn,,
Getting Started with Digital Marketing,,,,,,Future Learn,,
How to Develop Your Social Media Content Strategy,,,,,,Future Learn,,
"Running a Social Media Campaign: Customers, Influencer Engagement, Analytics",,,,,,Future Learn,,
Understanding Social Media Strategy,,,,,,Future Learn,,
Starting a Business 1: Vision and Opportunity,,,,,,Future Learn,,
Starting a Business 2: People and Networks,,,,,,Future Learn,,
Starting a Business 3: Customers and Competitors,,,,,,Future Learn,,
Starting a Business 4: Business Processes,,,,,,Future Learn,,
Starting a Business 5: Managing Finances,,,,,,Future Learn,,
Starting a Business 6: Funding Your Business,,,,,,Future Learn,,
Uncovering Your Entrepreneurial Potential,,,,,,Future Learn,,
Entrepreneurship in Nonprofits,,,,,,Future Learn,,
Start Your Own Business: Financial Viability for a New Venture,,,,,,Future Learn,,
Start Your Own Business: Marketing a New Business,,,,,,Future Learn,,
Transitioning From Friend To Leader,,,,,,Future Learn,,
Creativity and Innovation: Their Role in Becoming an Entrepreneur,,,,,,Future Learn,,
Culturepreneurship: How to Start a Creative Business,,,,,,Future Learn,,
Green Innovation and Business Ethics: The Future of Entrepreneurship,,,,,,Future Learn,,
Implementing Your Business Ideas: From Risk Identification to SWOT Analysis,,,,,,Future Learn,,
Success and Failure in Entrepreneurship: Discover the Key to Business Success,,,,,,Future Learn,,
Teaching Entrepreneurial Thinking,,,,,,Future Learn,,
Entrepreneurship and Innovation: Creative Management for Business Success,,,,,,Future Learn,,
Competitive Advantage: Using Information to Build Business Success,,,,,,Future Learn,,
Entrepreneurship: From Business Idea to Action,,,,,,Future Learn,,
Demystifying Business Models for New Entrepreneurs,,,,,,Future Learn,,
"Fashion Management: Innovation, Entrepreneurship & Sustainability",,,,,,Future Learn,,
Technology Entrepreneurship: How to Start a New Venture,,,,,,Future Learn,,
Teach like an Entrepreneur: Bringing Entrepreneurship into the Classroom,,,,,,Future Learn,,
Build a Startup from Scratch: the Venture Design Process,,,,,,Future Learn,,
Upcycling: From Green Ideas to Starting a Business,,,,,,Future Learn,,
Raising Funds for Your Startup,,,,,,Future Learn,,
Design and Create Custom Dashboards in Excel,,,,,,Future Learn,,
How to Use Pivot Tables to Analyse Data in Excel,,,,,,Future Learn,,
Introduction to Excel Charts for Data Visualisation,,,,,,Future Learn,,
Analysing Data in Excel,,,,,,Future Learn,,
Excel Skills to Make an Impression,,,,,,Future Learn,,
A Beginner’s Guide to Basic Cooking Skills,,,,,,Future Learn,,
Food Safety and Personal Hygiene in a Professional Kitchen,,,,,,Future Learn,,
Introduction to Emerging Technologies in a Professional Kitchen,,,,,,Future Learn,,
Introduction to Sustainable Practices in Food Service,,,,,,Future Learn,,
Mastering the Culinary Art of Plating,,,,,,Future Learn,,
Professional Knife Skills,,,,,,Future Learn,,
The True Story of Jamaican Jerk: Cooking and Caribbean Culture,,,,,,Future Learn,,
Healthy Cooking Made Easy with BBC Good Food,,,,,,Future Learn,,
Learn How to Bake Afternoon Tea with BBC Good Food,,,,,,Future Learn,,
Learn How to Bake Pies and Tarts with BBC Good Food,,,,,,Future Learn,,
Learn How to Bake Showstopper Cakes with BBC Good Food,,,,,,Future Learn,,
Learn How to Bake Sourdough with BBC Good Food,,,,,,Future Learn,,
Story of a Wine: The Importance of Being Prosecco,,,,,,Future Learn,,
Learn How to Bake with BBC Good Food,,,,,,Future Learn,,
Introduction to Content Design,,,,,,Future Learn,,
Healthcare Selection and Recruitment: Design and Deliver Effective Multiple Mini Interviews (MMIs),,,,,,Future Learn,,
Digital Skills: User Experience,,,,,,Future Learn,,
MedTech: Trends and Product Design,,,,,,Future Learn,,
A Beginner’s Guide to Fashion Design,,,,,,Future Learn,,
Fashion and the Climate Crisis: An Introduction to Sustainability,,,,,,Future Learn,,
Teaching Digital Literacy: Videogames in Education,,,,,,Future Learn,,
"Preparing for a Practice-based PhD in Fine Art, Design, and Film",,,,,,Future Learn,,
Video Game Design and Development: Video Game Character Design,,,,,,Future Learn,,
"Introduction to Freehand Drawing for Architecture, Interiors and Design.",,,,,,Future Learn,,
Design Thinking for Sustainable Development,,,,,,Future Learn,,
Introduction to 3D Animation using Blender,,,,,,Future Learn,,
The Design Thinking Toolbox,,,,,,Future Learn,,
A Beginner’s Guide to Interior Design Principles and Elements,,,,,,Future Learn,,
Your Role in Sustainable Fashion: Sustainable Practices Across the Fashion Ecosystem,,,,,,Future Learn,,
UX Design Fundamentals: Business Value Through User Experience (UX) Design,,,,,,Future Learn,,
UX Design Fundamentals: Delivering Value to Users,,,,,,Future Learn,,
UX Design Strategy and Application: Customer Journey Mapping,,,,,,Future Learn,,
"UX Design Strategy and Application: Strategy, Innovation and the Future of Work",,,,,,Future Learn,,
Understanding Fashion: From Business to Culture,,,,,,Future Learn,,
Design Board Games for Socio-Political Change,,,,,,Future Learn,,
"Creating Audio Description: Equality, Diversity, and Inclusion",,,,,,Future Learn,,
Placemaking and Public Space Design: Unlocking Place Potential,,,,,,Future Learn,,
Designing for a Diverse and Inclusive Future,,,,,,Future Learn,,
Placemaking and Public Space Design: Unlocking Design Potential,,,,,,Future Learn,,
Designing for a Future Where No One Feels Socially Isolated,,,,,,Future Learn,,
Placemaking and Public Space Design: Unlocking Tourist Destinations,,,,,,Future Learn,,
Introduction to UX Design,,,,,,Future Learn,,
Introduction to Production Design for Film and Screen,,,,,,Future Learn,,
Designing for a Sustainable Future,,,,,,Future Learn,,
Video Game Design and Development: A Bit-by-Bit History of Video Game Music: Video Game Sound and Music,,,,,,Future Learn,,
Designing a Future Where Learning is a Lifestyle,,,,,,Future Learn,,
Video Game Design and Development: Introduction to Game Programming,,,,,,Future Learn,,
Introduction to UX and Accessible Design,,,,,,Future Learn,,
Invitation to Ex-Noguchi Room: Preservation and Utilization of Cultural Properties in Universities,,,,,,Future Learn,,
Modern Building Design,,,,,,Future Learn,,
Getting Started with Agile and Design Thinking,,,,,,Future Learn,,
How to Build Your Creative Resilience,,,,,,Future Learn,,
How to Enhance Your Creative Empathy,,,,,,Future Learn,,
How to Improve Your Creative Collaboration,,,,,,Future Learn,,
Creating a Great User Experience for Mobile Apps,,,,,,Future Learn,,
Creative Branding with Advertising Week and Fernando Machado,,,,,,Future Learn,,
UX Design Strategy and Application: Customer Profiling and Design Sprints,,,,,,Future Learn,,
Pop Art,,,,,,Future Learn,,
WW1 Heroism: Through Art and Film,,,,,,Future Learn,,
Motion Capture: The Art of Studying Human Activity,,,,,,Future Learn,,
Culture in the Digital Age,,,,,,Future Learn,,
How to Make a Short Film: An Introduction to Filmmaking,,,,,,Future Learn,,
How to Create Video for Online Courses,,,,,,Future Learn,,
Data Literacy for Journalists,,,,,,Future Learn,,
How to Understand the Gaming Audience,,,,,,Future Learn,,
"An Anthropology of Smartphones: Communication, Ageing and Health",,,,,,Future Learn,,
Low-Budget Video Production: Visual Communication for Small Charities,,,,,,Future Learn,,
Filmmaking and Animation Online and in the Classroom,,,,,,Future Learn,,
"Lights, Camera, Computer - Action! How Digital Technology is Transforming Film, TV, and Gaming",,,,,,Future Learn,,
Film Education: A User's Guide,,,,,,Future Learn,,
Short Film in Language Teaching,,,,,,Future Learn,,
The Living Picture Craze: An Introduction to Victorian Film,,,,,,Future Learn,,
Construct a Virtual Reality Experience,,,,,,Future Learn,,
"Introduction to Virtual, Augmented and Mixed Reality",,,,,,Future Learn,,
Innovation: the Fashion Industry,,,,,,Future Learn,,
Compassion in Fashion: Sustainability and the Global Fur Trade,,,,,,Future Learn,,
"Careers in Fashion: Design, Development, and Promotion",,,,,,Future Learn,,
"Careers in Fashion: Retail Marketing, Merchandising, and Management",,,,,,Future Learn,,
"Careers in Fashion: Styling, Curatorship, and the Ancillary Businesses",,,,,,Future Learn,,
Careers in Fashion: Trend Forecasting and Textile Design,,,,,,Future Learn,,
Introduction to Fashion Brand Marketing and Retailing,,,,,,Future Learn,,
Introduction to Fashion Marketing and Research,,,,,,Future Learn,,
Product Design and Manufacturing Processes in the Fashion Industry,,,,,,Future Learn,,
Business Law and the Fashion Industry,,,,,,Future Learn,,
Business and Workplace Ethics in the Fashion Industry,,,,,,Future Learn,,
Consumers and Ethical Considerations in the Fashion Industry,,,,,,Future Learn,,
Introduction to Careers in Fashion Design,,,,,,Future Learn,,
Manufacture and Design Ethics in the Fashion Industry,,,,,,Future Learn,,
Sales and Advertising Ethics in the Fashion Industry,,,,,,Future Learn,,
Introduction to Digital Fashion Design Skills,,,,,,Future Learn,,
Fashion and Sustainability: Understanding Luxury Fashion in a Changing World,,,,,,Future Learn,,
Africa to the World: Analysing the Global Appeal for African Luxury Fashion,,,,,,Future Learn,,
Fashion Values: Society,,,,,,Future Learn,,
Power Dressing in the Zoom Era,,,,,,Future Learn,,
Digital Playground: Where Luxury Fashion is Finding its Sense of Humour,,,,,,Future Learn,,
Fashion and Gaming: How Luxury Fashion Brands Use Gamification,,,,,,Future Learn,,
Fashion Values: Economy,,,,,,Future Learn,,
A History of Royal Fashion,,,,,,Future Learn,,
The Future of Fashion,,,,,,Future Learn,,
Fashion Values: Nature,,,,,,Future Learn,,
Art Comes First: Exploring the Intersection of Style and Identity,,,,,,Future Learn,,
"Fashion Management: Brands, Communication & Distribution",,,,,,Future Learn,,
Fashion Management: Products and Collections,,,,,,Future Learn,,
Exploring Body Neutrality and Body Image with Jameela Jamil,,,,,,Future Learn,,
Who Made My Clothes?,,,,,,Future Learn,,
Fashion's Future: The Sustainable Development Goals,,,,,,Future Learn,,
Film Distribution: Connecting Films with Audiences,,,,,,Future Learn,,
Introduction to Photography Basics,,,,,,Future Learn,,
Introduction to Image Analysis for Plant Phenotyping,,,,,,Future Learn,,
Improving Your Image: Dental Photography in Practice,,,,,,Future Learn,,
"The Essential Financial Management Toolbox for Film, Screen and Broadcast",,,,,,Future Learn,,
Pictures of Youth: An Introduction to Children’s Visual Culture,,,,,,Future Learn,,
Drone Safety for Managers (Australia),,,,,,Future Learn,,
Drone Safety for Managers (India),,,,,,Future Learn,,
Drone Safety for Managers (Latin America),,,,,,Future Learn,,
Start Writing Fiction,,,,,,Future Learn,,
Feature Writing,,,,,,Future Learn,,
"Fairy Tales: Meanings, Messages, and Morals",,,,,,Future Learn,,
What Does It Mean to Be Human? An Introduction to the Humanities,,,,,,Future Learn,,
What Is Poetry? An Introduction to Literary Analysis,,,,,,Future Learn,,
Preparing for University,,,,,,Future Learn,,
Stylistics: Using Linguistics to Explore Texts and Meaning,,,,,,Future Learn,,
An Introduction to Screenwriting,,,,,,Future Learn,,
Poetry: How to Read a Poem,,,,,,Future Learn,,
The Art of Washi Paper in Japanese Rare Books,,,,,,Future Learn,,
How to Write Your First Song,,,,,,Future Learn,,
"Cancer and the Older Person: Improving Care, Outcomes and Experience",,,,,,Future Learn,,
Transgender Healthcare: Caring for Trans Patients,,,,,,Future Learn,,
Ethical Decision-Making in Care,,,,,,Future Learn,,
Good Pharmacy Practice: Medication Management,,,,,,Future Learn,,
Understanding Mental Health in Muslim Communities,,,,,,Future Learn,,
Cancer Survivorship for Primary Care Practitioners,,,,,,Future Learn,,
Rheumatoid Arthritis: Exercises for Hands,,,,,,Future Learn,,
Interpreting Genomic Variation: Fundamental Principles,,,,,,Future Learn,,
Interpreting Genomic Variation: Inherited Cancer Susceptibility,,,,,,Future Learn,,
"Caregiving, Dementia, and Incontinence",,,,,,Future Learn,,
An Introduction to Leading with Kindness and Compassion in Health and Social Care,,,,,,Future Learn,,
Safeguarding Adults: Level 3 Training,,,,,,Future Learn,,
Personalised Care: Peer Leadership Foundation - Step Two,,,,,,Future Learn,,
Caring for Older People: a Partnership Model,,,,,,Future Learn,,
Taking Control of Your Hip and Knee Osteoarthritis,,,,,,Future Learn,,
A Survey of Substance Use Disorder,,,,,,Future Learn,,
Introduction to Medical Cannabis: Seed to Sale,,,,,,Future Learn,,
Physiotherapy Exercise and Physical Activity for Knee Osteoarthritis (PEAK - PORTUGUESE),,,,,,Future Learn,,
Personal Trainer's Toolkit: Developing Fitness Programs for Older People,,,,,,Future Learn,,
Integrative Pain Management - Chinese Medicine and Western Medicine,,,,,,Future Learn,,
Caring for Children Moving Alone: Protecting Unaccompanied and Separated Children,,,,,,Future Learn,,
"WISDOM - Tomorrow’s Doctor, Today: Supporting Today’s Expert Generalist GP",,,,,,Future Learn,,
Conducting Remote Consultations and Triage,,,,,,Future Learn,,
Capacity Building: Core Competencies for Health Promotion,,,,,,Future Learn,,
Cognitive Behavioural Skills to Treat Back Pain: The Back Skills Training (BeST) Programme,,,,,,Future Learn,,
Neurological Disorders: How to Provide Care,,,,,,Future Learn,,
English for Healthcare,,,,,,Future Learn,,
Understanding Genetic Disorders: How DNA Influences Health,,,,,,Future Learn,,
Managing COVID-19 in Primary Care,,,,,,Future Learn,,
Working with Patients with Limited Health Literacy,,,,,,Future Learn,,
"Healthy Ageing: Concepts, Interventions, and Preparing for the Future",,,,,,Future Learn,,
Dysphagia: Swallowing Difficulties and Medicines,,,,,,Future Learn,,
End-of-Life Care for People with Dementia,,,,,,Future Learn,,
Protecting Children during COVID-19 and other Infectious Disease Outbreaks,,,,,,Future Learn,,
Physiotherapy Exercise and Physical Activity for Knee Osteoarthritis (PEAK),,,,,,Future Learn,,
Developing Clinical Empathy: Making a Difference in Patient Care,,,,,,Future Learn,,
Preventing and Managing Infections in Childcare and Pre-school,,,,,,Future Learn,,
Social Care During COVID-19: Coping with Self-Isolation and Social Distancing,,,,,,Future Learn,,
COVID-19: Psychological First Aid in Africa,,,,,,Future Learn,,
Foundations in Dementia,,,,,,Future Learn,,
Supporting Victims of Domestic Violence,,,,,,Future Learn,,
The Many Faces of Dementia,,,,,,Future Learn,,
Medicine Administration for Carers,,,,,,Future Learn,,
Care Home Nursing: Changing Perceptions,,,,,,Future Learn,,
Tackling Antimicrobial Resistance: A Social Science Approach,,,,,,Future Learn,,
A Practical Guide for SARS-CoV-2 Whole Genome Sequencing,,,,,,Future Learn,,
Causes of Human Disease: Transmitting and Fighting Infection,,,,,,Future Learn,,
Lyme Disease: Prevention and Management,,,,,,Future Learn,,
Making sense of genomic data: COVID-19 web-based bioinformatics,,,,,,Future Learn,,
The Resistant Mosquito: Staying Ahead of the Game in the Fight against Malaria,,,,,,Future Learn,,
The Power of Genomics to Understand the COVID-19 Pandemic,,,,,,Future Learn,,
Examining African Contributions to Global Health,,,,,,Future Learn,,
"Plagues, Pestilence and Pandemics: Are You Ready?",,,,,,Future Learn,,
The Monday Campaigns: Lessons in Public Health Promotion,,,,,,Future Learn,,
Diagnostics for AMR: Building Back Better from the COVID-19 Pandemic,,,,,,Future Learn,,
The Role of Diagnostics in the Antimicrobial Resistance Response,,,,,,Future Learn,,
Protección de la infancia durante la COVID-19 y otros brotes de enfermedades infecciosas,,,,,,Future Learn,,
Challenges in Antibiotic Resistance: Point Prevalence Surveys,,,,,,Future Learn,,
Challenges in Antibiotic Resistance: Gram Negative Bacteria,,,,,,Future Learn,,
"Antimicrobial Stewardship for the Gulf, Middle East and North Africa",,,,,,Future Learn,,
The Role of Vaccines in Preventing Infectious Diseases and Antimicrobial Resistance,,,,,,Future Learn,,
Syndromic Testing and Antimicrobial Stewardship,,,,,,Future Learn,,
COVID-19 in Africa: Managing the Outbreak in Primary Care Settings,,,,,,Future Learn,,
e-Bug Health Educator Training,,,,,,Future Learn,,
Vaccine Development: Finding a Vaccine for COVID-19 and Future Pandemics,,,,,,Future Learn,,
Prison Health: Managing Outbreaks of Tuberculosis in Prisons,,,,,,Future Learn,,
Disease Outbreaks in Low and Middle Income Countries,,,,,,Future Learn,,
The Global Challenge of Vector Borne Diseases and How to Control Them,,,,,,Future Learn,,
A History of Public Health in Post-War Britain,,,,,,Future Learn,,
Genealogy: Researching Your Family Tree,,,,,,Future Learn,,
"New Zealand History, Culture and Conflict: A Museum Perspective",,,,,,Future Learn,,
Discover the Hidden History of York,,,,,,Future Learn,,
Travelling Books: History in Europe and Japan,,,,,,Future Learn,,
The Scientific Revolution: Understanding the Roots of Modern Science,,,,,,Future Learn,,
Policing and Protest in Manchester: The Moss Side Riots,,,,,,Future Learn,,
Many Faces: Understanding the Complexities of Chinese Culture,,,,,,Future Learn,,
An Introduction to Japanese Subcultures,,,,,,Future Learn,,
A Global History of Sex and Gender: Bodies and Power in the Modern World,,,,,,Future Learn,,
History of Slavery in the British Caribbean,,,,,,Future Learn,,
Beyond the Ballot: Women’s Rights and Suffrage from 1866 to Today,,,,,,Future Learn,,
Peterloo to the Pankhursts: Radicalism and Reform in the 19th Century,,,,,,Future Learn,,
Sino-Japanese Interactions  Through Rare Books,,,,,,Future Learn,,
English Football: a Social History,,,,,,Future Learn,,
Japanese Culture Through Rare Books,,,,,,Future Learn,,
Get ready for a Masters in Data Science and AI,,,,,,Future Learn,,
AI and Big Data in Global Health Improvement,,,,,,Future Learn,,
Artificial Intelligence for Healthcare: Opportunities and Challenges,,,,,,Future Learn,,
Applications of AI Technology,,,,,,Future Learn,,
AI for Legal Professionals (II): Tools for Lawyers,,,,,,Future Learn,,
Artificial Intelligence: Distinguishing Between Fact and Fiction,,,,,,Future Learn,,
Begin Robotics,,,,,,Future Learn,,
How to Implement Industry 4.0 Technologies,,,,,,Future Learn,,
Digital Skills: Artificial Intelligence,,,,,,Future Learn,,
Introduction to Microsoft Azure AI Fundamentals,,,,,,Future Learn,,
MedTech: AI and Medical Robots,,,,,,Future Learn,,
Build a Physical Computing Prototype,,,,,,Future Learn,,
Internet of Things (IoT) and Sustainability,,,,,,Future Learn,,
Introduction to Tools for Robotics,,,,,,Future Learn,,
Introduction to Application of Robotic Tools,,,,,,Future Learn,,
Microsoft Future Ready: Data Science Research Methods Using Python Programming,,,,,,Future Learn,,
Microsoft Future Ready: Designing and Implementing an Azure AI Solution,,,,,,Future Learn,,
A Beginner’s Guide to Becoming a Blockchain Developer with Overledger,,,,,,Future Learn,,
Intelligent Systems: An Introduction to Deep Learning and Autonomous Systems,,,,,,Future Learn,,
Using AI to Gain a Competitive Edge for your Customer Experience (CX),,,,,,Future Learn,,
Get Started with a Voice Assistant: Developing Alexa Skills,,,,,,Future Learn,,
Introduction to Creative AI,,,,,,Future Learn,,
AI for Healthcare: Equipping the Workforce for Digital Transformation,,,,,,Future Learn,,
Applied Artificial Intelligence: Computer Vision and Image Analysis,,,,,,Future Learn,,
AI Programming with Python for Beginners,,,,,,Future Learn,,
Deep Learning on Azure with Python: AI for Beginners,,,,,,Future Learn,,
Mathematics for Data Science: Essential Mathematics for Machine Learning and AI,,,,,,Future Learn,,
Microsoft Future Ready: Essential Mathematics for Machine Learning and AI,,,,,,Future Learn,,
Building a Future with Robots,,,,,,Future Learn,,
"The Laws of Digital Data, Content and Artificial Intelligence (AI)",,,,,,Future Learn,,
Design a Feminist Chatbot,,,,,,Future Learn,,
Introduction to Physical Computing,,,,,,Future Learn,,
Containerised Applications on AWS,,,,,,Future Learn,,
Exam Prep: AWS Certified Cloud Practitioner Foundations,,,,,,Future Learn,,
AWS: Essential Optimisation for Cloud Cost Management,,,,,,Future Learn,,
AWS Cloud Practitioner Essentials: Jumpstart your journey within the AWS Cloud,,,,,,Future Learn,,
AWS Cloud Technical Essentials,,,,,,Future Learn,,
Microsoft Future Ready: Azure Cloud Fundamentals,,,,,,Future Learn,,
Microsoft Future Ready: Introduction to Azure Cloud for Data Scientists,,,,,,Future Learn,,
Azure Cloud Fundamentals for Data Science with Python,,,,,,Future Learn,,
NFTs: A Practical Guide,,,,,,Future Learn,,
Introduction to Digital Transformation and E-Commerce,,,,,,Future Learn,,
Digital Skills: Digital Skills for Work and Life,,,,,,Future Learn,,
Digital Skills: Mobile,,,,,,Future Learn,,
Introduction to Data Engineering with Microsoft Azure 2,,,,,,Future Learn,,
Introduction to Microsoft Azure Fundamentals,,,,,,Future Learn,,
A Beginner’s Guide to Docker,,,,,,Future Learn,,
Agile Project Management with Jira for Beginners,,,,,,Future Learn,,
Essential Applications for Agile Scrum Project Management,,,,,,Future Learn,,
Introduction to 5G and Wireless Mobile Communications,,,,,,Future Learn,,
A Beginner’s Guide to Web Development with HTML5,,,,,,Future Learn,,
Introduction to Networking Basics with CCNA,,,,,,Future Learn,,
R for Regression and Machine Learning in Investment,,,,,,Future Learn,,
Accounting With Xero: A Beginner’s Guide,,,,,,Future Learn,,
Information Security Policy and Management,,,,,,Future Learn,,
The Cyber Security Landscape,,,,,,Future Learn,,
Microsoft Future Ready: Introduction to Design Thinking,,,,,,Future Learn,,
Dynamics 365: Implementing Power Platform Integrations,,,,,,Future Learn,,
Dynamics 365: Testing and Deploying Power Platform Applications,,,,,,Future Learn,,
Dynamics 365: Using Power Platform Applications,,,,,,Future Learn,,
Microsoft Dynamics 365 Fundamentals,,,,,,Future Learn,,
Computer Vision: Image Understanding for Efficient Business and Industry,,,,,,Future Learn,,
Introduction to Microsoft Power Platform for Business,,,,,,Future Learn,,
Advanced Agile with Scrum and Kanban,,,,,,Future Learn,,
Scaled Agile,,,,,,Future Learn,,
Digital Discovery,,,,,,Future Learn,,
Digital Skills: Embracing Digital Technology,,,,,,Future Learn,,
How to Plan a Hackathon: Hacking the Challenges of Digital Education,,,,,,Future Learn,,
Innovation in EdTech: Hacking the Challenges of Digital Education,,,,,,Future Learn,,
Successful Agile for Digital Teams,,,,,,Future Learn,,
Software Development Basics,,,,,,Future Learn,,
"Decentralised Finance: Blockchain, Ethereum, and The Future of Banking",,,,,,Future Learn,,
Introduction to Blockchain Technology and Applications,,,,,,Future Learn,,
Digital Skills: Reimagine Your Career,,,,,,Future Learn,,
Dynamics 365: Working with Power Platform Automation,,,,,,Future Learn,,
Microsoft Future Ready: Designing and Implementing a Data Science Solution on Azure,,,,,,Future Learn,,
Systems Thinking for Sustainability: Practical Application of the SiD Method,,,,,,Future Learn,,
Migrating to the AWS Cloud,,,,,,Future Learn,,
Designing Infrastructure Solutions with Microsoft Azure Architecture,,,,,,Future Learn,,
Introduction to Data Engineering with Microsoft Azure 1,,,,,,Future Learn,,
Version Control Essentials: Git and GitHub,,,,,,Future Learn,,
Cloud Computing for Beginners,,,,,,Future Learn,,
"Google Classroom: Share, Collect, and Manage Student Work Online",,,,,,Future Learn,,
Microsoft Future Ready: Fundamentals of Internet of Things (IoT),,,,,,Future Learn,,
Programming Essentials with Python: Cloud Technology and SaaS,,,,,,Future Learn,,
Introduction to Data Science with Microsoft Azure,,,,,,Future Learn,,
Collaborative Coding with Git,,,,,,Future Learn,,
Computer Programming for Everyone,,,,,,Future Learn,,
Getting Started with Your Raspberry Pi,,,,,,Future Learn,,
Introduction to JavaScript,,,,,,Future Learn,,
Interview Preparation for Java Developers,,,,,,Future Learn,,
A Beginner's Guide to C# and .NET,,,,,,Future Learn,,
How to Program in C++,,,,,,Future Learn,,
"Introduction to VR Programming, Design, and Unity",,,,,,Future Learn,,
Start a CoderDojo Club,,,,,,Future Learn,,
Prepare for a Software Development Career,,,,,,Future Learn,,
Programming Applications with Python: Graphics User Interface (GUI),,,,,,Future Learn,,
Programming Applications with Python: Libraries and Web Scraping,,,,,,Future Learn,,
Programming Applications with Python: Working with Files,,,,,,Future Learn,,
Programming Essentials with Python: Matplotlib and Seaborn,,,,,,Future Learn,,
Software Development: Understanding Python,,,,,,Future Learn,,
Information Security for Beginners,,,,,,Future Learn,,
"People, Networks and Neighbours: Understanding Social Dynamics",,,,,,Future Learn,,
Introduction to Programming with Python,,,,,,Future Learn,,
Fortran for Scientific Computing,,,,,,Future Learn,,
Introduction to Conversational Interfaces,,,,,,Future Learn,,
Learn to Code for the Web,,,,,,Future Learn,,
Prepare to Run a Code Club,,,,,,Future Learn,,
Programming Essentials with Python: Source Code and Solutions Architecture,,,,,,Future Learn,,
Data Query with Transact-SQL with Python,,,,,,Future Learn,,
Microsoft Future Ready: Data Query with Transact-SQL (T-SQL),,,,,,Future Learn,,
Microsoft Future Ready: Data Science Research Methods on Python Programming,,,,,,Future Learn,,
Microsoft Future Ready: Introduction to Python Programming,,,,,,Future Learn,,
Software Development Fundamentals: Programming Languages and HTML,,,,,,Future Learn,,
Software Development Fundamentals: Project Management,,,,,,Future Learn,,
Software Development Fundamentals: Web Accessibility and CSS,,,,,,Future Learn,,
Software Development with Python and Java: Introducing Java,,,,,,Future Learn,,
Software Development with Python and Java: Prepare for a Software Development Career,,,,,,Future Learn,,
Software Development with Python and Java: Understanding Python,,,,,,Future Learn,,
Create Accessible Interfaces,,,,,,Future Learn,,
Learning in the Network Age,,,,,,Future Learn,,
Supercomputing,,,,,,Future Learn,,
Understanding Quantum Computers,,,,,,Future Learn,,
Ethical Hacking: An Introduction,,,,,,Future Learn,,
Cyber Security Awareness and Solutions,,,,,,Future Learn,,
How Cyber Security Affects the Software Development Life Cycle,,,,,,Future Learn,,
Secure System Analysis and Design,,,,,,Future Learn,,
Security System and Application Development,,,,,,Future Learn,,
System Security Testing and Maintenance,,,,,,Future Learn,,
Cryptography and Digital Certificates,,,,,,Future Learn,,
Introduction to Cyber Security,,,,,,Future Learn,,
The Future of Cyber Security and Emerging Technologies,,,,,,Future Learn,,
Microsoft Future Ready: Fundamentals of Enterprise Security,,,,,,Future Learn,,
Cyber Crime Investigation,,,,,,Future Learn,,
Cyber Security Incident Response for Managers,,,,,,Future Learn,,
Introduction to Digital Forensics: Malware Analysis and Investigations,,,,,,Future Learn,,
Practical: Malware Analysis and Investigations,,,,,,Future Learn,,
ISO 27001: ISO Implementation Practitioner,,,,,,Future Learn,,
Advanced Cyber Security Training: Hands-On Password Attacks,,,,,,Future Learn,,
Advanced Cyber Security Training: Network Security,,,,,,Future Learn,,
Advanced Cyber Security Training: OWASP Top 10 and Web Application Fundamentals,,,,,,Future Learn,,
Risk Management and Security Vulnerabilities,,,,,,Future Learn,,
Introduction to Network Security and Defence,,,,,,Future Learn,,
Network Security and Defence: A History of IT,,,,,,Future Learn,,
Network Security and Defence: Network Environments,,,,,,Future Learn,,
Network Security and Defence: Security Architecture,,,,,,Future Learn,,
The Future of Network Security and Defence,,,,,,Future Learn,,
Current Issues in Secure Development,,,,,,Future Learn,,
Cyber Security Foundations: Common Malware Attacks and Defense Strategies,,,,,,Future Learn,,
Cyber Security Foundations: Identity and Access Management,,,,,,Future Learn,,
Cyber Security Foundations: Reinforcing Identity and Access Management,,,,,,Future Learn,,
Cyber Security Foundations: Why Cyber Security is Important,,,,,,Future Learn,,
Harnessing Emerging Disruptive Technologies,,,,,,Future Learn,,
A Beginner's Guide to Java Programming,,,,,,Future Learn,,
How to Become a Java Developer,,,,,,Future Learn,,
Mobile and Web Testing with Selenium WebDriver and Java,,,,,,Future Learn,,
Software Development: Introducing Java,,,,,,Future Learn,,
Introduction to Effective Network Analysis,,,,,,Future Learn,,
How to Pass IELTS: Writing,,,,,,Future Learn,,
English Language Learning Through Sustainability,,,,,,Future Learn,,
Learn English Through TV Drama Series: Adrift,,,,,,Future Learn,,
Learn English Through TV Drama Series: My Name is Lucky,,,,,,Future Learn,,
Learn English Through TV Drama Series: Skipper's Pass,,,,,,Future Learn,,
Improve your IELTS Speaking score,,,,,,Future Learn,,
Conversational Chinese: Leisure Activities and Daily Life,,,,,,Future Learn,,
Introduction to the Chinese Language,,,,,,Future Learn,,
HSK Standard Course Level 2: 2.2,,,,,,Future Learn,,
HSK Standard Course Level 2: 2.3,,,,,,Future Learn,,
Contemporary Chinese IV: 4.1,,,,,,Future Learn,,
Contemporary Chinese IV: 4.2,,,,,,Future Learn,,
HSK Standard Course Level 1: 1.1,,,,,,Future Learn,,
HSK Standard Course Level 1: 1.2,,,,,,Future Learn,,
HSK Standard Course Level 1: 1.3,,,,,,Future Learn,,
Contemporary Chinese II: 2.1,,,,,,Future Learn,,
Contemporary Chinese II: 2.2,,,,,,Future Learn,,
Fall in Love with Mandarin,,,,,,Future Learn,,
Contemporary Chinese I:  1.2,,,,,,Future Learn,,
Contemporary Chinese I: 1.1,,,,,,Future Learn,,
Learn Chinese: Introduction to Chinese Conversation,,,,,,Future Learn,,
Learn Chinese: Introduction to Chinese Grammar,,,,,,Future Learn,,
Learn Chinese: Introduction to Chinese Pronunciation and Tone,,,,,,Future Learn,,
A Beginner's Guide to Writing in English for University Study,,,,,,Future Learn,,
English for Academic Study,,,,,,Future Learn,,
English Pronunciation in a Global World,,,,,,Future Learn,,
EAL: English Language for Nature Conservation and Sustainability,,,,,,Future Learn,,
Learn English Through TV Drama Series: Upper Intermediate English Language,,,,,,Future Learn,,
Practise your PTE Academic Speaking Skills,,,,,,Future Learn,,
English for STEM: Understanding Maths Vocabulary,,,,,,Future Learn,,
English for STEM: Understanding Engineering Vocabulary,,,,,,Future Learn,,
English for STEM: Understanding Science Vocabulary,,,,,,Future Learn,,
English for STEM: Understanding Technology Vocabulary,,,,,,Future Learn,,
English as a Medium of Instruction for Academics,,,,,,Future Learn,,
Basic English 1: Elementary,,,,,,Future Learn,,
Basic English 2: Pre-Intermediate,,,,,,Future Learn,,
An Intermediate Guide to Writing in English for University Study,,,,,,Future Learn,,
PTE Success: The Skills You Need,,,,,,Future Learn,,
Introduction to Intercultural Studies: Language and Culture,,,,,,Future Learn,,
Working with Translation: Theory and Practice,,,,,,Future Learn,,
Introduction to Comparative Indo-European Linguistics,,,,,,Future Learn,,
Te Reo Māori: Introduction to Pronunciation,,,,,,Future Learn,,
Teaching English Grammar in Context,,,,,,Future Learn,,
Intermediate Korean: Exploring the Language and Culture of Korea,,,,,,Future Learn,,
Multilingual Practices: Tackling Challenges and Creating Opportunities,,,,,,Future Learn,,
Language Testing During Awake Brain Surgery,,,,,,Future Learn,,
"An Introduction to Sociolinguistics: Accents, Attitudes and Identity",,,,,,Future Learn,,
Shakespeare's Language: Revealing Meanings and Exploring Myths,,,,,,Future Learn,,
Let's Learn Portuguese Language,,,,,,Future Learn,,
Multiculturalism In ASEAN,,,,,,Future Learn,,
Let's Learn Thai Language,,,,,,Future Learn,,
Planet Earth: Understanding and Protecting our Environment,,,,,,Future Learn,,
Understanding and Measuring the Earth’s Energy Imbalance,,,,,,Future Learn,,
Ecopedagogy for Beginners: Putting Climate Change Education Into Action,,,,,,Future Learn,,
Unleash Your Potential: Sustainable Futures,,,,,,Future Learn,,
Using Systems Thinking to Tackle the Climate and Biodiversity Crisis,,,,,,Future Learn,,
Organising for the Sustainable Development Goals (SDGs),,,,,,Future Learn,,
Farm to Fork: Sustainable Food Production in a Changing Environment,,,,,,Future Learn,,
Innovation in Arable Farming: Technologies for Sustainable Farming Systems,,,,,,Future Learn,,
Sustainable Seafood: Barriers and Opportunities in the Fishing Industry,,,,,,Future Learn,,
Environmental Philosophy: Addressing Humanity's Most Urgent Challenges,,,,,,Future Learn,,
Renewable Energy: Sustainable Electricity Supply with Microgrids,,,,,,Future Learn,,
Learning for a Sustainable Future: Live at COP27,,,,,,Future Learn,,
Spatial Circularity Strategies 1: Introduction to Spatial Planning for a Circular Economy,,,,,,Future Learn,,
Spatial Circularity Strategies 2: Measuring Circularity Transitions,,,,,,Future Learn,,
Spatial Circularity Strategies 3: Urban Metabolism and Methods for Systemic Analysis,,,,,,Future Learn,,
Spatial Circularity Strategies 4: Strategic Interventions for Spatial Planning,,,,,,Future Learn,,
Introduction to Climate Justice and Equity,,,,,,Future Learn,,
Introduction to Teaching Sustainability and Climate Action,,,,,,Future Learn,,
Uniting for a Sustainable Future: An Introduction to Global Sustainability,,,,,,Future Learn,,
Climate Solutions: Egypt,,,,,,Future Learn,,
"Thawing Permafrost: Science, Policy, and Environmental Justice in the Arctic",,,,,,Future Learn,,
Climate Change and Resilience in Food Systems,,,,,,Future Learn,,
Communicating Climate Change for Effective Climate Action,,,,,,Future Learn,,
Environmental Ethics,,,,,,Future Learn,,
Building a Sustainable Future with Technology,,,,,,Future Learn,,
Global Inequalities and the Just Transition,,,,,,Future Learn,,
A Beginner's Guide to Environmental Science: Wicked Problems and Possible Solutions,,,,,,Future Learn,,
An Introduction to Sustainability in the Built Environment,,,,,,Future Learn,,
Overpopulation: Resource Depletion and Human Innovation,,,,,,Future Learn,,
Solving Sustainability Challenges with Te Ao Māori (Māori World View),,,,,,Future Learn,,
Sustainability and Biculturalism: Their Interrelationships and Impacts,,,,,,Future Learn,,
The Challenge of Global Water Security,,,,,,Future Learn,,
Climate Solutions: UAE,,,,,,Future Learn,,
Invisible Worlds: Understanding the Natural Environment,,,,,,Future Learn,,
Mercados de Carbono: Lecciones Europeas para la Acción Climática Transnacional,,,,,,Future Learn,,
Making Climate Adaptation Happen: Governing Transformation Strategies for Climate Change,,,,,,Future Learn,,
Carbon Markets: Examining EU Policies for Transnational Climate Action,,,,,,Future Learn,,
Teaching Climate and Sustainability in Primary Schools: An Outdoor Learning Approach,,,,,,Future Learn,,
Climate Change and Public Policy,,,,,,Future Learn,,
Exploring Possible Futures: Modeling in Environmental and Energy Economics,,,,,,Future Learn,,
Climate Solutions: India,,,,,,Future Learn,,
Sustainable Cities: Governing Urban Adaptation Under Climate Change,,,,,,Future Learn,,
Championing Change: Human Rights and the Climate Crisis,,,,,,Future Learn,,
Real Climate Action: How to Engage People in Climate Change,,,,,,Future Learn,,
Artificial Intelligence (AI) for Earth Monitoring,,,,,,Future Learn,,
Causes of Climate Change,,,,,,Future Learn,,
Sustainability and Climate Change: An Introduction to Low Carbon Road Transport,,,,,,Future Learn,,
Tackling Environmental Challenges for a Sustainable Future,,,,,,Future Learn,,
"Bushfires: Response, Relief, and Resilience",,,,,,Future Learn,,
Tipping Points: Climate Change and Society,,,,,,Future Learn,,
Achieving Sustainable Development,,,,,,Future Learn,,
Climate Change: Solutions,,,,,,Future Learn,,
"Agriculture, Economics and Nature",,,,,,Future Learn,,
Concepts in Sustainable Development: An Introduction to the Key Issues,,,,,,Future Learn,,
Climate Change: The Science,,,,,,Future Learn,,
Future Food: Sustainable Food Systems for the 21st Century,,,,,,Future Learn,,
IUCN Red List of Ecosystems: The Global Standard for Assessing Risks to Ecosystems,,,,,,Future Learn,,
Transport Systems: Global Issues and Future Innovations,,,,,,Future Learn,,
Achieving Transitions to Zero Carbon Emissions and Sustainable Urban Mobility,,,,,,Future Learn,,
Learning for a Sustainable Future,,,,,,Future Learn,,
Transformando la Movilidad Urbana: Componentes de la Planeación del Transporte para Ciudades Sostenibles,,,,,,Future Learn,,
From Waste to Value: How to Tackle Food Waste,,,,,,Future Learn,,
Sustainable Management in the Extractive Industry,,,,,,Future Learn,,
Circular Business Models for Sustainable Urban Food Systems,,,,,,Future Learn,,
Explore How Farmers Produce Food Sustainably,,,,,,Future Learn,,
Nutrition for Health and Sustainability,,,,,,Future Learn,,
Building Belonging in a Globalised and Mobile World,,,,,,Future Learn,,
Fostering Inclusive Citizen Engagement in Urban Development,,,,,,Future Learn,,
Agriculture: Smart Food Urban Farming,,,,,,Future Learn,,
Educating for Sustainable Development (ESD) in Schools and Universities,,,,,,Future Learn,,
Clean Air for Urban Liveability,,,,,,Future Learn,,
Designing a Green Corridor for Clean Air and Comfort,,,,,,Future Learn,,
Transport Policy for Clean Air,,,,,,Future Learn,,
Food Safety and Nutrition: A Global Approach to Public Health,,,,,,Future Learn,,
Renewable Energy: Achieving Sustainability through Bioenergy,,,,,,Future Learn,,
Building Design: Material Selection for Healthier Communities,,,,,,Future Learn,,
Building Products and Chemistry,,,,,,Future Learn,,
Healthier Building Materials and Human Health,,,,,,Future Learn,,
Leading Sustainable Communities and Organisations,,,,,,Future Learn,,
Smart Cities: Social Change Through Technology,,,,,,Future Learn,,
Sustainability in the New Zealand Wine Industry,,,,,,Future Learn,,
Sustainability: Energy Transition,,,,,,Future Learn,,
"E-Waste and Battery Recycling: Technology, Design, and Challenges",,,,,,Future Learn,,
Collaboration and Teamwork for Sustainable Innovation,,,,,,Future Learn,,
Leadership Skills for Building a Global Community,,,,,,Future Learn,,
Soft Skills for Navigating Global Challenges,,,,,,Future Learn,,
Sustainability Through Film,,,,,,Future Learn,,
Service Science and Sustainability,,,,,,Future Learn,,
Sustainable Transportation: An Introduction to E-Mobility,,,,,,Future Learn,,
Chemometrics in Air Pollution,,,,,,Future Learn,,
"City Liveability: The Intersections of Place, Mobility, and Health",,,,,,Future Learn,,
Marchés du Carbone : Examen des Politiques de l’UE pour l’Action Climatique Transnationale,,,,,,Future Learn,,
Environmental Entrepreneurs: Strategies for Green Business,,,,,,Future Learn,,
Maqasid Al-Shariah and Sustainable Development,,,,,,Future Learn,,
Business Futures: Sustainable Business Through Green HR,,,,,,Future Learn,,
Introduction to Sustainability and Development,,,,,,Future Learn,,
Electrification of Urban Mobility: How to Get it Right,,,,,,Future Learn,,
Transforming Urban Mobility: Governing the Transformation to Sustainable Systems,,,,,,Future Learn,,
Vehicle-to-Grid Charging for Electric Cars,,,,,,Future Learn,,
"Life Below Water: Conservation, Current Issues, Possible Solutions",,,,,,Future Learn,,
Sustainable Energy Access for Communities,,,,,,Future Learn,,
Sustainable Transport and Shared Mobility,,,,,,Future Learn,,
Creating Ethical and Sustainable Cities at the Local Level,,,,,,Future Learn,,
Enabling Community-Based Leadership in Design: Sustainable Development of Historic Faith Buildings,,,,,,Future Learn,,
Ocean Science in Action: Addressing Marine Ecosystems and Food Security,,,,,,Future Learn,,
Healthy House Plants: A Complete Guide to Gardening Indoors,,,,,,Future Learn,,
Bioeconomy: How Renewable Resources Can Help the Future of Our Planet,,,,,,Future Learn,,
Nature Connectedness with the University of Derby,,,,,,Future Learn,,
Sport for Sustainable Development: Designing Effective Policies and Programmes,,,,,,Future Learn,,
New Energy Technologies: Energy Transition and Sustainable Development,,,,,,Future Learn,,
Introduction to Sustainable Bioeconomy,,,,,,Future Learn,,
The Challenge of Clean Growth and Clean Cities,,,,,,Future Learn,,
Citizen Science Projects: How to Make a Difference,,,,,,Future Learn,,
Systems Thinking for Sustainability: Drawing Complexity on a Paper,,,,,,Future Learn,,
Battery Storage: Understanding the Battery Revolution,,,,,,Future Learn,,
Energy Systems Integration: An Introduction,,,,,,Future Learn,,
An Introduction to Systems Thinking for Sustainability: SiD Theory I,,,,,,Future Learn,,
Transforming Energy Systems: Why Governance Matters,,,,,,Future Learn,,
Social Innovation: Global Solutions for a Sustainable Future,,,,,,Future Learn,,
"Humanitarian Action, Response and Relief",,,,,,Future Learn,,
Introduction to Intercultural Studies: Intercultural Contact,,,,,,Future Learn,,
Protect the Protest: Using Our Rights to Freedom of Assembly and Expression,,,,,,Future Learn,,
How Well Does International Human Rights Law Serve Marginalised People?,,,,,,Future Learn,,
"Freedom of Movement, Refugees, Traffickers, and Smugglers",,,,,,Future Learn,,
Digital Politics: Digital Activism and Cyber Warfare,,,,,,Future Learn,,
Introduction to Humanitarian Aid,,,,,,Future Learn,,
Korea in a Global Context,,,,,,Future Learn,,
Tracking Complex Conflicts,,,,,,Future Learn,,
Understanding Enemies,,,,,,Future Learn,,
"Global Resource Politics: the Past, Present and Future of Oil, Gas and Shale",,,,,,Future Learn,,
Global Studies: Cultures and Organizations in International Relations,,,,,,Future Learn,,
Global Studies: Risks and Threats in International Relations,,,,,,Future Learn,,
Global Studies: The Future of Globalization,,,,,,Future Learn,,
China’s Role in Global Tourism Development,,,,,,Future Learn,,
Incarceration: Are Prisons a Suitable Punishment?,,,,,,Future Learn,,
Unleash Your Potential: Global Citizenship,,,,,,Future Learn,,
Why Do People Migrate? Facts,,,,,,Future Learn,,
What Is Sociology? An Introduction,,,,,,Future Learn,,
Community Based Research: Getting Started,,,,,,Future Learn,,
Digital Wellbeing,,,,,,Future Learn,,
Understanding Coercive Control,,,,,,Future Learn,,
Engaging in Activism for Social Change in Tech,,,,,,Future Learn,,
"Inclusive Learning for Students: Building inclusive practice into your life during higher education, and beyond",,,,,,Future Learn,,
Understanding and Tackling Adolescent to Parent Violence,,,,,,Future Learn,,
Introduction to Emergency Management,,,,,,Future Learn,,
Understanding and Responding to Children who Run Away from Home and Institutions,,,,,,Future Learn,,
Measuring Economic Inequality in Today’s World,,,,,,Future Learn,,
Terrorism and Counterterrorism: Comparing Theory and Practice,,,,,,Future Learn,,
"Inside the UK Supreme Court: Its Role, Its Work, and Cases that Affect Us All",,,,,,Future Learn,,
Transforming Citizen Participation,,,,,,Future Learn,,
Defending Dignity: The Universal Declaration of Human Rights,,,,,,Future Learn,,
Social Network Analysis: The Networks Connecting People,,,,,,Future Learn,,
Exploring Mentorship and Community Change with the Compton Cowboys,,,,,,Future Learn,,
Partnering for Change: Link Research to Societal Challenges,,,,,,Future Learn,,
The Ideal of Self-Governance: Public Policy Beyond Markets and States,,,,,,Future Learn,,
Social Innovation in South Korea,,,,,,Future Learn,,
"Global Health, Conflict and Violence",,,,,,Future Learn,,
Understanding Depression and Low Mood in Young People,,,,,,Future Learn,,
Identifying and Responding to Domestic Violence and Abuse (DVA) in Pregnancy,,,,,,Future Learn,,
Overcoming Imposter Syndrome: Identify the Patterns Undermining Your Confidence,,,,,,Future Learn,,
Personal Trainer's Toolkit: Mental Health First Aid for Fitness Trainers,,,,,,Future Learn,,
Psychological First Aid: Supporting Children and Young People,,,,,,Future Learn,,
Sport and Exercise for Brain Health,,,,,,Future Learn,,
Young People and Mental Health,,,,,,Future Learn,,
Introduction to Behavioural Activation for Depression,,,,,,Future Learn,,
"Understanding Anxiety, Depression and CBT",,,,,,Future Learn,,
Addressing Postnatal Depression as a Healthcare Professional,,,,,,Future Learn,,
Workplace Wellbeing: How to Build Confidence and Manage Stress,,,,,,Future Learn,,
Understanding Suicide and Suicide Prevention Strategies in a Global Context,,,,,,Future Learn,,
"Integrating Care: Depression, Anxiety and Physical Illness",,,,,,Future Learn,,
Post-Traumatic Stress Disorder (PTSD) in the Global Context,,,,,,Future Learn,,
"Understanding Mental Health: Continuum, Culture and Social Media",,,,,,Future Learn,,
COVID-19: Psychological First Aid,,,,,,Future Learn,,
Anxiety in Children and Young People during COVID-19,,,,,,Future Learn,,
How To Support Young People Living with Parental Mental Illness,,,,,,Future Learn,,
Emotional Intelligence at Work,,,,,,Future Learn,,
Managing Mental Health and Stress,,,,,,Future Learn,,
Self Care and Wellbeing: A Practical Guide for Health and Social Care,,,,,,Future Learn,,
Become a Trauma-Informed Mindfulness Practitioner,,,,,,Future Learn,,
The Goldie Hawn Foundation: Mindful Leadership,,,,,,Future Learn,,
Wellbeing and Resilience at Work,,,,,,Future Learn,,
Supporting young people’s mental wellbeing post-COVID,,,,,,Future Learn,,
Body Image and Mental Health in Young People,,,,,,Future Learn,,
Mindfulness Through Film,,,,,,Future Learn,,
The Science of Sleep and Dreams,,,,,,Future Learn,,
Psychology and Mental Health: Beyond Nature and Nurture,,,,,,Future Learn,,
Nutrition and Wellbeing,,,,,,Future Learn,,
Research Methods: A Practical Guide to Peer and Community Research,,,,,,Future Learn,,
Understanding Addiction,,,,,,Future Learn,,
Demystifying Mindfulness,,,,,,Future Learn,,
Youth Mental Health: Supporting Young People Using a Trauma Informed Practice,,,,,,Future Learn,,
Mindfulness: A Focus on Adolescents,,,,,,Future Learn,,
Exploring Play: The Importance of Play in Everyday Life,,,,,,Future Learn,,
Behaviour Change Interventions: Introductory Principles and Practice,,,,,,Future Learn,,
Understanding Gambling Harm in NSW,,,,,,Future Learn,,
What is a Mind?,,,,,,Future Learn,,
Seeing: How the Brain Creates the Visual World,,,,,,Future Learn,,
The Neurobiology of Addiction,,,,,,Future Learn,,
Usage de drogues et réduction des risques,,,,,,Future Learn,,
"Brain, Behaviour, and Dentistry",,,,,,Future Learn,,
Decision Making in a Complex World: Using Computer Simulations to Understand Human Behaviour,,,,,,Future Learn,,
Qualitative Research Methods for Mental Health in War and Conflict,,,,,,Future Learn,,
Music and Intelligence: Can Music Make You Smarter?,,,,,,Future Learn,,
Drug Use and Harm Reduction,,,,,,Future Learn,,
Research Methods in Psychology: Using Animal Models to Understand Human Behaviour,,,,,,Future Learn,,
"Music Psychology: Why Does ""Bohemian Rhapsody"" Feel so Good?",,,,,,Future Learn,,
"Identifying and Responding to Drug and Alcohol Addiction in Nursing, Midwifery and Allied Healthcare Practice",,,,,,Future Learn,,
Unlocking The Creative Brain: Develop and Teach Skills For Creative Thinking,,,,,,Future Learn,,
Introduction to Cognitive Psychology: An Experimental Science,,,,,,Future Learn,,
Mental Skills Training for Sport and Health,,,,,,Future Learn,,
Introduction to Health Psychology,,,,,,Future Learn,,
Orientation to Educational Neuroscience,,,,,,Future Learn,,
Sports Performance: Different Approaches to Sports Coaching,,,,,,Future Learn,,
Sports Performance: Exploring Sport Psychology,,,,,,Future Learn,,
Sports Performance: Training the Body for Sport,,,,,,Future Learn,,
What is Leadership?,,,,,,Future Learn,,
Coaching Skills: A changing landscape,,,,,,Future Learn,,
Coaching Skills: An athlete-centred approach,,,,,,Future Learn,,
Coaching Skills: Leadership and self-awareness,,,,,,Future Learn,,
Coaching Skills: Team culture,,,,,,Future Learn,,
Coaching Skills: The mental game,,,,,,Future Learn,,
Helping Young People Manage Low Mood and Depression,,,,,,Future Learn,,
Teaching Students Who Have Suffered Complex Trauma,,,,,,Future Learn,,
Child Protection for Teachers,,,,,,Future Learn,,
Understanding ADHD: Current Research and Practice,,,,,,Future Learn,,
Good Practice in Autism Education,,,,,,Future Learn,,
Understanding Autism,,,,,,Future Learn,,
Childhood Adversity: The Impact of Childhood Maltreatment on Mental Health,,,,,,Future Learn,,
Supporting Adolescent Learners: Social and Emotional Wellbeing,,,,,,Future Learn,,
Coping with Changes: Social-Emotional Learning Through Play,,,,,,Future Learn,,
Integrated Healthcare for Children with Developmental Disabilities,,,,,,Future Learn,,
Exploring Cancer Medicines,,,,,,Future Learn,,
Introduction to Translational Research: Connecting Scientists and Medical Doctors,,,,,,Future Learn,,
Biochemistry: the Molecules of Life,,,,,,Future Learn,,
Discovering Science: Atmospheric Chemistry,,,,,,Future Learn,,
Discovering Science: Chemical Products,,,,,,Future Learn,,
Discovering Science: Global Challenges,,,,,,Future Learn,,
Discovering Science: Medicinal Chemistry,,,,,,Future Learn,,
Understanding Biological Energy,,,,,,Future Learn,,
Introduction to Thermodynamics,,,,,,Future Learn,,
Earth and Life,,,,,,Future Learn,,
Habitability,,,,,,Future Learn,,
Icy Moons and Exoplanets,,,,,,Future Learn,,
Life on Mars,,,,,,Future Learn,,
The Future of Life,,,,,,Future Learn,,
Foundations of Science for Undergraduate Degrees,,,,,,Future Learn,,
Exploring Everyday Chemistry,,,,,,Future Learn,,
Antimicrobial Resistance in the Food Chain,,,,,,Future Learn,,
Identifying Food Fraud,,,,,,Future Learn,,
An Introduction to Machine Learning in Quantitative Finance,,,,,,Future Learn,,
Data Science Projects and Applications,,,,,,Future Learn,,
Microsoft Future Ready: Fundamentals of Big Data,,,,,,Future Learn,,
Introduction to Data Science for Educators,,,,,,Future Learn,,
Cancer in the 21st Century: The Genomic Revolution,,,,,,Future Learn,,
An Introduction to Artificial Intelligence in the Tourism Industry,,,,,,Future Learn,,
Process Mining in Healthcare,,,,,,Future Learn,,
Microsoft Future Ready: Fundamentals to R for Data Science,,,,,,Future Learn,,
Microsoft Future Ready: Introduction to Data Science,,,,,,Future Learn,,
Data Science in the Games Industry,,,,,,Future Learn,,
Moons,,,,,,Future Learn,,
Come Rain or Shine: Understanding the Weather,,,,,,Future Learn,,
Extreme Geological Events,,,,,,Future Learn,,
Hurricane Tracking with Satellite Data,,,,,,Future Learn,,
Learn About Weather,,,,,,Future Learn,,
"The Biology of Bugs, Brains, and Beasts",,,,,,Future Learn,,
So You Want to Study Life Science?,,,,,,Future Learn,,
Environmental Challenges: Justice in Natural Resource Management,,,,,,Future Learn,,
Fundamentals of Economics,,,,,,Future Learn,,
Health Technology Assessment in Practice,,,,,,Future Learn,,
Health Technology Assessment: Definition and Method,,,,,,Future Learn,,
Scarcity and Resources in Healthcare,,,,,,Future Learn,,
Electrical Industry: Production and Economics,,,,,,Future Learn,,
Medical Equipment Donations to Low Resource Settings,,,,,,Future Learn,,
Risk Management in the Global Economy,,,,,,Future Learn,,
Combatting Corrosion: An Introduction to SOCORRO,,,,,,Future Learn,,
An Introduction to Electronic Engineering,,,,,,Future Learn,,
Introduction to Maintenance Engineering,,,,,,Future Learn,,
Engineering the Future: Creating the Amazing,,,,,,Future Learn,,
An Introduction to Digital Manufacturing and 3D Printing,,,,,,Future Learn,,
Principles of Engineering,,,,,,Future Learn,,
Ideation: The First Step in Engineering Design,,,,,,Future Learn,,
Additive Manufacturing and 3D Printing: Costs Structures and Benefits,,,,,,Future Learn,,
Introduction to Metal Additive Manufacturing (AM) Technology,,,,,,Future Learn,,
Additive Manufacturing for Business: Practices and Ecosystem,,,,,,Future Learn,,
Drone Safety for Managers (UK),,,,,,Future Learn,,
Technical Report Writing for Engineers,,,,,,Future Learn,,
"Electrical Engineering: Sensing, Powering and Controlling",,,,,,Future Learn,,
Laser Safety Awareness,,,,,,Future Learn,,
"Frontier Physics, Future Technologies",,,,,,Future Learn,,
"Physics, Astronomy, and Space: Teaching Secondary Science",,,,,,Future Learn,,
Ultrasound Imaging: What Is Inside?,,,,,,Future Learn,,
Statistical Shape Modelling: Computing the Human Anatomy,,,,,,Future Learn,,
The Online Educator: People and Pedagogy,,,,,,Future Learn,,
Blended and Hybrid Learning Design in Higher Education,,,,,,Future Learn,,
How to Use Classroom 200,,,,,,Future Learn,,
Improve Student Assessment with Microsoft Forms,,,,,,Future Learn,,
A Digital Edge: Essentials for the Online Learner,,,,,,Future Learn,,
Blended Learning Essentials: Embedding Your Practice,,,,,,Future Learn,,
Blended Learning Essentials: Getting Started,,,,,,Future Learn,,
Being a Flexible Music Teacher,,,,,,Future Learn,,
Teaching Digital Skills for Sustainable Education,,,,,,Future Learn,,
Blended and Online Learning Design,,,,,,Future Learn,,
Learning During and After COVID-19: Developing Online Education Programmes,,,,,,Future Learn,,
Instructional Design and Technology for Society,,,,,,Future Learn,,
Teaching English Online,,,,,,Future Learn,,
Using Film to Teach Literacy Online and in the Classroom,,,,,,Future Learn,,
Best Practice for Education:  Professional Development Showcase,,,,,,Future Learn,,
How to Create an Online Course,,,,,,Future Learn,,
Grow Your Workforce: How to Teach Adult Learners,,,,,,Future Learn,,
Leadership of Education Technology in Schools,,,,,,Future Learn,,
Using Virtual Scenarios to Create Effective Learning,,,,,,Future Learn,,
Digital Learning Toolkit: Resources for Successful Online Teaching,,,,,,Future Learn,,
Making Blended Education Work,,,,,,Future Learn,,
Dyslexia and Foreign Language Teaching,,,,,,Future Learn,,
Supporting Adult and Adolescent Students with Dyslexia,,,,,,Future Learn,,
Exploring Gender Equality in Education,,,,,,Future Learn,,
Exploring Teaching and Assessment for Higher Education,,,,,,Future Learn,,
Interfaith Dialogue for Combating Extremism among Young People,,,,,,Future Learn,,
"Education for All: Disability, Diversity and Inclusion",,,,,,Future Learn,,
Best Practices for Culture and Heritage Education in Aotearoa New Zealand,,,,,,Future Learn,,
Attention and Autism,,,,,,Future Learn,,
"Enriching curriculum through culture and heritage in Aotearoa, New Zealand",,,,,,Future Learn,,
Transforming Education in Challenging Environments,,,,,,Future Learn,,
Inclusive Education: Essential Knowledge for Success,,,,,,Future Learn,,
TESOL Strategies: Supporting ESL Students in Mainstream Classrooms,,,,,,Future Learn,,
The Museum as a Site and Source for Learning,,,,,,Future Learn,,
Promoting Democracy in the Classroom: A Practical Guide for Teachers,,,,,,Future Learn,,
Learning Through Play with LEGO® Braille Bricks,,,,,,Future Learn,,
Social Learning and Collaboration in School: Learning to thrive through play,,,,,,Future Learn,,
The Right to Education: Breaking Down the Barriers,,,,,,Future Learn,,
Coaching in Education: Addressing the Need for Deep Communication,,,,,,Future Learn,,
Plurilingual Classrooms in Action,,,,,,Future Learn,,
English Grammar for Teachers,,,,,,Future Learn,,
Teacher Training: Choosing the Right PGCE for You,,,,,,Future Learn,,
Apprendre par le jeu avec les LEGO® Braille Bricks,,,,,,Future Learn,,
Becoming a Better Music Teacher,,,,,,Future Learn,,
Creating Apps in the Classroom,,,,,,Future Learn,,
Teaching Phonics in Early Childhood,,,,,,Future Learn,,
World Class Maths: Asian Teaching Methods,,,,,,Future Learn,,
World Class Maths: Asian Teaching Practice,,,,,,Future Learn,,
Using Technology in Evidence-Based Teaching and Learning,,,,,,Future Learn,,
Our Solar System and Beyond: Teaching Primary Science,,,,,,Future Learn,,
Supporting Successful Learning in Primary School,,,,,,Future Learn,,
Understanding and Teaching Evolution,,,,,,Future Learn,,
Digital Transformation in the Classroom,,,,,,Future Learn,,
Education Research that Matters: Applying Research to Your Teaching Practice,,,,,,Future Learn,,
Becoming a Teacher,,,,,,Future Learn,,
Interdisciplinary Learning: Working Across Disciplines,,,,,,Future Learn,,
Educational Leadership: Improving Schools through Effective Leadership,,,,,,Future Learn,,
Global Education for Teachers,,,,,,Future Learn,,
Teaching Migration Through Data and Storytelling,,,,,,Future Learn,,
Key Ideas in Mentoring Mathematics Teachers,,,,,,Future Learn,,
Blended Learning Essentials: Developing Digital Skills,,,,,,Future Learn,,
Blended Learning Essentials: Digitally-Enriched Apprenticeships,,,,,,Future Learn,,
Measuring What Matters: Transforming Assessment and Recognition of Complex Learning Competencies,,,,,,Future Learn,,
Google for Education: How to Promote Group Work and Inspire Creativity,,,,,,Future Learn,,
Innovative Teaching: Engaging Adult Learners with Active Learning,,,,,,Future Learn,,
Teaching the Holocaust: Innovative Approaches to the Challenges We Face,,,,,,Future Learn,,
How to Succeed as a Newly Qualified Teacher,,,,,,Future Learn,,
Becoming a Student Assistant: Teaching and Mentoring,,,,,,Future Learn,,
Supporting Early Career Teacher Development with the Early Career Framework,,,,,,Future Learn,,
Preparing for Teaching,,,,,,Future Learn,,
Supporting Successful Learning in Secondary School,,,,,,Future Learn,,
Learning and Memory: Understandings from Educational Neuroscience,,,,,,Future Learn,,
Neuroleadership and Conceptual Approaches in Educational Neuroscience,,,,,,Future Learn,,
Neuroplasticians and Neuromyths,,,,,,Future Learn,,
Testing Times in the Classroom: Challenges of 21st Century Education,,,,,,Future Learn,,
Education Research that Matters: Doing Research in Your Learning Community,,,,,,Future Learn,,
Professional Development for Early Career Teachers,,,,,,Future Learn,,
Education Research That Matters: Ways of Researching,,,,,,Future Learn,,
Teaching Mathematics: Overcoming Miscommunication,,,,,,Future Learn,,
Equity in Informal STEM Learning: Using the Equity Compass,,,,,,Future Learn,,
Becoming an Expert Educator in the Healthcare Professions,,,,,,Future Learn,,
Intermediate Python,,,,,,Future Learn,,
A Beginner’s Guide to Corporate Social Responsibility,,,,,,Future Learn,,
Essential Skills for Your Career Development,,,,,,Future Learn,,
International Leadership: The Evolution of Management and Leadership Theory,,,,,,Future Learn,,
Cultural Leadership: Harnessing Culture to Become an Effective Leader,,,,,,Future Learn,,
How to Succeed at: Interviews,,,,,,Future Learn,,
How to Succeed at: Writing Applications,,,,,,Future Learn,,
Principles of Service Management,,,,,,Future Learn,,
"Sustainability: An Introduction to ESG (Environmental, Social and Governance)",,,,,,Future Learn,,
The Secret Power of Brands,,,,,,Future Learn,,
Applied Leadership and Self-Development: Expanding the Toolkit,,,,,,Future Learn,,
Exploring Instructional Leadership in Education,,,,,,Future Learn,,
Copywriting for Content Marketing,,,,,,Future Learn,,
Generative AI: Implications and Opportunities for Business,,,,,,Future Learn,,
International Humanitarian Law for Business,,,,,,Future Learn,,
Social Media in Healthcare: Opportunities and Challenges,,,,,,Future Learn,,
Études Globales : Cultures et organisations dans les relations internationales,,,,,,Future Learn,,
Treasury: Managing Financial Risk,,,,,,Future Learn,,
Unleash Your Potential: Innovation and Enterprise,,,,,,Future Learn,,
Occupational Health in Developing Countries,,,,,,Future Learn,,
Manage Virtual and Hybrid Teams,,,,,,Future Learn,,
Build an Agile Team,,,,,,Future Learn,,
Create Innovative Teams with Design Thinking,,,,,,Future Learn,,
Introduction to Applied Leadership and Self-Development: The Fundamental Tools,,,,,,Future Learn,,
Create Energised and Empowered Teams,,,,,,Future Learn,,
Manage Team Performance,,,,,,Future Learn,,
Localization for Marketers,,,,,,Future Learn,,
Crisis Leadership,,,,,,Future Learn,,
Essentials in Arts Fundraising,,,,,,Future Learn,,
Health Emergency Response to a Pandemic: An Integrated Social Science Perspective,,,,,,Future Learn,,
Leadership in Arts Fundraising,,,,,,Future Learn,,
A Just Transition to a Low-Carbon Economy,,,,,,Future Learn,,
Career Skills for the 2020s: Navigating the Online World of Work,,,,,,Future Learn,,
Foundations of Project Management,,,,,,Future Learn,,
International Human Resources Management: An Introduction,,,,,,Future Learn,,
"Treasury: The Importance of Governance, Ethics, Compliance, and Audit",,,,,,Future Learn,,
Intellectual Property Management in the Food Sector: Safeguarding Your Trademarks in the Global Marketplace,,,,,,Future Learn,,
Understanding Food Supply Chains in a Time of Crisis,,,,,,Future Learn,,
Safeguarding: A Guide for Charities,,,,,,Future Learn,,
How to Use a Drone for Security Purposes,,,,,,Future Learn,,
Leading Culturally Diverse Teams in the Workplace,,,,,,Future Learn,,
Data Science for Climate Change,,,,,,Future Learn,,
Fraud Prevention in the Charity Sector,,,,,,Future Learn,,
Preparing your Child for the Future of Work,,,,,,Future Learn,,
Reporting Obligations of Your Charity Part B: Financial Skills for ACNC Reporting Requirements,,,,,,Future Learn,,
The Annual Information Statement,,,,,,Future Learn,,
English Grammar: All You Need to Know,,,,,,Future Learn,,
How to Foster Teamflow in the Workplace,,,,,,Future Learn,,
Climate Literacy and Action for All,,,,,,Future Learn,,
Introduction to Corporate Treasury,,,,,,Future Learn,,
Developing Leadership Skills for Social Work and Social Care,,,,,,Future Learn,,
How to Build Leadership Resilience,,,,,,Future Learn,,
People Management Skills,,,,,,Future Learn,,
Agile and Continuous Workflows in Localization,,,,,,Future Learn,,
Doing Business in Web3,,,,,,Future Learn,,
Introduction to Sustainability and Business Value,,,,,,Future Learn,,
SMART Tourism and Responsible Travel,,,,,,Future Learn,,
Credible Content Creation for Communications Professionals,,,,,,Future Learn,,
Foundations in System Leadership: Collaborating for Health and Care,,,,,,Future Learn,,
Introduction to Digital Transformation: Digital Transformation in Perspective,,,,,,Future Learn,,
Introduction to Digital Transformation: Planning Your Digital Transformation Journey,,,,,,Future Learn,,
Introduction to Digital Transformation: The Digital Capability Benchmark,,,,,,Future Learn,,
Introduction to Digital Transformation: Transformation Insights and Case Studies,,,,,,Future Learn,,
Data Analytics for Managers,,,,,,Future Learn,,
Enterprise Risk Management,,,,,,Future Learn,,
How to Become a Business Executive,,,,,,Future Learn,,
Leadership Skills and Change Management in Uncertain Times,,,,,,Future Learn,,
Stock Market Investing for Beginners,,,,,,Future Learn,,
Career Management for Early Career Academic Researchers,,,,,,Future Learn,,
Event Management for Conferences: the Basics,,,,,,Future Learn,,
Innovation Management: Winning in the Age of Disruption,,,,,,Future Learn,,
Leading Well for Staff Health and Wellbeing in the NHS,,,,,,Future Learn,,
"Recruitment, Selection and Induction: The Basics",,,,,,Future Learn,,
How to Improve Your Negotiation Skills,,,,,,Future Learn,,
Introduction to Personal Financial Planning,,,,,,Future Learn,,
Leadership Decision Making,,,,,,Future Learn,,
Leadership Development with Action Learning,,,,,,Future Learn,,
Powerful Women and the Principles of Feminist Transformational Leadership,,,,,,Future Learn,,
How to Harness Followership for Leadership Success,,,,,,Future Learn,,
Leadership Skills: How to Nurture and Develop Talent,,,,,,Future Learn,,
"Build Brand Awareness with Paid Ads, Analytics, and Monetisation",,,,,,Future Learn,,
Content Planning and Creation,,,,,,Future Learn,,
Setting Up Your Instagram Profile for Business and Marketing,,,,,,Future Learn,,
Survive & Thrive as a Creative Freelancer: A Beginner's Guide,,,,,,Future Learn,,
Introduction to Intercultural Studies: The Branding of Culture,,,,,,Future Learn,,
Principles of Wealth Management,,,,,,Future Learn,,
A Beginner’s Guide to Data Handling and Management in Excel,,,,,,Future Learn,,
Agile for Beginners,,,,,,Future Learn,,
How to Buy Cloud - Strategies for Cloud Procurement,,,,,,Future Learn,,
Key Concepts of Sustainable Fashion,,,,,,Future Learn,,
The Here and Now of Sustainable Fashion,,,,,,Future Learn,,
The Web of Sustainable Fashion: Relationships in the Fashion Industry,,,,,,Future Learn,,
Digital Skills: Web Analytics,,,,,,Future Learn,,
Hadoop Ecosystem Essentials,,,,,,Future Learn,,
Advanced Data Visualisation and Analysis in Excel,,,,,,Future Learn,,
Introduction to Cultural Intelligence,,,,,,Future Learn,,
A Beginner’s Guide to Scrum Project Management,,,,,,Future Learn,,
Becoming a Charity Board Member: What You Should Know,,,,,,Future Learn,,
"Budget Forecasting, Costing, and Variances",,,,,,Future Learn,,
Budgeting: Final Assessment,,,,,,Future Learn,,
Budgeting: How to Prepare a Cash and Functional Budget,,,,,,Future Learn,,
Emotional Intelligence in Practice,,,,,,Future Learn,,
Governance Standards Part B: Governance Standards 4-6 and How to Wind Up a Charity,,,,,,Future Learn,,
Governing a Registered Charity in Australia,,,,,,Future Learn,,
How to Become an ACNC Registered Charity,,,,,,Future Learn,,
Introduction to Business Budgeting,,,,,,Future Learn,,
Reporting Obligations of Your Charity Part A: Overview and Basic Financial Skills,,,,,,Future Learn,,
The ACNC: How We Help You,,,,,,Future Learn,,
Break-Even Analysis Unlocked: How to Understand the Profit and Loss Statement,,,,,,Future Learn,,
Divisional Performance Measurement: How to Achieve Operational Excellence,,,,,,Future Learn,,
Financial Statements Unlocked: How to Understand Corporate Finance and Financial Management,,,,,,Future Learn,,
How to Make Better Capital Investment Decisions and Recognise Investment Opportunities,,,,,,Future Learn,,
How to Master Financial Statements: Financial Ratio Analysis and Interpretation,,,,,,Future Learn,,
International Leadership: Managing Culture as Leaders,,,,,,Future Learn,,
International Marketing: Challenges and Opportunities,,,,,,Future Learn,,
International Marketing: Product Adaptation vs Standardisation,,,,,,Future Learn,,
Understanding Marketing Basics,,,,,,Future Learn,,
Digital Marketing Strategy: Creating Objectives and Using Measurement Frameworks,,,,,,Future Learn,,
Digital Marketing Strategy: Developing Strategy and Strategic Positioning,,,,,,Future Learn,,
Digital Marketing Strategy: Situation Analysis,,,,,,Future Learn,,
"Digital Marketing Strategy: Tactics, Action and Control",,,,,,Future Learn,,
Introduction to Financial Accounting,,,,,,Future Learn,,
Law and the Framing of Migrants and Migration,,,,,,Future Learn,,
Law's Absence and Law's Failings,,,,,,Future Learn,,
Accounting for Today’s Dynamic World,,,,,,Future Learn,,
Collaborative Working in a Remote Team,,,,,,Future Learn,,
How to Invest: Modern-Day Financial Decisions,,,,,,Future Learn,,
Introduction to Accounting and the Accounting System,,,,,,Future Learn,,
Introduction to HACCP for Food Safety,,,,,,Future Learn,,
Core Managers; Inclusive leadership in health and care,,,,,,Future Learn,,
Digital Marketing Content Creation: Hosting and Measurement,,,,,,Future Learn,,
Digital Marketing Content Creation: Marketing Channels and Content Mix,,,,,,Future Learn,,
Digital Marketing Content Creation: Online Writing,,,,,,Future Learn,,
Digital Marketing Content Creation: Podcast Creation and Distribution,,,,,,Future Learn,,
Digital Marketing Content Creation: Video Creation and Editing,,,,,,Future Learn,,
Financial Analysis for Business Decisions: Cash Flow Management,,,,,,Future Learn,,
Introduction to Marketing: Fundamentals of Marketing,,,,,,Future Learn,,
Introduction to Marketing: Omnichannel Marketing and Analysis,,,,,,Future Learn,,
Email Marketing eCRM: CRM and Marketing Automation,,,,,,Future Learn,,
Email Marketing eCRM: Measurement and Iteration,,,,,,Future Learn,,
Email Marketing eCRM: Planning and Tactics,,,,,,Future Learn,,
Email Marketing eCRM: The User Journey,,,,,,Future Learn,,
Supply Chain Innovation: How Technology Can Create a Sustainable Future,,,,,,Future Learn,,
The Luxury Industry: Customers and Luxury Experiences,,,,,,Future Learn,,
"Power, Politics, and Influence at Work",,,,,,Future Learn,,
Enterprise Resource Planning in Operations Management,,,,,,Future Learn,,
Financial Accounting for Business Management,,,,,,Future Learn,,
Foundations of Marketing: How to Build a Modern Marketing Plan,,,,,,Future Learn,,
Fundamentals of Corporate Finance,,,,,,Future Learn,,
Operations Management: Process Mapping and Supply Chain,,,,,,Future Learn,,
Operations Management: Resource and Workflow Layout,,,,,,Future Learn,,
Organisational Behaviour and Leadership Skills,,,,,,Future Learn,,
Exploring Sustainable Production Systems,,,,,,Future Learn,,
Search Marketing: Mapping the User Journey,,,,,,Future Learn,,
Search Marketing: Measuring Search Marketing,,,,,,Future Learn,,
Search Marketing: Paid Search Marketing – Pay Per Click (PPC),,,,,,Future Learn,,
Search Marketing: Search Engine Optimisation (SEO),,,,,,Future Learn,,
Accounting Transactions: Further Considerations,,,,,,Future Learn,,
Controls within an Accounting System,,,,,,Future Learn,,
Other Accounting Functions: Payroll and Banking,,,,,,Future Learn,,
Human Resources: Hiring and Managing Talent in the 21st Century,,,,,,Future Learn,,
Social Media Marketing: Managing Social Media,,,,,,Future Learn,,
Social Media Marketing: Organic and Paid Social Media,,,,,,Future Learn,,
Social Media Marketing: Social Media Channels,,,,,,Future Learn,,
Social Media Marketing: The User Journey,,,,,,Future Learn,,
Gender and Labour in the Global South,,,,,,Future Learn,,
HR Fundamentals,,,,,,Future Learn,,
Investigating Innovation,,,,,,Future Learn,,
Planning for Autonomous Vehicles: A People-Centred Approach,,,,,,Future Learn,,
Professional Resilience: Building Skills to Thrive at Work,,,,,,Future Learn,,
Introduction to Business Management,,,,,,Future Learn,,
Introduction to Health Economics,,,,,,Future Learn,,
Business Opportunities in Additive Manufacturing,,,,,,Future Learn,,
Social Entrepreneurship in Educational Technology: Concept Development and Prototyping,,,,,,Future Learn,,
Social Entrepreneurship in Educational Technology: Developing a Business Plan,,,,,,Future Learn,,
Social Entrepreneurship in Educational Technology: Ideation and Market Research,,,,,,Future Learn,,
Creative Communication Beyond VR and AR,,,,,,Future Learn,,
Creating and Measuring Success in eCommerce,,,,,,Future Learn,,
Grow and Scale Your eCommerce Business,,,,,,Future Learn,,
How to Get Started in eCommerce,,,,,,Future Learn,,
"Research and Prepare: Understand eCommerce Customers, Products, and Propositions",,,,,,Future Learn,,
An Introduction to Innovation in Healthcare,,,,,,Future Learn,,
Leadership Training: Human Leadership,,,,,,Future Learn,,
Product Management Essentials,,,,,,Future Learn,,
University and Your Future: Career Planning and Making the Most of Your Degree,,,,,,Future Learn,,
Introduction to Agile Project Management,,,,,,Future Learn,,
Drafting and Negotiating Commercial Contracts: A guide to contract law for non-lawyers,,,,,,Future Learn,,
Digital Fashion Media,,,,,,Future Learn,,
Ethics and Diversity in Fashion,,,,,,Future Learn,,
Sustainable Luxury Fashion,,,,,,Future Learn,,
The Business of Beauty: Introduction to the Beauty Industry,,,,,,Future Learn,,
Pathways to Property: Starting Your Career in Real Estate,,,,,,Future Learn,,
Project Management: Beyond the Basics,,,,,,Future Learn,,
Empresas Exponenciales: Guía Para Comenzar,,,,,,Future Learn,,
Plan for Project Success: Project Planning and Management,,,,,,Future Learn,,
Digital Product Management,,,,,,Future Learn,,
Fundamentals of Project Planning and Management,,,,,,Future Learn,,
Building Your Career in Tomorrow’s Workplace,,,,,,Future Learn,,
Capital: crear un plan para conseguir inversionistas,,,,,,Future Learn,,
Crecimiento: nunca es temprano para hacer crecer tu negocio,,,,,,Future Learn,,
Educational Leadership: Working for Good,,,,,,Future Learn,,
"Ejecución: experimentos, recursos y puesta en marcha",,,,,,Future Learn,,
Introduction to Studying Business,,,,,,Future Learn,,
Producto: valida y entrega tu propuesta de valor,,,,,,Future Learn,,
Visión: la estrategia para alcanzar tu propósito,,,,,,Future Learn,,
How to Fundraise: A Guide to Fundraising for Non-Fundraisers,,,,,,Future Learn,,
Awareness and Confidence for Effective Leadership,,,,,,Future Learn,,
Build Trust and Grow your Self-Confidence,,,,,,Future Learn,,
Building Effective Professional Networks and Relationships,,,,,,Future Learn,,
Collective Resilience: From Group to Team,,,,,,Future Learn,,
Design your Purpose as a Leader,,,,,,Future Learn,,
Managing Innovation: Learning to Prototype for Business,,,,,,Future Learn,,
Research Impact: Making a Difference,,,,,,Future Learn,,
"Work Ready Skills: Job Searches, Writing a CV and Interviewing",,,,,,Future Learn,,
Advertising and Creative Marketing with Advertising Week,,,,,,Future Learn,,
Innovación Social: Soluciones Globales para un Mundo Sostenible,,,,,,Future Learn,,
Radio and Podcast Marketing with Advertising Week,,,,,,Future Learn,,
Workplace Wellbeing: Stress and Productivity at Work,,,,,,Future Learn,,
Artificial Intelligence (AI) in Hospitality: Challenges and Business Opportunities,,,,,,Future Learn,,
How to Open a Restaurant,,,,,,Future Learn,,
How to Plan a Wedding,,,,,,Future Learn,,
Mastering Wine Tasting,,,,,,Future Learn,,
"Nutrition: Healthy Cooking, Healthy Living",,,,,,Future Learn,,
Epargner et Investir,,,,,,Future Learn,,
Understanding Public Financial Management: How Is Your Money Spent?,,,,,,Future Learn,,
Workplace Training: Delivery and Assessment Methods,,,,,,Future Learn,,
Workplace Training: Introduction to the Training Cycle,,,,,,Future Learn,,
Workplace Training: Planning and Designing Training Solutions,,,,,,Future Learn,,
Workplace Training: Training Evaluation and Measuring Effectiveness,,,,,,Future Learn,,
The Future of Human Resource Management (HRM),,,,,,Future Learn,,
Distribution Network: Sustainable and Green Logistics,,,,,,Future Learn,,
International Logistics: A Beginner’s Guide to Logistics Management,,,,,,Future Learn,,
Inventory Management and Economic Order Quantity,,,,,,Future Learn,,
Lean Logistics: Decision Making in Supply Chain Management,,,,,,Future Learn,,
Multimodal Transport: Sourcing and Procurement in Logistics,,,,,,Future Learn,,
Marketing Strategy with Advertising Week,,,,,,Future Learn,,
Quantum Marketing with Raja Rajamannar,,,,,,Future Learn,,
Systems Thinking for Sustainability: Analyzing and Transitioning Complex Systems,,,,,,Future Learn,,
International Culture and Tourism Management: Cultural Heritage and Tourism Management,,,,,,Future Learn,,
Organisations and Project Management: P3M and Knowledge Management,,,,,,Future Learn,,
Project Management: Agile Manifesto Principles,,,,,,Future Learn,,
Project Management: How to be a Successful Project Manager,,,,,,Future Learn,,
Research Methods in Tourism Studies,,,,,,Future Learn,,
Tourism Policy and Planning,,,,,,Future Learn,,
Unlocking the Risk Matrix: Project Risk and the Change Management Process,,,,,,Future Learn,,
"Strategic Marketing: Segmentation, Targeting, Positioning",,,,,,Future Learn,,
Workplace Essentials: Health and Safety,,,,,,Future Learn,,
Leading and Managing People-Centred Change,,,,,,Future Learn,,
Introducing Personal Lines Insurance,,,,,,Future Learn,,
Become a Better Presenter: Improve Your Public Speaking Skills,,,,,,Future Learn,,
How to Get A Graduate Job,,,,,,Future Learn,,
Innovative Leadership: Developing Curiosity,,,,,,Future Learn,,
Online Recruitment and Onboarding: Providing Continuity for Business and Candidates,,,,,,Future Learn,,
Salary Negotiation for Women in the Workplace,,,,,,Future Learn,,
Introduction to Innovation and Technology in Legal Services,,,,,,Future Learn,,
Lever des Fonds pour ma Startup,,,,,,Future Learn,,
Mergers and Acquisitions: Accounting Principles,,,,,,Future Learn,,
Why We Post: the Anthropology of Social Media,,,,,,Future Learn,,
Introduction to the Travel & Tourism Industry: Passport to the World,,,,,,Future Learn,,
Mergers and Acquisitions: Concepts and Theories,,,,,,Future Learn,,
Social Innovation in Rural Areas,,,,,,Future Learn,,
Introduction to Humanitarian Logistics,,,,,,Future Learn,,
Mergers and Acquisitions: Advanced Theory,,,,,,Future Learn,,
"Project Management Principles, Practices and Systems",,,,,,Future Learn,,
Mergers and Acquisitions: Structuring the Deal,,,,,,Future Learn,,
Mergers and Acquisitions: Free Cash Flow Modeling,,,,,,Future Learn,,
Physical Theatre: Exploring the Slap,,,,,,Future Learn,,
A Beginner’s Guide to Film Genres,,,,,,Future Learn,,
The Life and Afterlife of Mary Queen of Scots,,,,,,Future Learn,,
English Electronic Music: Delve into the Digital Archives,,,,,,Future Learn,,
String Music Appreciation,,,,,,Future Learn,,
The History and Culture of Chinese Silk,,,,,,Future Learn,,
How to Read a Film,,,,,,Future Learn,,
Fashion Technology: An Advanced Guide to CLO 3D,,,,,,Future Learn,,
Fashion Values: Cultures,,,,,,Future Learn,,
Connecting Across the Culture and Heritage Sector in Aotearoa New Zealand,,,,,,Future Learn,,
Medicine and the Arts: Humanising Healthcare,,,,,,Future Learn,,
Grow Your Instagram Following,,,,,,Future Learn,,
How to Teach Writing Using Hybrid Learning Technology with Stylefit,,,,,,Future Learn,,
Upcycling and the Circular Economy: Ghanaian Creative Solutions to Global Textile Waste,,,,,,Future Learn,,
A Beginner’s Guide to Creating a VR Experience,,,,,,Future Learn,,
Fashion Technology: A Beginner’s Guide to CLO 3D,,,,,,Future Learn,,
A Reporter’s Toolkit for the Digital Age,,,,,,Future Learn,,
Introduction to Journalism and Reporting,,,,,,Future Learn,,
Anarchy in the UK: A History of Punk from 1976-78,,,,,,Future Learn,,
Music Moves: Why Does Music Make You Move?,,,,,,Future Learn,,
Introduction to Acting,,,,,,Future Learn,,
Women in Arts: From 1900 until today,,,,,,Future Learn,,
How to Read French Poetry,,,,,,Future Learn,,
"Dementia and the Arts: Sharing Practice, Developing Understanding and Enhancing Lives",,,,,,Future Learn,,
Introduction to Indie Games,,,,,,Future Learn,,
Learn Jazz Piano: Advanced and Solo Playing,,,,,,Future Learn,,
Learn Jazz Piano: Begin with the Blues,,,,,,Future Learn,,
Learn Jazz Piano: Final Topics and Two Concerts,,,,,,Future Learn,,
Learn Jazz Piano: Improvising on Jazz Standards,,,,,,Future Learn,,
Modern Sculpture: An Introduction to Art History,,,,,,Future Learn,,
From Notation to Performance: Understanding Musical Scores,,,,,,Future Learn,,
Exploring Japanese Avant-garde Art Through Butoh Dance,,,,,,Future Learn,,
Anatomy: Know Your Abdomen,,,,,,Future Learn,,
Diagnosing Rare Diseases: from the Clinic to Research and back,,,,,,Future Learn,,
Food Science and Nutrition: From the Farm to You,,,,,,Future Learn,,
Diabetes Explained,,,,,,Future Learn,,
The GRASP Best Practice Advice and Exercise Programme for Shoulder Pain,,,,,,Future Learn,,
From Lab to Clinic: Translational Research for Rare Diseases,,,,,,Future Learn,,
Application of Digital Health Interventions,,,,,,Future Learn,,
Dental Radiography: Radiation Protection in Dental Practice,,,,,,Future Learn,,
Improving Healthcare and Medical Education with Online Escape Room Activities,,,,,,Future Learn,,
Internet of Things for Active Ageing,,,,,,Future Learn,,
Improving Healthcare Through Clinical Research,,,,,,Future Learn,,
What is Health Research?,,,,,,Future Learn,,
Nutrition and Age-Related Chronic Diseases,,,,,,Future Learn,,
掌控骨关节炎-中文版,,,,,,Future Learn,,
A Deeper Understanding of Autistic People,,,,,,Future Learn,,
Autistic Health: Improving Access to Healthcare,,,,,,Future Learn,,
Autistic People's Rights and the Law,,,,,,Future Learn,,
Autistic Students and Education: Creating an Inclusive Classroom,,,,,,Future Learn,,
Starting Out in Health and Social Care Research,,,,,,Future Learn,,
Artificial Intelligence in Bioinformatics,,,,,,Future Learn,,
Biosecurity Compliance in European Poultry Farms,,,,,,Future Learn,,
Essentials of Good Pharmacy Practice: The Basics,,,,,,Future Learn,,
Exercise in Medicine: From Functional Evaluation to Adapted Exercise Training,,,,,,Future Learn,,
Good Pharmacy Practice: Introduction to Clinical Pharmacy Services,,,,,,Future Learn,,
Good Pharmacy Practice: Introduction to Medication Delivery Systems,,,,,,Future Learn,,
Good Pharmacy Practice: Pharmaceutical Services,,,,,,Future Learn,,
Precision Medicine and Smart Healthcare: The Industrial Applications,,,,,,Future Learn,,
Core Managers: Noticing and Challenging Microaggressions,,,,,,Future Learn,,
Helping patients recover from breast cancer treatment: a programme to prevent shoulder problems,,,,,,Future Learn,,
PDSAFE: Physiotherapy and Falls Prevention in Parkinson's,,,,,,Future Learn,,
Pathogen Genomics: A New Era in Global Health Surveillance and Strategy,,,,,,Future Learn,,
Working with People and Communities to Improve Health Outcomes,,,,,,Future Learn,,
Food and Mood: Improving Mental Health Through Diet and Nutrition,,,,,,Future Learn,,
Functional Neurological Disorder: A Healthcare Professional’s Guide,,,,,,Future Learn,,
Infant Nutrition: from Breastfeeding to Baby's First Solids,,,,,,Future Learn,,
Introduction to Nutritional Psychiatry: Nutri-Psyche,,,,,,Future Learn,,
Clinical Communication Skills For Healthcare Professionals,,,,,,Future Learn,,
Mpox: Understanding the Epidemiology and the Potential Threat,,,,,,Future Learn,,
The Foundation of Modern Dentistry,,,,,,Future Learn,,
Agriculture and Nutrition,,,,,,Future Learn,,
Become a Pharmacy Preceptor,,,,,,Future Learn,,
Clinical Pharmacokinetics: Dosing and Monitoring,,,,,,Future Learn,,
Evidence-Based Medicine in Clinical Pharmacy Practice,,,,,,Future Learn,,
Introduction to Nutrition and Food Safety,,,,,,Future Learn,,
Nutrition and Disease Prevention,,,,,,Future Learn,,
Nutrition: Eating to Live Well,,,,,,Future Learn,,
Pharmacokinetics: Drug Dosing in Renal Disease,,,,,,Future Learn,,
Pharmacotherapy: Understanding Biotechnology Products,,,,,,Future Learn,,
Heart Health: A Beginner's Guide to Cardiovascular Disease,,,,,,Future Learn,,
Introduction to Leadership for Personalised Care,,,,,,Future Learn,,
Nursing in Crisis? Exploring Current Challenges,,,,,,Future Learn,,
Understanding Systems Thinking in Healthcare,,,,,,Future Learn,,
A Journey Through Transfer Medicine,,,,,,Future Learn,,
Food and Nutrition: The Truth Behind Food Headlines,,,,,,Future Learn,,
"Food for Thought: The Relationship Between Food, Gut and Brain",,,,,,Future Learn,,
Introduction to Food Science,,,,,,Future Learn,,
Orthoptics: How to be a Brilliant Allied Health Professional,,,,,,Future Learn,,
Superfoods: Myths and Truths,,,,,,Future Learn,,
The Human Microbiome,,,,,,Future Learn,,
Understanding Mediterranean and Okinawa Diets,,,,,,Future Learn,,
Digital Health Essentials,,,,,,Future Learn,,
Genomic Technologies in Clinical Diagnostics: Molecular Techniques,,,,,,Future Learn,,
Genomic Technologies in Clinical Diagnostics: Next Generation Sequencing,,,,,,Future Learn,,
How to set up an Antimicrobial Stewardship Programme,,,,,,Future Learn,,
A Guide for Nurses on Meeting the Fundamental Care Needs of Patients in Hospital with COVID-19 and other Conditions,,,,,,Future Learn,,
Genomics in the NHS: A Clinician's Guide to Genomic Testing for Rare Disease,,,,,,Future Learn,,
A Beginner’s Guide to Healthy Eating,,,,,,Future Learn,,
Enteral Nutrition in Preterm Infants: ESPGHAN Recommendations,,,,,,Future Learn,,
Non-Invasive Prenatal Testing (NIPT): An Introduction for Healthcare Professionals,,,,,,Future Learn,,
Nutrition in the Health Sector,,,,,,Future Learn,,
Organ Donation: The Essentials for Healthcare Professionals,,,,,,Future Learn,,
Chinese Medicine: Treatise on Febrile Diseases Caused by Cold (Shang Han Lun),,,,,,Future Learn,,
Personalised Care: Peer Leadership Foundation - Step One,,,,,,Future Learn,,
Health and Safety in Veterinary Services,,,,,,Future Learn,,
Introduction to AI Applications in Pulmonary Medicine,,,,,,Future Learn,,
Veterinary Administration: Admission and Triage,,,,,,Future Learn,,
Veterinary Administration: Managing a Veterinary Practice,,,,,,Future Learn,,
Careers in the Veterinary Industry,,,,,,Future Learn,,
An Introduction to Nutrition and Healthy Living,,,,,,Future Learn,,
Basic First Aid for Animals and Pets,,,,,,Future Learn,,
"Introduction to Sport, Health, and Rehabilitation Sciences at University",,,,,,Future Learn,,
Causes of Human Disease: Exploring Cancer and Genetic Disease,,,,,,Future Learn,,
Causes of Human Disease: Nutrition and Environment,,,,,,Future Learn,,
Causes of Human Disease: Understanding Cardiovascular Disease,,,,,,Future Learn,,
Causes of Human Disease: Understanding Causes of Disease,,,,,,Future Learn,,
Exploring Anatomy: the Human Abdomen,,,,,,Future Learn,,
"Food Technology, Health and Safety",,,,,,Future Learn,,
Glaucoma: A Public Health Approach to Preventing Blindness,,,,,,Future Learn,,
Human Blood and Blood Functions,,,,,,Future Learn,,
MedTech: Digital Health and Wearable Technology,,,,,,Future Learn,,
MedTech: Exploring the Human Genome,,,,,,Future Learn,,
MedTech: Orthopaedic Implants and Regenerative Medicine,,,,,,Future Learn,,
Smart Screening for Prostate Cancer,,,,,,Future Learn,,
"Fibre, Fermentation & the Gut with BBC Good Food",,,,,,Future Learn,,
Finding the Body’s Balance: Understanding Homeostasis,,,,,,Future Learn,,
Healthy Vegan Cooking with BBC Good Food,,,,,,Future Learn,,
Special Diets: Cooking for Allergies and Intolerances with BBC Good Food,,,,,,Future Learn,,
Sweet Tooth: Understanding Sugar and the Body with BBC Good Food,,,,,,Future Learn,,
Academic Writing for Healthcare Students in Higher Education,,,,,,Future Learn,,
Introduction to Social Care: Understanding Informal Care,,,,,,Future Learn,,
Introduction to Social Care: What is Social Care?,,,,,,Future Learn,,
Introduction to Social Care: Working in Social Care,,,,,,Future Learn,,
Transporting Children with Disabilities and Medical Conditions,,,,,,Future Learn,,
Introduction to Using Total Intravenous Anaesthesia (TIVA),,,,,,Future Learn,,
Nutrition Science: Lifestyle Medicine,,,,,,Future Learn,,
Understanding the Impact of Stigma on Addiction Treatment,,,,,,Future Learn,,
Key Principles of Palliative Care,,,,,,Future Learn,,
Nutrition Science: Food Choice and Behaviour,,,,,,Future Learn,,
Occupational Safety and Health Hazards,,,,,,Future Learn,,
Physiotherapy Exercise and Physical Activity for Knee Osteoarthritis (PEAK - ESPAÑOL),,,,,,Future Learn,,
Risk Assessment and Management,,,,,,Future Learn,,
Nutrition Science: Obesity and Healthy Weight Loss,,,,,,Future Learn,,
Personal Trainer's Toolkit: Build an Outdoor Fitness Business,,,,,,Future Learn,,
"Personal Trainer's Toolkit: Building a Fitness Community, Client Retention for Trainers",,,,,,Future Learn,,
Personal Trainer's Toolkit: Client Onboarding and Fitness Testing,,,,,,Future Learn,,
Personal Trainer's Toolkit: Providing Nutritional Advice to Your Clients,,,,,,Future Learn,,
Personal Trainer's Toolkit: Workplace Health and Safety in a Fitness Setting,,,,,,Future Learn,,
Reversing Diabetes: Fact or Fiction?,,,,,,Future Learn,,
IBS Management: The Low FODMAP Diet,,,,,,Future Learn,,
Tackling Public Health Issues: Concepts and Evidence,,,,,,Future Learn,,
Urban Mobility for Liveability,,,,,,Future Learn,,
"From Swab to Server: Testing, Sequencing, and Sharing During a Pandemic",,,,,,Future Learn,,
Physiology: The Science of Life,,,,,,Future Learn,,
Paediatric Dentistry for Non-Specialists,,,,,,Future Learn,,
Clinical Bioinformatics: Unlocking Genomics in Healthcare,,,,,,Future Learn,,
Developing and Testing Complex Healthcare Interventions,,,,,,Future Learn,,
Medical Humanity: Engaging Patients and Communities in Healthcare,,,,,,Future Learn,,
Telemedicine: Tools to Support Growth Disorders in a Post-COVID Era,,,,,,Future Learn,,
Digital Health for Cancer Management: Smart Health Technologies in Complex Diseases,,,,,,Future Learn,,
Exploring the Landscape of Antibiotic Resistance in Microbiomes,,,,,,Future Learn,,
Train the Healthcare Trainer,,,,,,Future Learn,,
Airway Matters,,,,,,Future Learn,,
Dementia Inclusive Hospitals from a Universal Design Approach,,,,,,Future Learn,,
Digital Tools for Efficient Clinical Trials,,,,,,Future Learn,,
Introduction to Anatomy: Learning the Anatomical Alphabet,,,,,,Future Learn,,
Introduction to Randomised Controlled Trials,,,,,,Future Learn,,
Introduction to Nursing: The Role of Nurses Around the World,,,,,,Future Learn,,
Genomic Medicine: Harnessing the Power of the Human Genome,,,,,,Future Learn,,
Supporting Individuals with Health Conditions Into Work: The Role of the Clinical Team,,,,,,Future Learn,,
Understanding Brain Health: Preventing Dementia,,,,,,Future Learn,,
Mini Medical School: Hot Topics in Medical Science,,,,,,Future Learn,,
Assessment of the Newborn,,,,,,Future Learn,,
Future-proofing the Health Workforce,,,,,,Future Learn,,
Maternity Care: Building Relationships Really Does Save Lives,,,,,,Future Learn,,
How Artificial Intelligence Can Support Healthcare,,,,,,Future Learn,,
Quality Improvement in Healthcare: the Case for Change,,,,,,Future Learn,,
Retinopathy of Prematurity: Practical Approaches to Prevent Blindness,,,,,,Future Learn,,
Allergies: When the Immune System Backfires,,,,,,Future Learn,,
EduWeight:  Weight Management for Adult Patients with Chronic Disease,,,,,,Future Learn,,
Public Health Incidents Involving Lead,,,,,,Future Learn,,
Perioperative Medicine in Action,,,,,,Future Learn,,
Introduction to Health Research Ethics,,,,,,Future Learn,,
Why Do We Age? The Molecular Mechanisms of Ageing,,,,,,Future Learn,,
Becoming a Dentist,,,,,,Future Learn,,
Genetic Inheritance for the Pregnancy Pathway: A Practical Guide for Clinicians,,,,,,Future Learn,,
Introduction to Health and Medical Law,,,,,,Future Learn,,
Protecting Health Data in the Modern Age: Getting to Grips with the GDPR,,,,,,Future Learn,,
Human Factors in a Healthcare Environment,,,,,,Future Learn,,
Start Your Career as a Healthcare Professional: Online Work Related Learning,,,,,,Future Learn,,
Medicine Personal Statement Online Crash Course,,,,,,Future Learn,,
Mini Medical School: Introduction to Medical Science,,,,,,Future Learn,,
Introducción a la microbiología práctica,,,,,,Future Learn,,
"Introduction to Nursing: Bioscience, Psychology, and Sociology",,,,,,Future Learn,,
Study Medicine: Applying for Medical School and Becoming a Medical Student,,,,,,Future Learn,,
La Cécité dans le Monde: Planifier et Gérer les Services de Soins Oculaires,,,,,,Future Learn,,
The Role of Antifungal Stewardship,,,,,,Future Learn,,
Diabetic Eye Disease: Building Capacity To Prevent Blindness,,,,,,Future Learn,,
Eliminating Trachoma,,,,,,Future Learn,,
Global Blindness: Planning and Managing Eye Care Services,,,,,,Future Learn,,
Global Health Governance: Addressing Globalization and Health Inequities,,,,,,Future Learn,,
Introduction to Practical Microbiology,,,,,,Future Learn,,
Musculoskeletal Health: A Public Health Approach,,,,,,Future Learn,,
Intravenous to Oral Switch: Within Outpatient Parenteral Antibiotic Therapy (IVOST),,,,,,Future Learn,,
OPAT: Outpatient Parenteral Antimicrobial Therapy,,,,,,Future Learn,,
Antimicrobial Stewardship in Wound Management,,,,,,Future Learn,,
ECG Assessment: an Introduction for Healthcare Providers,,,,,,Future Learn,,
Global Disability: Research and Evidence,,,,,,Future Learn,,
Antimicrobial Stewardship for Africa,,,,,,Future Learn,,
Antimicrobial Stewardship: Managing Antibiotic Resistance,,,,,,Future Learn,,
Fungal Diagnostics in Critically Ill Patients,,,,,,Future Learn,,
"Preparing for an International Health Elective: Exploring Global Health, Ethics and Safety",,,,,,Future Learn,,
Understanding Epilepsy and its Neuropsychology,,,,,,Future Learn,,
Virtual Work Experience and Exploring the Veterinary Profession,,,,,,Future Learn,,
Procalcitonin: PCT as a Biomarker for Antimicrobial Stewardship,,,,,,Future Learn,,
Basic First Aid: How to Be an Everyday Hero,,,,,,Future Learn,,
Critical Appraisal Techniques for Healthcare Literature,,,,,,Future Learn,,
TARGET Antibiotics – Prescribing in Primary Care,,,,,,Future Learn,,
Infection Prevention for Vulnerable Patients,,,,,,Future Learn,,
Uso racional de antibióticos en el tratamiento de heridas,,,,,,Future Learn,,
Antimicrobial Stewardship in Veterinary Practice,,,,,,Future Learn,,
The Genomics Era: the Future of Genetics in Medicine,,,,,,Future Learn,,
Utilising Social Science and Behaviour Change in Antimicrobial Stewardship Programmes: Improving Healthcare,,,,,,Future Learn,,
Introduction to Critical Care Medicine,,,,,,Future Learn,,
Tackling Antibiotic Resistance: What Should Dental Teams Do?,,,,,,Future Learn,,
Premiers secours Psychologiques: Version pour l’Afrique,,,,,,Future Learn,,
Small and Mighty: Introduction to Microbiology,,,,,,Future Learn,,
"eHealth: Combining Psychology, Technology, and Health",,,,,,Future Learn,,
Nanotechnology for Health: Innovative Designs for Medical Diagnosis,,,,,,Future Learn,,
Public Health and Nursing: Building a Culture of Health,,,,,,Future Learn,,
Public Health and Nursing: Drive Public Health Promotion,,,,,,Future Learn,,
Public Health and Nursing: Feeling the Community’s Pulse,,,,,,Future Learn,,
Public Health and Nursing: Healing the Community,,,,,,Future Learn,,
Public Health and Nursing: The Greatest Wealth is Health,,,,,,Future Learn,,
Genomic Medicine: Transforming Patient Care in Diabetes,,,,,,Future Learn,,
Getting Ahead in Health Services: Healthcare Management and Leadership Principles,,,,,,Future Learn,,
Inside Cancer: How Genes Influence Cancer Development,,,,,,Future Learn,,
Leadership Training in Healthcare: How to Build Resilience and Personal Development,,,,,,Future Learn,,
Modern Leadership Styles: What Makes a Good Leader in Healthcare Management,,,,,,Future Learn,,
Team Building in Healthcare: How to Manage and Mentor a High Performing Team,,,,,,Future Learn,,
You as a Healthcare Leader: Effective Leadership in Health Services,,,,,,Future Learn,,
An Introduction to Radiation Oncology: From Diagnosis to Survivorship,,,,,,Future Learn,,
Introduction to Breastfeeding for Medical Students,,,,,,Future Learn,,
Building Alliances in Global Health: From Global Institutions to Local Communities,,,,,,Future Learn,,
Making Babies in the 21st Century,,,,,,Future Learn,,
Supporting Physical Development in Early Childhood,,,,,,Future Learn,,
"Improving the Health of Women, Children and Adolescents: from Evidence to Action",,,,,,Future Learn,,
Ageing and The Brain: The Impact of Neurodegenerative Diseases,,,,,,Future Learn,,
Mouth Care Matters,,,,,,Future Learn,,
Genomic Medicine and Research: A Community Approach,,,,,,Future Learn,,
Introduction to Health Technology Assessment,,,,,,Future Learn,,
"Planning and Managing Global Health Programmes: Promoting Quality, Accountability, and Equity",,,,,,Future Learn,,
Journey to birth,,,,,,Future Learn,,
The Role of Personal Assistants in Disability Support,,,,,,Future Learn,,
Discover Dentistry,,,,,,Future Learn,,
Health Technology Assessment: Choosing Which Treatments Get Funded,,,,,,Future Learn,,
Measuring and Valuing Health,,,,,,Future Learn,,
The Musculoskeletal System: The Science of Staying Active into Old Age,,,,,,Future Learn,,
Global Health and Disability,,,,,,Future Learn,,
Improving Health Assessments for People with an Intellectual Disability,,,,,,Future Learn,,
La Salud de la Mujeres en el Postparto,,,,,,Future Learn,,
Women’s Health After Motherhood,,,,,,Future Learn,,
Aging Populations: Lessons In Healthy Aging From Japan,,,,,,Future Learn,,
Why Biology Matters: The Genome and You,,,,,,Future Learn,,
Exercise Prescription for the Prevention and Treatment of Disease,,,,,,Future Learn,,
Addressing Violence Through Patient Care,,,,,,Future Learn,,
COVID-19: Effective Nursing in Times of Crisis,,,,,,Future Learn,,
Liver Disease: Looking after Your Liver,,,,,,Future Learn,,
Liver Transplant: the Ins and Outs,,,,,,Future Learn,,
Irish 105: An Introduction to Irish Language and Culture,,,,,,Future Learn,,
Irish 204: Irish Language and Culture for Adults,,,,,,Future Learn,,
Railway History: The Rise of the Railway Station,,,,,,Future Learn,,
"Historic Landscape Archaeology: Approaches, Methods and Beneficiaries",,,,,,Future Learn,,
Irish 104: An Introduction to Irish Language and Culture,,,,,,Future Learn,,
Irish 203: Irish Language and Culture for Adults,,,,,,Future Learn,,
"The Scottish Highland Clans: Origins, Decline and Transformation",,,,,,Future Learn,,
Rome: A Virtual Tour of the Ancient City,,,,,,Future Learn,,
Irish 103: An Introduction to Irish Language and Culture,,,,,,Future Learn,,
Irish 202: Irish Language and Culture for Adults,,,,,,Future Learn,,
Great South Land: Introducing Australian History,,,,,,Future Learn,,
Change of Era: The Origins of Christian Culture through the Lens of Archaeology,,,,,,Future Learn,,
Genetic Genealogy: Researching your Family Tree using DNA,,,,,,Future Learn,,
Cultural Heritage and the City,,,,,,Future Learn,,
Forensic Archaeology and Anthropology,,,,,,Future Learn,,
British Germanophobia During WW1: 'The Enemy at Home',,,,,,Future Learn,,
Preparing for Further Study in Mathematics,,,,,,Future Learn,,
"Biodiversity, Guardianship, and the Natural History of New Zealand: A Museum Perspective",,,,,,Future Learn,,
Dead Interesting: Uncovering Roman Britain in Old Museum Collections,,,,,,Future Learn,,
West Indies Cricket: Our Story,,,,,,Future Learn,,
Archaeology: from Dig to Lab and Beyond,,,,,,Future Learn,,
Exploring Stone Age Archaeology: The Mysteries of Star Carr,,,,,,Future Learn,,
Archéologie en danger : Utiliser la télédétection pour protéger le patrimoine culturel,,,,,,Future Learn,,
Endangered Archaeology: Using Remote Sensing to Protect Cultural Heritage,,,,,,Future Learn,,
Irish 101:  An Introduction to Irish Language and Culture,,,,,,Future Learn,,
From World War to White Heat: the RAF in the Cold War,,,,,,Future Learn,,
Enlightening the Dark Ages: Early Medieval Archaeology in Italy,,,,,,Future Learn,,
Lancaster Castle and Northern English History: The View from the Stronghold,,,,,,Future Learn,,
Photographing the Holocaust,,,,,,Future Learn,,
Country Houses and the British Empire: How Imperialism Transformed Britain’s Colonial Countryside,,,,,,Future Learn,,
"Zoroastrianism: History, Religion, and Belief",,,,,,Future Learn,,
Black Tudors: The Untold Story,,,,,,Future Learn,,
From Waterloo to the Rhine: The British Army 1815-1945,,,,,,Future Learn,,
Propaganda and Ideology in Everyday Life,,,,,,Future Learn,,
Accounting for Death in War: Separating Fact from Fiction,,,,,,Future Learn,,
Learning from the Past: A Guide for the Curious Researcher,,,,,,Future Learn,,
Black Agency: Resistance and Resilience,,,,,,Future Learn,,
U.S. Anti-Black Racism,,,,,,Future Learn,,
Early Modern Scottish Palaeography: Reading Scotland's Records,,,,,,Future Learn,,
Literature of the English Country House,,,,,,Future Learn,,
Empire: the Controversies of British Imperialism,,,,,,Future Learn,,
Archaeology and the Battle of Dunbar 1650: From the Scottish Battlefield to the New World,,,,,,Future Learn,,
"World War 1: Trauma, Memory, Controversy",,,,,,Future Learn,,
The Tudors,,,,,,Future Learn,,
The Book of Kells: Exploring an Irish Medieval Masterpiece,,,,,,Future Learn,,
The History of the Book in the Early Modern Period: 1450 to 1800,,,,,,Future Learn,,
Health and Wellbeing in the Ancient World,,,,,,Future Learn,,
Shakespeare: Print and Performance,,,,,,Future Learn,,
Preserving Norwegian Stave Churches,,,,,,Future Learn,,
Introduction to Quantum Computing,,,,,,Future Learn,,
Understanding the Internet,,,,,,Future Learn,,
Introduction to Plant Phenotyping Technologies,,,,,,Future Learn,,
Introduction to Machine Learning on AWS,,,,,,Future Learn,,
Introduction to Information Security Management,,,,,,Future Learn,,
Architecting Solutions on AWS,,,,,,Future Learn,,
Intermediate and Advanced Javascript,,,,,,Future Learn,,
Neurociencia y Metaverso,,,,,,Future Learn,,
Cybercrime Prevention and Protection,,,,,,Future Learn,,
Designing Human-Centred AI Products and Services,,,,,,Future Learn,,
A Beginner's Guide to Kubernetes for Container Orchestration,,,,,,Future Learn,,
A Beginner’s Guide to VCS and Git,,,,,,Future Learn,,
Introduction to Automated Testing Solutions using Python and Selenium WebDriver,,,,,,Future Learn,,
Hosting Simple Web Applications Using Amazon Lightsail,,,,,,Future Learn,,
Introduction to Bash Script Automation,,,,,,Future Learn,,
Test Automation Frameworks with Selenium WebDriver and Python,,,,,,Future Learn,,
Advanced Skills in Version Control with Git and GitHub,,,,,,Future Learn,,
Computer Science Essentials: Algorithms,,,,,,Future Learn,,
CCNA: Computer Networking Essentials,,,,,,Future Learn,,
Linux Operating System Essentials,,,,,,Future Learn,,
Selenium Automation Testing for Web Applications,,,,,,Future Learn,,
Google For Education: Staying Organised and Improving Communication,,,,,,Future Learn,,
Microsoft Future Ready: Developing Applications Using Javascript,,,,,,Future Learn,,
Data Visualisation with Tableau Fundamentals,,,,,,Future Learn,,
Data Visualisation: Creating Charts and Complex Visualisations in Tableau,,,,,,Future Learn,,
Being a Digital Researcher: Digital Skills for Effective Research,,,,,,Future Learn,,
AI for Legal Professionals (I): Law and Policy,,,,,,Future Learn,,
Anti-Racist Approaches in Technology,,,,,,Future Learn,,
Gender-Inclusive Approaches in Technology,,,,,,Future Learn,,
Supporting Diverse Innovation,,,,,,Future Learn,,
Practical: Cyber Investigator,,,,,,Future Learn,,
Mathematics for Computer Science: Essential Skills,,,,,,Future Learn,,
Literature in the Digital Age: from Close Reading to Distant Reading,,,,,,Future Learn,,
Apply Creative Machine Learning,,,,,,Future Learn,,
Create Expressive Videogames,,,,,,Future Learn,,
Mastering Classroom Management in English Language Teaching,,,,,,Future Learn,,
旅する書物：日本とヨーロッパの歴史のなかで,,,,,,Future Learn,,
How to Teach English Pronunciation,,,,,,Future Learn,,
How to Use Graded Readers in the English Language Classroom,,,,,,Future Learn,,
Introduction to Norwegian 2,,,,,,Future Learn,,
Understanding Multilingual Children's Language Development,,,,,,Future Learn,,
YCT Standard Course Level 1: Part A,,,,,,Future Learn,,
YCT Standard Course Level 1: Part B,,,,,,Future Learn,,
YCT Standard Course Level 2: Part A,,,,,,Future Learn,,
YCT Standard Course Level 2: Part B,,,,,,Future Learn,,
Key Principles and Practices of TESOL,,,,,,Future Learn,,
Introduction to Dutch,,,,,,Future Learn,,
Intermediate French: Jobs and Training,,,,,,Future Learn,,
Intermediate French: Leisure and Culture,,,,,,Future Learn,,
Intermediate French: Working in the French-Speaking World,,,,,,Future Learn,,
Let’s Learn Portuguese Language: Basic Conversation Skills,,,,,,Future Learn,,
Intermediate German: Countries and Landscapes,,,,,,Future Learn,,
Intermediate German: Festivals and Traditions,,,,,,Future Learn,,
Intermediate German: People and Lifestyles,,,,,,Future Learn,,
Let’s Learn Thai Language: Basic Conversation Skills,,,,,,Future Learn,,
Intermediate Spanish: Heritage and Popular Culture,,,,,,Future Learn,,
Intermediate Spanish: Leisure in Spanish-Speaking Countries,,,,,,Future Learn,,
"Intermediate Spanish: Literature, Cinema and the Visual Arts",,,,,,Future Learn,,
Understanding English Punctuation: Commonly used Punctuation Marks,,,,,,Future Learn,,
Introduction to Intercultural Studies: Crossing Borders,,,,,,Future Learn,,
Introduction to Intercultural Studies: Defining the Concept of Culture,,,,,,Future Learn,,
"Learn Spanish 1: Basics, meeting people and describing places",,,,,,Future Learn,,
Learn Spanish 2: People and their interests,,,,,,Future Learn,,
Learn Spanish 3: Time and Direct Object Pronouns,,,,,,Future Learn,,
"Learn Spanish 4: Spanish Prepositions, Adverbs, and Tenses",,,,,,Future Learn,,
Develop Your Academic Vocabulary for Study,,,,,,Future Learn,,
Learn Bahasa Melayu: Introduction to the Malay Language,,,,,,Future Learn,,
HSK Standard Course Level 2: 2.1,,,,,,Future Learn,,
Volunteering with Refugees,,,,,,Future Learn,,
Contemporary Chinese III:  3.2,,,,,,Future Learn,,
Contemporary Chinese III: 3.1,,,,,,Future Learn,,
Discover Chinese Drama: Understanding 'The Injustice to Dou E',,,,,,Future Learn,,
Fun in Korea: Useful Expressions and Cultural Information for Travellers,,,,,,Future Learn,,
"Safeguarding in Collaborative Research and International Development: Contexts, Challenges, and Opportunities",,,,,,Future Learn,,
The Qur'an Between Judaism and Christianity,,,,,,Future Learn,,
Intermediate French: Discovering Worlds of French,,,,,,Future Learn,,
Intermediate French: People and Places,,,,,,Future Learn,,
Intermediate French: Traditions and Celebrations,,,,,,Future Learn,,
Intermediate Spanish: Places and Travel,,,,,,Future Learn,,
Intermediate Spanish: Spanish for Education and Work,,,,,,Future Learn,,
Intermediate Spanish: The Worlds of Spanish,,,,,,Future Learn,,
Introduction to Frisian,,,,,,Future Learn,,
Learn Spanish: Survival Spanish for Beginners,,,,,,Future Learn,,
Introduction to Korean: 2,,,,,,Future Learn,,
Introduction to Korean,,,,,,Future Learn,,
Introduction to Italian,,,,,,Future Learn,,
Foundations of Portuguese for Global Communication,,,,,,Future Learn,,
Multilingual Learning for a Globalised World,,,,,,Future Learn,,
Academic Writing in English for ESL Learners,,,,,,Future Learn,,
Foundations of French for Global Communication,,,,,,Future Learn,,
Foundations of Spanish for Global Communication,,,,,,Future Learn,,
Introduction to Korean Philosophy,,,,,,Future Learn,,
Norwegian for Beginners 1,,,,,,Future Learn,,
The Korean Alphabet: An Introduction to Hangeul,,,,,,Future Learn,,
Norwegian for Beginners 2,,,,,,Future Learn,,
Norwegian for Beginners 3,,,,,,Future Learn,,
Environmental Challenges: Hierarchy in Property Rights,,,,,,Future Learn,,
Introduction to the Rule of Law,,,,,,Future Learn,,
"Religion and Sexual Wellbeing: Pleasure, Piety, and Reproductive Rights",,,,,,Future Learn,,
Fraud Investigation: Making a Difference,,,,,,Future Learn,,
"Human Rights, Ways of Life, and the Future",,,,,,Future Learn,,
What is International Human Rights Law?,,,,,,Future Learn,,
How Politics Works: From the Individual to an International Scale,,,,,,Future Learn,,
Tackling Modern Slavery: An Introduction,,,,,,Future Learn,,
Gender-Based Violence: Responding to Intimate Partner Violence and Abuse,,,,,,Future Learn,,
Introduction to Criminology,,,,,,Future Learn,,
Decoding Forensics for Legal Professionals,,,,,,Future Learn,,
Forensic Mental Health and Criminal Justice,,,,,,Future Learn,,
Jurisprudence: Introduction to the Philosophy of Law,,,,,,Future Learn,,
How to Become a Police Officer in England and Wales,,,,,,Future Learn,,
From Crime to Punishment: an Introduction to Criminal Justice,,,,,,Future Learn,,
Introduction to Studying Law,,,,,,Future Learn,,
Forensic Facial Reconstruction: Finding Mr. X,,,,,,Future Learn,,
How to Become a Lawyer,,,,,,Future Learn,,
Human Rights and International Criminal Law: An Introduction,,,,,,Future Learn,,
"William Wordsworth: Poetry, People and Place",,,,,,Future Learn,,
Samuel Johnson’s Rasselas: An Introduction,,,,,,Future Learn,,
Shakespeare: Context and Stagecraft,,,,,,Future Learn,,
Ecology and Wildlife Conservation,,,,,,Future Learn,,
Reducing Carbon Footprints: Taking Action for a Sustainable Future,,,,,,Future Learn,,
Chemical Engineering: Shaping a Sustainable Future,,,,,,Future Learn,,
Environmental Challenges: Scarcity and Conflict in the Natural Environment,,,,,,Future Learn,,
Environmental Challenges: Human Impact in the Natural Environment,,,,,,Future Learn,,
Environmental Challenges: Rights and Values in Ecosystem Services,,,,,,Future Learn,,
Climate and Energy: An Interdisciplinary Perspective,,,,,,Future Learn,,
"The Great Sustainability Transition: Global Challenges, Local Actions",,,,,,Future Learn,,
The Impacts of Tourism,,,,,,Future Learn,,
Openness in Science and Innovation,,,,,,Future Learn,,
Animal Feed Production: Feed Quality,,,,,,Future Learn,,
Animal Feed Production: Feed Safety,,,,,,Future Learn,,
Consumer and Environmental Safety: Food Packaging and Kitchenware,,,,,,Future Learn,,
Engaging with Controversies in the Food System,,,,,,Future Learn,,
How Food is Made. Understanding Food Processing Technologies,,,,,,Future Learn,,
Improving Food Production with Agricultural Technology and Plant Biotechnology,,,,,,Future Learn,,
"Life on Land: Ecology, Evolution, Challenges, and Solutions",,,,,,Future Learn,,
Revolutionising the Food Chain with Technology,,,,,,Future Learn,,
The Regenerative Agriculture Revolution,,,,,,Future Learn,,
Trust in Our Food: Understanding Food Supply Systems,,,,,,Future Learn,,
Understanding Food Labels,,,,,,Future Learn,,
Smart Urban Green Infrastructure,,,,,,Future Learn,,
Transit-Oriented Development for Climate Mitigation in Urban Centres,,,,,,Future Learn,,
Changing Urban Travel Behaviour for a Low-Carbon Transition,,,,,,Future Learn,,
Electric Mobility in the Age of Climate Change,,,,,,Future Learn,,
Blue Tomorrow: Understanding the Blue Economy,,,,,,Future Learn,,
Ore Geology: In the Epicentre of the Fossil-Free Energy Transition,,,,,,Future Learn,,
Building Pathology: The Science Behind Why Buildings Fail,,,,,,Future Learn,,
Extinctions: Past and Present,,,,,,Future Learn,,
Sustainable Transport in the UK,,,,,,Future Learn,,
Circular Economy: The Big Idea,,,,,,Future Learn,,
Spatial Circularity Strategies: Introduction,,,,,,Future Learn,,
A Nutritional Approach to Agriculture and Food Security,,,,,,Future Learn,,
The Basis of Life: Understanding Human Cells,,,,,,Future Learn,,
How to Address Global Challenges Through Multidisciplinary Research,,,,,,Future Learn,,
Environmental Management: A Bottom-Up Approach to Policy Implementation,,,,,,Future Learn,,
Poultry Health,,,,,,Future Learn,,
Soil Science: Exploring the World Beneath our Feet,,,,,,Future Learn,,
Gender and Development,,,,,,Future Learn,,
Understanding Human Behaviour: Introduction to Game Theory and Shared Resources,,,,,,Future Learn,,
Additive Manufacturing in the Industry: Impact on Sustainability,,,,,,Future Learn,,
Bringing Urban Nature Into the Cities of Tomorrow,,,,,,Future Learn,,
Snow: What It Is and Why It Matters,,,,,,Future Learn,,
"Development and Planning in African Cities: Exploring theories, policies and practices from Sierra Leone",,,,,,Future Learn,,
How Plants Grow: The Essentials,,,,,,Future Learn,,
How to Grow Healthy Plants,,,,,,Future Learn,,
Valuing Nature: Should We Put a Price on Ecosystems?,,,,,,Future Learn,,
Exploring Sustainable Living and Loving with Mogli,,,,,,Future Learn,,
Global Prosperity Beyond GDP,,,,,,Future Learn,,
Grand Challenges: Food for Thought,,,,,,Future Learn,,
Technology Metals for a Green Future,,,,,,Future Learn,,
An Introduction to the Principles of Microeconomics,,,,,,Future Learn,,
Make Change Happen,,,,,,Future Learn,,
Cultural Diplomacy,,,,,,Future Learn,,
Conception du programme pour les enfants associés aux forces et aux groupes armés (EAFGA),,,,,,Future Learn,,
Diseño del Programa para Niños vinculados a fuerzas y grupos armados,,,,,,Future Learn,,
Inclusive Mobility for an Ageing Population,,,,,,Future Learn,,
Cultural Diversity and the City,,,,,,Future Learn,,
Migration and Cities,,,,,,Future Learn,,
Practical Skills for Teaching Inclusive History: CARGO Classroom,,,,,,Future Learn,,
"Religion, Radicalisation, Resilience",,,,,,Future Learn,,
Programme Design for Children Associated with Armed Forces and Armed Groups (CAAFAG),,,,,,Future Learn,,
Cultures and Identities in Europe,,,,,,Future Learn,,
Introduction to Political Systems and Power in the UK and USA,,,,,,Future Learn,,
Object-Based Learning (OBL) in the Cultural Heritage Sector of Aotearoa New Zealand,,,,,,Future Learn,,
"People, Power, and Politics: Influencing Political Decision-Makers on Human Rights",,,,,,Future Learn,,
Understanding Politics,,,,,,Future Learn,,
"Drugs, Peace, and Development: Rethinking Policy",,,,,,Future Learn,,
Why Do People Migrate? Theories,,,,,,Future Learn,,
Logic: The Language of Truth,,,,,,Future Learn,,
Understanding and Solving Poverty and Inequality,,,,,,Future Learn,,
Communicative Planning for Urban Mobility,,,,,,Future Learn,,
Creating Meaningful and Inclusive Museum Practices,,,,,,Future Learn,,
"Working Supportively With Refugees: Principles, Skills and Perspectives",,,,,,Future Learn,,
Exploring Intersectionality and What Makes You Unique with Kiddy Smile,,,,,,Future Learn,,
The Politics of Economics and the Economics of Politicians,,,,,,Future Learn,,
Teaching Black British History: A Teacher Training Guide,,,,,,Future Learn,,
"Migration, Mobilities and Citizenship",,,,,,Future Learn,,
Understanding Gender Inequality,,,,,,Future Learn,,
Next Generation Biosecurity: Responding to 21st Century Biorisks,,,,,,Future Learn,,
"Why Religion Matters: Religious Literacy, Culture and Diversity",,,,,,Future Learn,,
Global Ethics: An Introduction,,,,,,Future Learn,,
The European Union: Crisis and Recovery,,,,,,Future Learn,,
Population 10 Billion: Researching Global Issues,,,,,,Future Learn,,
Gender Representation in the Media,,,,,,Future Learn,,
Challenging Wealth and Income Inequality,,,,,,Future Learn,,
Learning Online: Managing Your Online Identity,,,,,,Future Learn,,
Kickstart Your Endurance Training,,,,,,Future Learn,,
Measure Your Endurance Training,,,,,,Future Learn,,
Sustaining Your Endurance Training,,,,,,Future Learn,,
Social and Emotional Development: Supporting Teenage Wellbeing,,,,,,Future Learn,,
Building Self-Awareness and Reflection with Your Family for Career Success,,,,,,Future Learn,,
Pupillometry: The Eye as a Window Into the Mind,,,,,,Future Learn,,
Mindful Wellbeing for Teachers with Stress and Anxiety,,,,,,Future Learn,,
Core Managers; Inclusive Workplaces (Creating a Psychological Contract),,,,,,Future Learn,,
Infants & Toddlers care and education in an Aotearoa New Zealand context,,,,,,Future Learn,,
Batteries for the Energy Transition: Exploring the Sustainable Value Chain,,,,,,Future Learn,,
Mysteries Of The Universe,,,,,,Future Learn,,
Urban Stormwater Management in a Changing Climate,,,,,,Future Learn,,
Applications of Calculus,,,,,,Future Learn,,
STEM Teaching: Teaching Science Beyond The Boundaries,,,,,,Future Learn,,
Teaching Mathematics: Demystifying Statistics and Probability,,,,,,Future Learn,,
Discovering Science: Science Writing,,,,,,Future Learn,,
Introduction to Generating Functions for A-Level Maths Students,,,,,,Future Learn,,
Getting Started with Teaching Data Science in Schools,,,,,,Future Learn,,
Laser Powder Bed Fusion: Optimising LPBF Parameters,,,,,,Future Learn,,
Makerspaces for Creative Learning,,,,,,Future Learn,,
Introduction to Mathematical Methods for University-Level Science,,,,,,Future Learn,,
Flexagons Galore: Advanced Flexagon Fun,,,,,,Future Learn,,
"Advanced Precalculus: Geometry, Trigonometry and Exponentials",,,,,,Future Learn,,
Combinatorics: Strategies and Methods for Counting,,,,,,Future Learn,,
Image Analysis Methods for Biologists,,,,,,Future Learn,,
"Precalculus: the Mathematics of Numbers, Functions and Equations",,,,,,Future Learn,,
Flexagons and the Math Behind Twisted Paper,,,,,,Future Learn,,
"Maths Puzzles: Cryptarithms, Symbologies and Secret Codes",,,,,,Future Learn,,
"An Introduction to Recreational Math: Fun, Games, and Puzzles",,,,,,Future Learn,,
Critical Thinking at University: An Introduction,,,,,,Future Learn,,
Learning Online: Researching Your Project,,,,,,Future Learn,,
Learning Online: Studying and Reflecting,,,,,,Future Learn,,
Listening Skills to Succeed at University,,,,,,Future Learn,,
Preparing to Learn Online at University,,,,,,Future Learn,,
Skills to Succeed at University,,,,,,Future Learn,,
Next Steps to University: From Choosing A Course to Your First Assessment,,,,,,Future Learn,,
Study UK: Preparing for work,,,,,,Future Learn,,
Introduction to the Learning Through Play Experience Tool,,,,,,Future Learn,,
Academic Research Methodology for Master’s Students,,,,,,Future Learn,,
Geographic Information Systems (GIS) in the Built Environment,,,,,,Future Learn,,
Research Impact (ResPACT): Pathway to impactful projects,,,,,,Future Learn,,
Diverse Routes into Higher Education,,,,,,Future Learn,,
How to Use Data in Assessment for Learning,,,,,,Future Learn,,
A Parent and Supporter’s Guide to University Entry,,,,,,Future Learn,,
Your Essential Guide to University Life,,,,,,Future Learn,,
Skills for Higher Learning: Introduction to Academic Reading and Writing,,,,,,Future Learn,,
Supporting You with Your University Interview,,,,,,Future Learn,,
Discovering Your PhD Potential: Writing a Research Proposal,,,,,,Future Learn,,
Digital Skills Awareness for Starting Higher Education,,,,,,Future Learn,,
University Preparation Course: Getting Ready for Success at University,,,,,,Future Learn,,
Improving Your Study Techniques,,,,,,Future Learn,,
Introduction to Phenomenology and its Application in Qualitative Research,,,,,,Future Learn,,
Returning to Education as a Mature Student,,,,,,Future Learn,,
Preparing for PTE Academic,,,,,,Future Learn,,
How to Succeed in Your EPQ: the Nuts and Bolts of Completing Your Project,,,,,,Future Learn,,
How to Succeed in Your Welsh Bacc: the Individual Project Essentials,,,,,,Future Learn,,
Developing Your Research Project,,,,,,Future Learn,,
Introduction to Digital Education,,,,,,Future Learn,,
Inside Digital Higher Education: Self-Assessment Guide for Educators,,,,,,Future Learn,,
How to Develop a Personal Teaching Philosophy in Higher Education,,,,,,Future Learn,,
Guided Case Study of an English Language Learner,,,,,,Future Learn,,
Motivating Gen Z Learners: What Parents and Teachers Need to Know,,,,,,Future Learn,,
Inclusive Learning with Microsoft Accessibility Tools,,,,,,Future Learn,,
Manage and Create Documents in Microsoft 365,,,,,,Future Learn,,
Introduction to HyFlex Learning and Teaching,,,,,,Future Learn,,
How to Create an Effective Online Learning Environment,,,,,,Future Learn,,
How to Facilitate a Learner Centred Online Learning Environment,,,,,,Future Learn,,
Know Your Learners: Visualising Learning in Education,,,,,,Future Learn,,
Aprendizaje a través del Juego con los LEGO® Braille Bricks,,,,,,Future Learn,,
Adult Education Essentials: Assessment for Learning Principles and Practices,,,,,,Future Learn,,
Adult Education Essentials: Student-Centred Course Design,,,,,,Future Learn,,
Adult Education Essentials: Student-Centred Delivery for Adult Learners,,,,,,Future Learn,,
Instructional Design: Course Development,,,,,,Future Learn,,
Instructional Design: Course Planning and Pedagogy,,,,,,Future Learn,,
Instructional Design: Educational Media,,,,,,Future Learn,,
Instructional Design: Facilitation Skills,,,,,,Future Learn,,
Understanding Inclusive Education: Children’s Individuality,,,,,,Future Learn,,
Understanding Inclusive Education: Current Approaches,,,,,,Future Learn,,
Understanding Inclusive Education: The Evolving Landscapes,,,,,,Future Learn,,
Decolonising Education: From Theory to Practice,,,,,,Future Learn,,
Post Graduate Program in Cloud Computing,,,,,,Simplilearn,,
Gain Your Data Analytics Certificate With Purdue And IBM,,,,,,Simplilearn,,
Advanced Digital Transformation Course with Purdue,,,,,,Simplilearn,,
Professional Certificate Program in Ethical Hacking and Penetration Testing,,,,,,Simplilearn,,
Build a Rewarding Career with a Blockchain Developer Course,,,,,,Simplilearn,,
Post Graduate Program in DevOps,,,,,,Simplilearn,,
Ranked No.1 Data Science Program by Economic Times,,,,,,Simplilearn,,
Post Graduate Program in Business Analysis,,,,,,Simplilearn,,
Post Graduate Program in Digital Marketing,,,,,,Simplilearn,,
Post Graduate Program in Full Stack Web Development,,,,,,Simplilearn,,
Post Graduate Program in AI and Machine Learning,,,,,,Simplilearn,,
Build a Rewarding Career with a Digital Supply Management Course,,,,,,Simplilearn,,
Professional Certification in Product Management,,,,,,Simplilearn,,
IMT Ghaziabad Digital Marketing Program,,,,,,Simplilearn,,
AI & Machine Learning Bootcamp,,,,,,Simplilearn,,
Ranked #1 Artificial Intelligence Course by Career Karma,,,,,,Simplilearn,,
Elevate Your Career With Business Analytics Certification,,,,,,Simplilearn,,
Caltech Post Graduate Program in Data Science,,,,,,Simplilearn,,
Business Analytics Bootcamp,,,,,,Simplilearn,,
Boost Your Career With Project Management Certification,,,,,,Simplilearn,,
Post Graduate Program in Lean Six Sigma,,,,,,Simplilearn,,
Boost Your Career With A Data Engineering Certificate Program,,,,,,Simplilearn,,
Post Graduate Program in Cyber Security,,,,,,Simplilearn,,
Build a Rewarding Career With Business Analytics Program,,,,,,Simplilearn,,
Advanced Executive Program in Cybersecurity,,,,,,Simplilearn,,
Master Of Business Administration (MBA),,,,,,Simplilearn,,
AI for Decision Making: Business Strategies and Applications,,,,,,Simplilearn,,
Caltech Cloud Computing Bootcamp,,,,,,Simplilearn,,
Advanced Certification in UI UX Design,,,,,,Simplilearn,,
Caltech Coding Bootcamp,,,,,,Simplilearn,,
HR Analytics: Unlocking Human Capital,,,,,,Simplilearn,,
Executive Certificate Program in General Management,,,,,,Simplilearn,,
UI UX Bootcamp,,,,,,Simplilearn,,
MS in Artificial Intelligence,,,,,,Simplilearn,,
Professional Certificate Course in Data Analytics,,,,,,Simplilearn,,
Professional Certificate in Brand Strategy,,,,,,Simplilearn,,
Caltech - UI UX Bootcamp,,,,,,Simplilearn,,
Executive Leadership Principles Program,,,,,,Simplilearn,,
Best Data Science Course in India,,,,,,Simplilearn,,
Caltech Cybersecurity Bootcamp,,,,,,Simplilearn,,
Purdue Digital Marketing Bootcamp,,,,,,Simplilearn,,
Master in Management,,,,,,Simplilearn,,
Data Science for Business Decisions,,,,,,Simplilearn,,
Master in Engineering Management,,,,,,Simplilearn,,
Data Science Bootcamp,,,,,,Simplilearn,,
UMass Amherst Digital Marketing Bootcamp,,,,,,Simplilearn,,
Product Management Bootcamp,,,,,,Simplilearn,,
Professional Certificate Course in Data Engineering,,,,,,Simplilearn,,
Professional Certificate Course in AI and Machine Learning,,,,,,Simplilearn,,
Online MBA course: University of New Haven,,,,,,Simplilearn,,
Data Analytics Bootcamp,,,,,,Simplilearn,,
Data Scientist,,,,,,Simplilearn,,1099.0
Data Analyst,,,,,,Simplilearn,,1099.0
Digital Project Manager,,,,,,Simplilearn,,1949.0
AWS Cloud Architect,,,,,,Simplilearn,,855.0
PMP® Plus,,,,,,Simplilearn,,1199.0
Business Analyst,,,,,,Simplilearn,,1497.0
Cloud Architect,,,,,,Simplilearn,,1249.0
PMP® Renewal Pack Bundle: Earn 60 PDUs,,,,,,Simplilearn,,534.0
Artificial Intelligence Engineer,,,,,,Simplilearn,,1069.0
DevOps Engineer,,,,,,Simplilearn,,1069.0
Azure Cloud Architect,,,,,,Simplilearn,,962.0
Big Data Engineer,,,,,,Simplilearn,,1069.0
Lean Six Sigma Expert,,,,,,Simplilearn,,694.0
Azure DevOps Solutions Expert,,,,,,Simplilearn,,1604.0
Cyber Security Expert,,,,,,Simplilearn,,1390.0
Digital Marketing Specialist,,,,,,Simplilearn,,1049.0
Full Stack Developer - MEAN Stack,,,,,,Simplilearn,,1069.0
ITIL 4 Managing Professional,,,,,,Simplilearn,,4600.0
UI/UX Design Expert,,,,,,Simplilearn,,1400.0
Automation Test Engineer,,,,,,Simplilearn,,1099.0
PMP® Certification Training Course,,,,,,Simplilearn,,799.0
SQL Certification Training Course,,,,,,Simplilearn,,534.0
Tableau Certification Training Course,,,,,,Simplilearn,,855.0
Data Science with R Certification Course,,,,,,Simplilearn,,748.0
ASM Certification Training Course,,,,,,Simplilearn,,949.0
Data Science with Python Course,,,,,,Simplilearn,,699.0
Green Belt Certification Training Course,,,,,,Simplilearn,,199.0
Big Data Hadoop Certification Training Course,,,,,,Simplilearn,,748.0
AWS Developer Associate Certification Training,,,,,,Simplilearn,,427.0
Certified ScrumMaster® (CSM) Certification Training Course,,,,,,Simplilearn,,
Deep Learning Course (with Keras & TensorFlow) Certification Training,,,,,,Simplilearn,,855.0
Power BI Certification Training Course,,,,,,Simplilearn,,748.0
CCBA® Certification Training,,,,,,Simplilearn,,
CBAP® Certification Training Course,,,,,,Simplilearn,,159.0
AWS Solutions Architect Certification Training Course,,,,,,Simplilearn,,249.0
PRINCE2® Foundation and Practitioner Certification Training,,,,,,Simplilearn,,1079.0
PMI-ACP® Certification Training Course,,,,,,Simplilearn,,
AWS SysOps Associate Certification Training,,,,,,Simplilearn,,1284.0
ITIL® 4 Foundation Certification Training Course,,,,,,Simplilearn,,695.0
Lean Management Certification Training Course,,,,,,Simplilearn,,
Advanced Mobile Marketing Certification Training,,,,,,Simplilearn,,
CI/CD Pipelines with Jenkins Certification Training Course,,,,,,Simplilearn,,748.0
Java Certification Training Course,,,,,,Simplilearn,,320.0
CISSP Certification Training Course,,,,,,Simplilearn,,427.0
PMI-PgMP® Certification Training,,,,,,Simplilearn,,149.0
CEH v12 - Certified Ethical Hacking Course,,,,,,Simplilearn,,1069.0
Advanced Website Conversion Rate Optimization Certification Training,,,,,,Simplilearn,,
Advanced Pay Per Click (PPC) Certification Training,,,,,,Simplilearn,,
AWS Data Analytics Certification Training Course,,,,,,Simplilearn,,
TOGAF® 9 Combined Level 1 and Level 2 Training Course,,,,,,Simplilearn,,1299.0
Python Certification Course,,,,,,Simplilearn,,534.0
CAPM® Certification Training Course,,,,,,Simplilearn,,
Microsoft Certified Azure Administrator Associate AZ-104 Training Course,,,,,,Simplilearn,,534.0
CISA Certification Training Course,,,,,,Simplilearn,,2799.0
Apache Spark and Scala Certification Training,,,,,,Simplilearn,,
Introduction to Robotic Process Automation Course,,,,,,Simplilearn,,
Certified Scrum Product Owner (CSPO) Certification Training,,,,,,Simplilearn,,
COBIT® 2019 Certification Training,,,,,,Simplilearn,,748.0
CCSP Certification,,,,,,Simplilearn,,990.0
Salesforce Certification - Administrator & App Builder Course,,,,,,Simplilearn,,349.0
Introduction to Business Analysis,,,,,,Simplilearn,,320.0
Angular Certification Training Course,,,,,,Simplilearn,,320.0
Salesforce Administrator Certification Training Course,,,,,,Simplilearn,,129.0
Node.js Certification Training,,,,,,Simplilearn,,
Salesforce Platform App Builder Certification Training,,,,,,Simplilearn,,129.0
Search Engine Optimization (SEO) Training Course,,,,,,Simplilearn,,427.0
Advanced Social Media Certification Training Course,,,,,,Simplilearn,,
CISM Certification Training,,,,,,Simplilearn,,855.0
PRINCE2 Agile Certification Training,,,,,,Simplilearn,,1125.0
Leading SAFe® 6 Training with SAFe Agilist Certification,,,,,,Simplilearn,,
CompTIA Security+ (Plus) Certification - SY0-601 Exam Training,,,,,,Simplilearn,,1069.0
Professional Scrum Master (PSM) Certification Training,,,,,,Simplilearn,,
Administering Windows Server 2012 - R2 Certification Training,,,,,,Simplilearn,,159.0
PMP® Exam Practice Test,,,,,,Simplilearn,,149.0
Professional Scrum Product Owner (PSPO) Certification Training,,,,,,Simplilearn,,
Introduction to IoT Training Course,,,,,,Simplilearn,,427.0
"ITIL® 4 Strategist: Direct, Plan, and Improve",,,,,,Simplilearn,,1149.0
.NET Programming,,,,,,Simplilearn,,534.0
ITIL® 4 Specialist: Drive Stakeholder Value Course,,,,,,Simplilearn,,1149.0
SAFe Product Owner/Product Manager (POPM) Certification Training,,,,,,Simplilearn,,
"ITIL 4 Specialist: Create, Deliver and Support",,,,,,Simplilearn,,1149.0
ITIL® 4 Specialist: High Velocity IT Course,,,,,,Simplilearn,,1149.0
SAFe® 6 Scrum Master (SSM) Certification Training,,,,,,Simplilearn,,
Professional Scrum Master™ (PSM) II Certification Training Course,,,,,,Simplilearn,,
UMN,,,,,,Simplilearn,,
Kanban Management Professional-1 (KMP-1) Kanban System Design Certification Course,,,,,,Simplilearn,,
Selenium Certification Training,,,,,,Simplilearn,,
Digital Strategy for Brand Marketing Course,,,,,,Simplilearn,,962.0
Full Stack Development for Beginners,,,,,,Simplilearn,,
CSPO,,,,,,Simplilearn,,
Advanced Certified ScrumMaster® (A-CSM) Certification Training,,,,,,Simplilearn,,
Certified Scrum Developer(CSD) Certification Training,,,,,,Simplilearn,,
Certified Scrum Master,,,,,,Simplilearn,,
Salesforce Basics Course for Beginners,,,,,,Simplilearn,,
ICP-ACC (ICAgile Certified Agile Coaching) Certification Training Course,,,,,,Simplilearn,,
/irisprodflip456,,,,,,Simplilearn,,
Introduction to Industry 4.0,,,,,,Simplilearn,,
